200
-3776988 1737707 -2861011 3794524 4806228 -1770919 -3297830 1859434 -1668542 3964958 4003758 6178900 -3227174 5098052 1833578 4321855 8999198 -12118790 1721866 -9657047 4923929 -4063739 1537521 959226 4256858 -7568748 4154662 -950026 -2268226 -1847726 -774728 8229220 3312993 11922933 3762841 1386229 4823031 2524833 -1709935 -6255836 161773 -4082900 501132 2393255 -7828339 2064260 -1704080 -3943936 2630570 953599 -3215183 -2772620 8850995 -5025312 -1217416 -596694 1040662 -4352086 -4882692 -1757479 371804 -8293135 2707 3719511 4492874 1246010 3439443 -1411505 -6849841 -3884687 -3233324 5987422 805155 1652069 2239191 -1748795 1198653 -4233594 -4239014 -6034340 3384889 -7853283 2191814 2589384 5012005 -3590083 -558870 -2404340 -1214861 -611862 2623864 8603307 7028134 2703345 -7267832 318856 -231178 4323116 -6488122 -4488433 5467281 7679125 3234949 2765488 4522820 -2132207 -5419636 6580561 2136136 -841141 3241614 -3327574 5931 -1079197 3123635 -3959544 1180117 4345206 838558 2251799 -3254516 -6824079 7127563 -1157980 -554164 -3062785 2330781 3285343 -3744221 -270814 -2269012 -1033084 -2429535 1360678 1618782 10666779 1329915 -5282395 6793899 9784579 -8288811 -1607349 12318023 2471912 3475835 -9239112 6740405 -49758 7672738 -1302032 2858228 9457692 -8601890 -811336 -2769177 -1403500 5458540 -3454006 3461814 -19698 -2202718 12093034 -2541084 3741295 -5094658 -7589462 4069559 -7405005 -3395966 1021532 -312384 478005 -5937357 -2632086 -5995998 3340885 -4410700 -1083726 -715109 -7944351 313720 -860355 -2640350 -2130097 7893316 2861350 -3145111 -4311543 3651344 788477 2983156 4160450 838655 -400851 1429681 -6069014 3136654 -2876309 -5252841 -2007457
8610999 -4432913 -2409307 -2652512 -8787333 -292177 -2962112 -1934825 2814470 -2099735 3305741 4934524 4502779 3520134 -1660642 -658907 -2779800 -4668106 2932615 -6535131 3165656 -6968914 8152165 -6973792 1989205 3064816 -4312137 -2582279 253831 186136 -2551201 2695694 -7795881 -9359766 5797795 1093110 2482733 866911 6371379 -355967 4279256 1814939 3276254 -3271280 -1519728 -7440490 -8403280 -5389943 182047 1695197 -1596433 436138 -186291 199662 1302595 -2437155 3610967 4529555 -2896745 -5015718 -1864152 2900012 6234072 -5021893 -1319780 8695873 392002 -3515918 -387486 1478429 1814810 13560986 9387519 -3036528 1631026 2716836 1161865 -2842282 -1109614 13040346 528386 4072359 9601246 -1100035 8710265 1328874 -1730140 -221509 -2237816 -7029229 11012933 5843569 -2481054 1007513 619723 8229675 -529186 -1698328 1781892 4997270 -240043 3584476 168075 -5310679 -10161284 -5239052 1258741 227674 -948242 -5968583 8274965 -1653574 -751571 -6530356 -7674002 -7470187 4413755 3941655 -4746759 7082699 -4162063 2386112 -9520479 5299973 -3615931 3086985 2588459 433599 4526119 -5670614 -2843780 2675489 -5354111 -4326125 -4554963 7928707 -5693139 3551060 4185463 -1234213 -856846 -7169145 1438643 -7606723 -4964426 3520799 2098511 -2564915 -1578057 4866159 -2968206 -2921740 4253288 1458285 444879 6599015 -10400495 7552830 -7908202 1848146 -1695926 581935 2045466 7964922 2591082 5977414 -515790 482813 3022516 3201829 -6000675 -3381280 2838913 8172179 -9497976 -2200445 796935 -4524304 -7935056 596091 3318393 -2979643 4509601 -429062 -2150034 -2974228 -595004 988082 6532207 1382572 -2376304 729516 -2533532 2145320 2924804 -1263787 3424969 6258582 -3891441 -8980490
-7379783 4564294 3166261 3209454 3391624 2085649 7814221 -1121437 -4846041 1340447 947915 4117661 -1732541 2616321 2258189 5079503 2649448 1334531 -2836409 1120155 -3133389 -3926731 7034297 6983118 -4608330 835681 1456332 -3952611 -3255934 5310249 4724317 -2219942 -5707002 5979929 -6612045 -3497007 7759136 115271 1954244 -6380814 1565235 -4347877 1361585 -1619915 1506859 14538778 -2432930 5506504 -2724310 967633 1399223 3918742 -3022016 -4296186 -1945538 4701940 3040331 803518 4397215 -2381569 -409150 -3191001 -1836816 9556480 -42806 3727976 6431535 -6075133 -1226448 -4571168 5459489 1317598 -150445 8711269 3476576 1789313 4218267 -7037022 -10624582 3617989 2629028 -4919050 2370595 1776447 3051826 6911655 -2886511 -8414331 -278841 -2982269 -691170 -4499404 -3687431 6123612 6937753 713207 -1679739 -1036113 -3338760 6904878 2570239 -3338897 -74128 -9533151 -4408990 -1265055 -5485405 3712297 2200349 -8898884 -669896 -4687001 -10078925 1942479 -6315560 982869 4358940 -754736 7288831 820096 6936735 -5103042 1783532 4458799 2255492 -1299806 61229 -2729671 -4103678 4816045 -6398500 -7332684 -9344647 4356938 52937 -2669372 2839845 -5603671 -963585 9387680 4124995 -6710939 -102384 -5867892 7520431 -2869365 6284213 1540827 -9050150 1333545 3261098 7058547 3246709 305282 -399629 3021167 -1044762 -5342741 4726126 -4098157 -2608770 3117154 4645309 -2689491 -1336891 2428416 8867306 -7105972 15156476 5655268 -475321 7283363 -5016170 1124894 9533125 -3877503 -2784644 990209 -1276037 -4255990 -4943072 -4547529 3860590 14429516 3069032 7425893 3723923 -321881 -3061402 426405 -3573091 -9386185 3053208 1375280 1035736 -2328241 2769183 356908 4558456 -1750760
3830183 4300588 -1264370 2308196 522242 -1581276 -319972 -4288211 -6080097 -76712 -363922 -2642369 4834218 -6988905 -4651873 -2831647 -1240416 -5092275 -7273009 1193171 3480094 25516 -2189203 1234937 2576621 -3433776 -5881154 -291127 -3256643 -5940366 3324851 -3172078 -2880671 -3490602 10058467 -7682410 2425275 692414 2543678 1505608 -7389059 -6011890 -1406048 158274 -436019 -3838294 -6967744 -834266 -3149225 -2950663 -7572421 -2526371 -3277043 3476519 -851350 10859780 -4960867 -2309448 8207278 5832984 3171699 2745011 5721923 4428488 -2968638 -1946445 3285894 -3273567 -3901607 -4405958 1918983 -2896840 769095 -346064 -802034 -1834492 -209898 1297006 2300714 -2560039 -9229607 750868 -10141572 1251905 -1320114 137148 6234862 2369183 3914921 10089791 4448337 -177990 1953532 -3183938 6521480 9173125 4033213 2725211 1406915 1250918 4440574 -895000 -1291459 -236381 -1529895 1489693 4893674 941184 6680999 1778434 5097274 -4140812 -3482019 -4813716 3867476 -3106321 -6307410 7497478 1785928 -473635 5634158 -1302823 -3002609 3982588 -646105 10173644 -2169710 -3312160 -5364896 -9234532 4109419 534603 -8462168 12358251 5970493 -1212664 -3368843 -1442043 -254052 -1637765 -1814212 -346358 4395064 -5708867 2214103 3013943 4930826 -6274388 2029784 -790469 -821144 -1885185 -2164115 -3930456 509031 4947593 -3222508 -460388 1548255 5012335 -1617174 -3418788 6276846 269463 -4948083 -2000266 8521854 8259671 -2123262 -3114114 -1516868 -5032935 -1103303 566644 -271230 -10170685 2002774 1344947 2487345 2468959 10355347 -3891887 -7336064 -4112977 -1226233 2346898 5820464 1237731 3965776 2638718 4181638 4638832 511034 -2683836 5045852 -7370750 -1506568 10104916 -956132 4417335
-1161967 -6948711 5361343 -3430486 2314216 -1227465 21638 -3554437 2690608 -1280162 2203626 -1110199 -8186728 -2789859 1965008 -72366 7473212 2405802 6484803 -1738494 5167202 6553219 360066 -10207591 4104529 4349886 -5194697 -4954695 -5654119 903978 -5477879 3565385 8140591 1568617 -9144286 6907663 8558455 -1527239 -694174 -3624528 -2399651 276903 -1823423 -1917992 -1885773 -4226867 4826947 2389169 -7583848 -3655361 8153622 -4704469 3108260 -7005178 3185705 -2316031 16192756 -4979989 8659788 -3168014 -8512150 3025936 3614354 4709232 10372415 125975 -1990746 1436791 6519356 8116330 4567665 2913702 7073504 9024442 3186471 3203791 -5942773 2680421 -1402726 -5795809 -1114839 1077028 1056437 -14817026 -4213859 -5758877 -2429358 3559802 3339798 69916 -683940 478553 1760796 16175463 -409055 1609317 -5718849 786219 -5968090 7465656 2778941 5261812 -5094455 -4338682 -5414449 -540098 -3358129 2617727 -3569567 2612090 4041398 -3274409 -6591287 1124603 -33909 3151777 -1536773 -3354995 126659 -3156745 3280833 2516451 -1625418 1797717 2927945 -3961275 -6675692 -3064820 7946735 5361059 -7148601 988141 -137229 48872 -10736648 1170705 2686593 476183 3326777 -4412029 8012158 -1208736 -1474533 -4227155 8526314 -4163934 -4468368 6875372 -274033 1185223 1627683 -4593047 -2394553 -2016910 5287501 4571113 5397708 2819308 -2125792 822272 -4043697 1907929 1405099 -3676642 5119630 6352074 2696 205031 313153 5730645 106934 8520101 7759428 1318827 543647 90732 6298488 5170852 -11754210 6072991 -2683919 -5185303 6117687 1520361 -7114672 -3995080 3476777 3679361 585327 4285061 2735415 117274 -4843307 1226360 -2469413 -6653490 -1839361 -4403813 7040548 -255409
-3802661 -1838123 4007567 6466710 -1432485 -826544 -2313436 -1017279 4256287 1202002 -2539323 -6149685 -956723 12024500 6406202 -4162085 -916333 -6485648 3017622 -5996660 -2857211 -6717486 5961352 -3871245 -5809732 -5216332 398657 2505029 3548884 7275364 11593207 -2249182 -3744848 7889528 -932638 -2128126 5917195 2254620 -1488574 -5662904 -7469073 -3232856 4512300 6593083 -9943204 6609485 267593 432130 5745716 -3356804 -10837837 3140630 -1977002 3275882 2561860 -1955010 -9456036 -8024575 -1882757 5370186 -6175107 6638454 -5053225 1634330 3626107 7222604 -4351076 5104366 3877535 3233546 -8985974 464004 1906181 -3073666 342795 -1529675 3860955 -859667 -1686512 -2029242 1523458 3699028 397766 3492379 2698169 -1830636 4125124 1065693 -1908740 76920 -9722296 -1670563 1181280 3843956 -3128469 2713019 833131 2875317 544897 -3767443 217436 -1148120 200618 -2118832 2381390 -1775372 533728 3800461 7244808 6801617 2163966 531131 3558316 1302790 3308254 -5309990 -3441942 -2958099 2845688 4199430 3233379 8360282 310825 1994742 -4731602 -7886407 -1344382 -343407 602248 -10275961 2141376 -1689393 8057097 -681097 -2950037 6897200 1669614 -2526157 9165660 -1113710 -6244553 3456508 467221 3872593 -223636 -12115150 4290113 -2205728 6731340 -4911357 9999003 2660537 -677591 8546911 -8629838 4294843 -4845029 -393291 5881147 5839985 9031914 9665982 -9559438 -4267747 517204 -1751620 -3342784 -3094962 -5013466 465674 -2438882 -3728742 -2902591 -2726250 -9701789 -724601 1309365 -1978909 201781 2694366 5264968 2718644 2931236 448694 -9534671 1357111 -2829366 4281563 9841891 1385375 -7068016 1550425 -4444750 428347 -579290 2201048 -175873 2195010 -7134282 -3161715
3400738 -3027 3817159 -11338029 -7699256 -6151256 -2532809 -6250186 1159083 -6065620 -5197776 2510516 3932916 -6364778 1350618 3876125 -4330802 714219 -3617839 2757540 3753501 3828377 3486667 -4415854 -3032956 -768621 1593456 -5541324 146730 5176258 4301858 -3007621 -5520184 -4224191 4922476 165234 7332716 -2355265 6747431 -2864273 -4232337 1015565 -5783144 -9784419 2623515 -704191 394030 1026409 -951591 4129772 -296695 1472116 93230 4274292 4035691 -3560676 -3931591 -8264540 -1247130 1854428 2258053 4621983 5327976 -2474495 -8461031 -3388242 -764276 4674386 4205608 808538 -508670 -6231199 4456783 -716688 6095350 -2315359 604009 -6561392 2809626 -5060686 -4369293 4290832 -4080689 4142543 3000152 3999922 -2672193 -2474294 7522512 -856671 -826330 5718226 -5234851 -1151974 1207077 -3304232 -1059258 3954341 6084351 -9790413 907220 -4668913 -821216 3405348 -1548060 2090290 1337745 -284573 -10254769 -5631534 -679333 -4549479 5279522 3339297 8985105 -5224361 7517957 4359023 5839147 -5066292 117606 2053936 -936466 5069960 3303272 310397 3951587 6730263 -3500625 -3345108 -6633854 8370871 10164578 3082347 6594533 -7488491 -2164155 209940 -3531366 269547 3966277 9349732 -3646279 5050516 6415894 -3846944 3490706 3893187 12529318 -1181947 5409932 151590 -1647955 -1161175 -1408442 2106014 2992209 3560515 3319141 -1528413 -5843735 878124 2965236 2877926 -6755658 4462344 -5662568 5721870 -6926094 -2602978 4200471 -5834420 9816328 -9454251 -3145755 5032632 -5800560 9805489 4919791 23920 -126312 6361776 -3191037 -1689265 -3037214 4344434 4135803 -945653 4682678 -3495716 -3649576 -2681143 4879298 -1814997 -2324856 -1235669 -136870 5339596 -745833 -5537300
11259321 -5310298 3700630 445980 2425303 4662573 1205744 -5383081 -2188338 -1455260 7974835 9061820 5133907 6678378 4747472 3901488 -2478051 338563 -698346 3104095 12348074 415867 2316641 4994733 8793949 -1236828 -3523520 -13325907 2925156 5070064 520358 3543253 -2311299 241382 7142602 7610825 4927495 -2868805 6014033 -1927823 -6532464 -4965529 5883753 4009498 1000049 -4093265 1019139 4257451 -5209386 -3330515 -3786071 3838802 2101471 -7477966 6654429 -2494909 4802636 -5040066 3659402 7717775 403988 -4407421 6015166 7548552 -2164413 -3262506 -6099527 6647344 821664 -13318 -460525 3172985 2168270 91970 -2616409 2064197 13933 1602013 -1584562 -2268794 -4759132 -5542269 -2765374 -1968923 1753345 2774222 -554273 -935096 4114702 -5919341 -392553 -856673 8434911 781609 248137 -264731 3189041 400073 3343814 6138721 2380026 3820836 -8797225 -796189 4308707 -4422034 1692308 -7285798 3393757 -460571 -9023907 4850304 -4761372 -8287208 -8610195 -6085275 -2607379 2838587 147909 189339 2665860 -1655754 1668271 -852746 5433616 -6812321 -1418266 -9368905 -2571047 7536445 -8061596 -2391260 -3981849 2685760 -4812199 -363412 -3130495 -3765633 5007828 2342984 -5578577 630569 -3875461 -5535430 1054273 -4038417 19438 5028181 709331 1631187 -618388 -8615052 -3985976 7094275 -34235 1048036 108670 950918 -3144671 -4737449 3539821 -2126210 886442 5263359 -2734926 -5372583 3348553 3616273 978784 6866445 11222605 -3719758 645885 422216 -2201979 -4367933 2485683 6971056 -125752 4385516 1090159 -967817 -4096839 2217781 -604054 2840231 -1750759 -4530878 1570276 -5783071 5527434 3607024 1205803 2337048 319233 -129231 -2073785 -1344500 -3579752 -2464059
-3052207 2778452 -1255684 -6314561 5839168 -8447608 7292929 -4338436 520196 233756 663733 1798359 11123289 719772 3024917 -452916 -6810430 -2556221 57334 1450655 4565372 -4580961 -3146487 523729 -488921 -7210884 -1536867 -10951730 1296540 2771509 6906047 4020868 -4921574 -9557294 7695239 -11321 532219 854002 3717415 -3276997 1014219 4929706 239908 -3255331 1841214 -6056569 215482 2250622 -818758 -5593789 1041994 -3466129 -4210171 -5420149 254434 -1583346 -1084013 -4215886 -1883921 3408462 -5587221 -5210982 5781330 4076095 -1953644 -9395506 -9615123 1586611 6930025 -5495359 -5353584 4671873 602784 5555890 7546895 5267823 -8554145 -4144136 -1315219 2762261 329959 -4167379 -153772 3733668 -1886650 7746781 -4553829 6315751 5930650 -3361646 7081093 859172 -1080287 -4732266 4562474 -1336299 1029302 -1802070 4751496 -6957222 2719069 -11471185 8578980 -2364131 2383948 -8306102 -3854737 3449561 3978815 -153116 -206584 1727773 -4517149 1251331 2466131 -4874061 4300278 5672667 978488 -4070350 -5987786 -685380 14353020 -5278340 4629432 100673 -48583 -2181996 299152 -2469536 -492750 -7676904 -998043 -3508627 -5242663 -1927798 -1979932 -5138412 1131257 7062233 355194 93379 -6856217 113134 -241538 2466342 -4777779 -10749144 1142230 -792433 -2717250 -1040052 -8215778 -1345349 -744141 -2504467 6001297 3938488 1294085 2081237 -1632329 -1018408 -2444629 -1875219 -6009593 -2287486 -3024630 -4653691 2399401 -10008863 -10360807 -1586644 3339615 -2550004 -6009626 6345641 -4026663 4603974 -5226733 -4783845 -3231744 -3159841 88483 -1716617 -4331775 883188 -1751459 182189 -3986212 -6197957 -360565 1999863 2587742 796514 -506043 9308332 -1102167 -2514449 4400106 -2155995
-1863482 -2144156 -2112336 1285165 1437446 3375828 3608479 6623943 -5604209 1735361 -961265 3015336 2502179 9769996 -1126987 3232729 -230768 2808051 -5415046 -2828931 -2613729 -4242540 82213 -855479 -1644820 4345564 -5413334 -1792371 -942125 -915873 -411511 7871519 -8210005 6779615 -4516194 556192 4056971 5369824 2335009 3008356 1409859 567334 -1598547 5744539 -1440266 275192 -4144824 -3279659 -10859037 3982818 1050372 5753687 1661641 -5793390 -4194545 5608328 3840106 2773799 1123288 127156 640513 117004 3488596 -3873950 2018773 3347268 -3599465 -2076525 2652822 417993 -1455554 -688173 581859 -8947150 1158684 11440920 -2824250 -1843228 2280369 -3910341 676731 -4318749 -6185779 3746605 -1639083 1364472 265043 1928177 4676557 -722551 4336946 -5190510 3080816 -5279139 -1467266 -2846811 1664616 1897772 2880814 6801146 -1229807 -3440342 -2044619 -7370372 60426 3765974 -2427088 -10024796 224854 6670737 -851496 -95723 -5383036 -8463262 1212207 824720 -5676056 4292909 -204552 3135516 8748183 -4585359 -1083183 2380627 9951846 -383201 -3787558 -3373807 -3458303 -205207 -2352583 3740409 1084788 3811477 -2377446 -4632209 5020809 277987 -439991 5157901 3028975 -6224565 -110757 1085434 4203324 -4875673 -5336608 2809954 -13527421 -5282548 -5862639 -1554765 -2560916 -6891090 2273545 -6652540 13465834 -7224313 7412149 463293 -558250 -3074832 -2088460 373033 2449864 -2100416 -1531720 3153631 3620083 1825436 1917214 75071 4356622 3018639 10779819 -5419970 408015 -9189609 -608845 2157732 1675007 5526917 -273872 -1281172 5969759 1303792 2556777 -575831 -669727 -8278005 -4047080 -5198519 -1786774 -4681999 4310931 193852 -1661089 2028988 -2600853 -6053557
-2616695 -746516 -4652397 -466119 5041413 -4871954 -11877430 -1096252 607095 -575166 1274019 -7343103 -5669926 -4292070 -10148 -1877200 -669960 -9652322 9433075 -6530255 4206303 895181 -2723569 -13173450 -1506780 9279473 4948949 1255438 2073263 3541205 -3039703 -2137867 -2476888 -1244719 -2945552 8057779 287844 8001309 -2306030 -1337979 2542566 -5054534 -4149990 213591 -10025032 1022574 5135064 -4057032 3743222 3028639 4086789 396463 -3987623 6476011 1733397 5382959 1248682 -6117884 -6907322 -4391037 -5942857 2582033 -7509213 1315250 -112142 1439709 1154204 5836392 6459234 -499050 3928755 272093 -6718403 1059035 3753056 4030805 4333290 -3953867 -458010 -13142627 1689660 -833721 1532864 -2158308 -3589476 -1851039 943437 204914 6811341 5642343 -3262383 -1932074 -881862 6327487 -2326487 -1938152 -9518364 2084873 4987945 -801962 -2192476 -1104527 -4329153 -110057 4241356 -613908 -2230027 4403391 3266721 2515756 734415 -4324654 -7781786 3631048 9638553 -6977714 -8734666 -3580605 -6743211 3657542 -3122004 11604034 -138507 2928805 -237791 3152256 -5426185 9062543 359265 -3560928 6239698 4830741 -7634071 1558490 -4897862 3001883 -9860399 3083834 5350518 284846 6007702 -8730009 344912 8117772 2391836 1510233 -1057059 -3876456 -3304611 35022 6444086 -4690772 69255 2427125 4181030 11170133 -9032685 7555011 -2875866 3237301 6072023 -7837708 -3508694 -4871476 -329214 -1397672 -4042633 -87141 -1017144 -1024052 -7531344 -636756 9819616 -1662702 6080204 2212540 2179551 -12177458 5445271 641658 7548899 -2187811 -1045855 -4633353 -1797522 -1600894 -429102 -4374853 10314565 -7460368 2013788 -4488666 1905269 9951287 6793376 862083 -2528657 -3393267 8754572 6358997
8144023 5141807 3967822 -342040 2424330 -5971288 -662898 2801050 -9051677 4714467 -2759129 -2119386 2126576 2133305 -7020880 5374077 114864 -3411304 -4256813 -216429 1975796 -7557089 792406 1468344 57313 3406160 -9791092 1110618 -3498159 -1191428 1543274 635376 5443273 -1810101 1817828 998774 4048206 -5782573 -6033504 -1765101 -7767862 -3908399 -3354031 -3876302 -8455510 9842645 -2650961 -5616677 -5375931 5681426 3055556 557916 4500082 3872366 -176441 1984532 -5832930 -3967129 -2180547 7392325 3050772 2669484 5755649 -1942198 694501 1459578 2556721 -1268838 -1519567 7408169 -1474790 -3597113 448778 5825886 10253208 -7653559 4613333 803359 -3274529 -1608777 2949928 -2792461 867165 -2349970 -4055600 -5319639 -7797563 5326870 908527 -6262625 -4065362 -4790359 -1029002 3186733 2702518 -5334006 -6141158 -2437178 5541465 -9572844 -2372606 6340219 -2913669 3543064 -5326042 -294562 3361382 3326667 -4383177 -2350894 -4952737 -5122237 12650483 6365934 2029316 -1034571 -3040745 7468476 10006705 2104252 8501618 6733753 -6253511 6278726 -6787900 -1424984 -2700801 961072 9955692 -7119564 2617684 643012 -8752969 6353639 -923003 -3987720 3027678 -4598134 -1467807 -1760928 6143401 -4027032 5430779 -3712863 -5745625 663161 -991817 3284113 4653986 -9088918 4934963 -6799820 -6344829 6518967 7451188 5267168 77630 -1886108 -1499451 -5142612 2384139 -2295056 -1044940 -4817308 -5999541 -5587577 -403380 -1117495 -4478013 349806 2452989 -5057757 -7373864 -3198482 -2897746 4751796 -1079560 8173673 5474613 11946269 -7898949 4739109 -8982266 3326784 -13012972 -7748185 -832285 5199005 3239549 -2895853 -5765954 7888440 -12992282 3016631 -9875653 -4310998 2939602 1650055 81758 -5917144
-745835 622688 246627 -7019309 5946901 2899526 -3267939 7426711 1874611 2134780 3394211 -1016699 -3819121 -7229194 -2660727 -6563754 3594314 2796611 -2282799 -4452136 129823 -264728 -2654800 8043766 -680773 2124993 9714293 -2341211 8099336 8258097 4658906 -6425391 -1583398 2727443 -6992863 -6194481 3247517 1006146 2803183 -7086338 13479308 -8737321 335544 -1042231 -1859750 -1685197 -4875723 -10079436 -745436 -453536 8188351 7273123 -1788819 507716 -7516531 2619943 3760715 913741 -7587646 -10924 71588 1417972 -3270642 -5066605 -3162051 4115370 4465203 208060 2787234 1789842 -4415461 1323535 495171 -5941743 -6212287 -377316 4655879 6938393 2944265 7692285 7277176 7646766 664152 221311 -2957257 -2424509 -565879 -8188402 1851244 -7135507 -2488150 -2101025 7344773 -13874318 6197755 -1171719 -3863704 -5680615 -1127134 -179049 -506719 -3641307 -59592 165108 -2360623 -644387 3213704 2378738 -4238327 -4769875 -3106467 6081614 3868435 2539700 -7576553 -3861088 -2372072 -2706814 -284300 5730642 -335721 6478765 956329 -4958999 684994 2978945 8112589 -3818721 1069314 656587 1146112 -4892565 -393268 -5146748 9967657 2112700 5347696 -3040234 -1321634 -2656417 3259315 -2576210 -3067672 -3988708 -1827514 4250965 3275492 6756623 1585992 1843864 -1497437 -7971899 6456018 2555960 190970 558494 -1874647 6747367 2945603 -3459977 -1058679 -7992968 -7003287 -1470839 2680584 -1140929 -8802969 -2825858 1356075 2770744 2681539 -1778307 -5038131 -1109068 810246 -4897861 -1864446 -3651497 6017990 -5212659 -11611619 1857301 3361955 -2407788 -525827 -1427873 -858256 11242403 -7009703 -1601566 6332228 -633362 3716737 3489334 2971389 -3102118 -9658702 5824005 2721519 -11253129
-5753534 -2850554 -7636568 1977175 -5485982 6812637 -4829809 -4351591 1716013 4152687 2899858 5869951 -1607187 -581064 2702335 1467829 3162691 8342960 6894847 9360584 -4182482 616776 7678179 -1933871 -476833 -4811454 3972816 -2157183 538569 1301763 -11095501 7549430 8448972 -10068573 -5997065 6311532 -3206123 3913538 514218 -4530827 -6491105 7404595 -8814459 8409674 -1519968 -252953 3944847 129226 3400809 -2865186 -1667430 -3106556 -1203138 12132085 -2429796 -8584838 -3256492 3289077 4467036 -561119 3771621 5553972 -5651408 6266225 1742988 -3923631 747193 -695803 419375 -1097025 4099791 3116353 -3805691 878013 5292520 5678412 1874427 -2839986 -3663821 1441226 5270496 -6472283 -1119869 -7238699 -6681082 -1125127 2636229 6864328 -234957 5541069 -3018001 -2177709 -936225 4843808 190152 773812 -3256484 9559940 -1120008 1064009 549354 -761741 -7183923 -1318113 6791780 -1356689 667292 -5959718 -133128 -3856261 -7245902 6158272 2056905 5725809 119395 6938174 -1804999 5700018 -4849849 -4060753 734798 -10908586 5785190 5183778 -2706762 -5940132 -1996034 -1190527 154667 4378020 -303737 1074171 13695384 2051794 911302 4383329 3246412 -5836103 -1728296 3775365 -2381612 3745622 -4994237 -2972367 -6477914 -2144525 -1357203 2198807 -1671219 -2515178 -2111167 8250872 -5294114 5532838 3027663 150026 -8148488 -8257685 1523807 -5139507 -60834 2334600 5310661 -819316 -1461824 -804495 5230098 573695 -2703046 5660264 -1487004 -2290623 -1569708 -540841 -2117814 -1686905 2678132 4807500 1291120 198324 -6449336 2659366 -1376919 13881855 -9427127 4278252 5878377 4416660 4700728 -1937110 -1989026 9065 -2409763 -8599107 -4977997 166170 3938618 -11056721 7279157 15003324
3418883 -1628076 -4318599 4792698 -5344850 -2024053 1572728 8156197 -969202 -7164974 1663146 3861330 3654424 -175786 -3087460 6490525 2950605 -4574326 -2755230 -1335545 2124466 3852081 7707994 4102736 -2049004 5510990 -1045795 1305727 2538165 -3377295 -1062467 -1964915 -555085 7838427 10119190 5973014 4409013 8426304 139134 5991319 134509 2250047 4603679 2586946 -5355319 4921696 1537479 -3850138 2143835 -2772057 3030259 1586897 -2700674 -4021448 -151096 -3280116 5946689 -759810 -1762484 4861233 8645494 -2441233 12781394 2475433 -7485074 1283194 5396228 9370264 -9847118 -1839288 536935 -10395578 -392797 -132212 -9074070 -264552 5310400 -5041255 -429252 7855153 -3791271 -2467398 1287595 9517522 -5843097 -5084850 -6334224 -3725937 -468337 8751730 6429465 895603 4239726 -2350739 -2885504 153783 2314838 -1862603 -3616312 5835876 4127755 -7125789 -3252816 -277932 1467285 1950654 -5469644 -2208899 3537535 -6619807 -6775437 6054385 -224841 2494346 1432015 2679819 14771350 2342614 3443782 2386409 8837 -2025495 2279902 -4752436 4380566 596318 10539038 -73861 -3496264 -2788632 -2717846 1118199 -3452844 5260920 368906 1970210 -2854402 1618333 -4894904 -2704783 -3508792 -2525876 2888520 -5514701 -1562409 90141 712320 2578037 -11199636 4880003 -1109929 3799843 3963628 -3811559 5277138 -337027 845197 -4217425 8690181 1762590 1100467 5142370 2585175 1879668 -7945366 2734754 1858576 -566682 -10460831 4625286 1384001 -1475414 2108140 3437592 -5947947 1862520 -1209002 3029010 5551844 -932414 2706498 -733545 -4020315 -1892368 1835200 207054 371809 -5855528 -3811910 -6828357 -4618853 -1069174 6528758 258202 2772264 1722801 -1487176 -505279 12575084 -3382613
4592472 3196006 8876438 -5634569 4264994 -3648307 -2532706 -3100050 -3974484 -650709 -112887 -5275856 -482150 -2553437 -3516986 3108052 -271391 802908 2419868 -2452516 -2030409 4319297 1926961 4762098 -2235677 -3082017 3203228 -2700377 -565124 302429 -3000234 -568122 6651168 -3499809 -94850 -313999 -5193820 -5864981 2795483 -448358 -2010040 -2260326 197193 3438411 -2137861 4594465 -1692851 -5927956 3794576 5529098 5658473 596854 807120 -6674551 1075663 5733115 4279234 1649588 2808528 -1943709 -3262717 6396135 -1290210 1202311 -4880496 1643012 6944134 -2569473 -1265211 5418091 -7237157 -5253752 -3524825 2198754 -3197408 -5521515 -1752727 -1138229 -1575376 -537584 -4076663 -7881191 5519367 266498 -9299955 3445400 -8131550 -514370 4554009 134602 -3883340 4171959 3194308 -219104 -3637316 -1687316 1522371 1145786 3586391 -2074485 1178637 -2489805 -7001515 11309192 -2125741 3579045 1751011 555334 554881 -3010356 -3552967 -2132217 352105 165450 -325543 1007834 -2714641 -3349124 2661957 4908057 -1766439 8273863 -3302640 -622841 908769 -13270602 -1454757 -4853169 6033213 -2007886 5576749 2280387 -6277023 -846564 -4560136 -1293135 667688 3856667 4528613 -2856994 -7225943 1062555 -765201 -465736 442702 2397728 1084465 -552873 -4322710 171655 2531570 -9211075 2237386 1160752 -6235287 3426607 -3269364 7194210 1865938 -62270 2817213 385128 5245804 7252102 4248876 -6051100 -2976945 -4135672 407908 1602604 15382343 -3152980 390797 640082 -633717 -2496215 -104713 3226922 -1563181 -6023753 1273309 -4378512 2566837 -9207455 -2711931 1156554 1442499 -1783849 -6066974 9182771 3456941 1811942 2790765 947759 -9048709 -1073347 -2486891 2419870 -202861 8795016
-5130275 2843841 24135 6645578 -469554 4873795 8915 -11339152 -1006710 -139326 4474147 -9086064 -4836510 1043661 9261779 3952697 1976257 9183740 -5749059 1910170 -9148791 -5716392 3150257 -2222293 -7218321 -1888354 -7598341 -3720758 1931103 1947204 -4867847 -986199 -3206852 -3160771 293916 6194724 1793399 -5375835 -986476 3856757 -2497056 11115772 -3102182 -3593877 -2266067 -4491869 6223186 -1879705 621480 -1193741 5544236 1664043 -2696556 -2655321 1198479 -6668277 15085397 -3973237 729151 -7818769 6201339 -8039484 2976922 1475614 -1331282 1131725 4404508 8421511 6781628 446343 -7400716 -10627366 -5789413 1052957 3394834 9516383 -1195213 -2916387 4089322 -1313538 4004769 -5685028 -7433639 -3055213 -3243537 4776703 -9496222 528041 2548654 -2427179 4306144 -2578317 -1373570 -3254354 -1641242 1273834 1419202 -3083515 4071867 -8464373 -4928366 423286 -1146867 3861074 -2694798 -73171 3217619 18676 2323791 2394824 2178781 -6146698 2153709 -2171549 -6354638 1228626 -151689 -4553265 4295591 2652454 -1234320 -1269980 -2342086 -1468740 2307437 -3256674 1905813 4524965 4331313 -8083272 284307 1152906 -2392700 5268946 -1098071 3156321 -12079312 1013167 -855357 -178961 5428343 -165290 -2526759 -4651388 -4358701 -2618694 -814077 -294383 -3212972 2854947 2877374 -5048753 -2153740 713709 6286784 -1472933 256150 2183225 -6809506 -2527948 1679249 -4282160 -4721132 -4806291 -4705342 -11786 1407150 3851297 -7451665 -2892628 -2293949 1250895 8585252 711498 2368505 2262122 2643384 -713968 1802866 4612800 5141668 17182330 -2293377 -1098953 -1639689 -4295824 -243975 -26579 1660528 1859701 -5308738 126912 -1108219 4716449 -2177276 -175609 -656027 3875506 -2181651 8543288
456483 8303294 -6342099 911211 1885329 2208890 1164092 4982965 -3082664 18255222 -1639388 29624 1319196 731912 -688673 -1081228 -5444809 -2186397 -154643 2457 8303883 703627 5318176 5588206 3422546 -141121 806598 5289967 5234473 -6864596 8590961 -1036997 3566379 -203086 -5628707 10476736 -379450 2253093 911712 2117088 -2717717 -4191299 -1995498 -1460234 4525515 -8348630 -1821249 3912320 -2072521 -4105358 -4899054 -2184445 2634724 2658456 -734714 4853684 -501095 -5996660 -1462288 9419590 2432769 1983400 955967 7910250 -3095386 46968 -2629396 1609594 -6899830 578185 1365547 602508 -2736733 5048719 -4962563 11520384 5302290 -1311555 8125398 3927074 8756486 -5871530 -1488648 -3927011 2208000 7532833 3530233 649653 -521288 -644189 7508833 -491973 -6166534 -1101402 -5562001 -1747834 3828008 -1970344 -2930548 2871524 -3629040 2676677 277482 2714998 522007 8830651 -2319597 -2388483 4354343 1757543 8521491 8847215 3830724 2393569 -6569533 -5691405 -3388875 -2168835 -5265697 -2046163 -2075121 -4745332 -2673809 3676585 4894976 6210425 4906938 -3225173 4256286 184282 9413877 725967 -6299416 3146668 -5181322 -2166331 -1021037 5154851 4978413 -9441093 -712967 5200438 -2676782 3627880 -4693043 2197794 5534894 -6244401 793041 5672540 -1633166 -3562968 -258452 3099269 2574137 -2536638 -2583514 -6932765 -625836 -2153501 2734904 1988895 -3777377 -6018112 -1502683 2441156 166974 -419305 -3811920 3176335 -4230086 -5659488 -2484008 2904041 1470804 -4269434 4064516 4820003 3702755 1984028 -2538904 4841994 -4080236 -1316855 -2173163 -4991003 -1397310 -2301303 -4867641 -581780 449520 1545286 -1171832 548021 -8484216 1199051 1387042 -4107529 786189 6636613
740497 3619095 -4736422 764147 -6766589 -964760 909594 1492566 2415097 4817178 -3232101 3470965 2083028 6835324 -2712155 1667235 11458335 5483129 315905 753342 1013337 -4525460 475885 -5574468 650306 -6306317 11817 -482295 3064994 366801 -3357789 -1338614 -4705256 -5499769 2868278 2397588 8323033 -11772599 -92320 1250659 -3500387 3964288 822031 -3948156 -5382922 4495811 924960 4309231 3613924 -3793996 2199206 6405119 -1691061 2629662 3565673 -611074 -7250909 13156177 -3853976 -3770764 4558312 393734 1780338 -9532419 -1109565 5037432 -5169760 -6188757 -4945315 827897 -4133007 3578885 -1111456 -8407084 4174955 1058942 1896440 1484304 2175916 112463 3623626 4256374 -1425299 573020 -5490086 -1077992 -3331372 -2062023 -3930256 -4818640 -4893126 -2308210 5739858 -4767934 261970 2654990 -7320903 696957 -6763089 6261410 7049584 -12767223 11280744 -11473043 -3034641 5164444 5474627 -7696224 213249 10671182 -1396259 3052787 4063408 7128863 -4026644 2402240 -4792198 -2508039 -3005448 3683346 -5567130 -6916387 4972117 -3747149 547048 518812 2542818 -5060399 10386657 7882453 -1006368 -1681614 -1548728 -5112095 -7620850 159308 -1054365 -5772197 -2128381 2662481 5069987 -12303230 -772970 -3528518 -5281165 1551642 -6984982 -4675334 2566218 -650057 -1752101 2962573 252449 3044638 2423372 -1894050 5433034 -791924 2812296 -3202900 -2042579 7079243 -5873583 -3617553 -9643698 6190297 -2368406 172709 -2414872 7876144 -5975007 -1539637 2711616 -8503573 -377639 26894 -7137890 293175 849056 3865630 -6082557 -1433538 -3311675 2210325 358689 1501069 2186944 -3762465 6179665 1342561 -4309780 7949513 -12102743 -6185675 -2121562 -4528067 -4159063 -898686 905365 17673
-612999 -6214935 557704 -5627980 -2909401 8598256 6981797 1631346 -2643249 10061203 3758172 -4289307 6811849 2841296 1669009 -4817863 -4644158 6148869 -2348090 3374769 -1132775 2331109 -4666728 -2538948 5667933 2450902 121786 -3326181 -1038516 -3100249 3302480 5199450 3720321 8724030 -8834963 1534257 -6092135 965453 8055017 -1028959 3629502 2130510 -8161391 -717221 5484269 2596742 -4221242 -1409673 64568 5139655 5335254 -867837 394089 344902 -5961396 6833017 8494508 -1230524 7852834 3723607 -1371027 -7887040 540780 -11376503 1546198 2393741 -8285986 5242259 380374 1030571 1767843 -6088284 -3351061 6736277 3159185 -1458247 5686167 -1174212 -810182 5565674 6232345 -527831 -7235874 -9282872 -5003844 3473098 -3400002 3266641 -4353316 4829186 -674687 4380549 4449437 -208674 -3655450 -1606585 156305 1881465 -2639198 -5549393 -4403213 2660750 -3836018 -824824 2809711 7930926 -9354555 -4665096 376840 -116391 -11472546 2385090 -922993 -4884507 -730116 -786825 3915995 5915571 -2631199 -4291122 -5607306 2337475 -674633 -1065859 4362996 4541945 -1383626 1285288 4008554 -10432008 2523665 -469373 4815523 2970050 -2106490 -2114677 -3872501 6989308 -3977167 2772148 4184130 -184704 -3952338 3798950 -7808740 9471751 -1174656 -1548157 -3199843 -8366477 -3271190 2702309 2094821 -82251 -1418240 774318 -1831289 1296585 410732 1188137 688864 -9556307 -807097 -3402335 9399358 3356714 7205231 10338398 -2297506 -5733167 -575892 340948 -5453520 -285285 176270 -1568526 2700285 -527214 2272079 -5543558 5575952 -1322644 -6502864 -7395066 937408 -1365617 -1794043 3900628 866475 -2240334 -1948698 2995064 -442590 450639 5182154 2611395 1268745 979865 -1009796 -1337675
-2614559 -1510289 2459481 -2712795 -9649444 10475196 2627253 7422181 -7004678 2385481 -4066327 -989552 -8012860 6155085 -593466 -1816978 5787223 2337947 -8093919 -11105605 -7331515 602463 -2248551 -2333250 -14908209 -170199 -3676411 -9245345 3601724 3617560 1608929 272046 -2162918 -1300098 -1551236 -7922042 8898901 1814885 3040325 1180143 -315730 5626389 1974715 6553167 7250694 3733100 -1021967 -6802286 -6921292 -5837194 -4567307 -697439 2107417 -871624 -9813896 1343386 2637069 7085555 -3007844 3503468 -1413886 3482551 4791044 -581586 -683749 -5420326 9130504 -7099138 -5082965 444119 -2794060 4422941 868771 -3008686 4386787 -6721728 4811701 6814707 1928337 -733287 -2726785 -759635 -489386 5970592 5733099 2902273 -177965 4189416 918869 -3675794 -5449941 -4569801 -7258291 3211866 -1141461 -657665 5626257 -4380928 371276 6039736 -1034271 -5734635 535603 -60102 588358 -360949 13903889 517184 8143085 -1283418 3942324 2051512 2074119 3702748 -549150 5964841 5767090 -4708146 8977815 -3513154 4085195 4158035 3536626 -5364480 -4152768 -355174 -2728482 -2803043 10308538 4155435 90209 -3835350 277223 3643204 -2164866 10619405 2608622 -3752375 -84012 4500999 1506199 -3793146 -1640572 -4326529 -4614549 -192338 1546458 -2107943 -942189 565456 -3660644 -4846179 -4464479 2974975 4160254 -13026813 -5363521 -3031977 102595 -11320184 284763 3371516 -8013371 -1433062 -2233255 2707488 -4156187 -4871450 -2322990 -135179 1915449 8217912 -336144 -965279 3066520 -1724246 5493090 8812369 2029288 3945045 -4790610 7350903 -760525 172952 -569913 4815811 2748130 8765409 1173866 -2902900 2428981 7468934 -1549276 -6673196 -4222551 -753270 3522318 -2323087 3864147 -1633811
-2292888 -8249855 -3936133 -12264078 -5659503 -10955674 1672777 -2528234 -5975365 2901468 2359978 -2039867 4670566 6499092 206011 -1073714 -155859 8530284 8819574 -1371552 299970 -7051389 -8708970 -5340102 -870890 -3373111 2994778 -5097038 -3087238 2365609 2066733 9095537 -1906999 -6384725 -221662 -2184850 -5362370 -5310228 1219596 -1698539 -44014 2386346 -6975485 -479323 1783462 1623984 119354 234952 1495910 6366166 -585292 1741752 -1231634 -1341323 7629849 2461588 -9853096 5676877 2891295 -1297951 -3821652 -2331868 826853 -1061697 -712997 -108185 -2255241 -6790686 4429650 -9603513 4030413 2128558 -4309736 -179101 9784481 5033130 -2368977 -12725728 6711376 -4169504 -1120283 3271357 -2230058 -10811639 -11922721 -1028184 5551893 2181272 4281781 -9109877 -5205337 -4064045 5057130 -1518419 -5569566 -2618534 3589648 167858 -791807 -4101053 -6523461 -2711871 -7807666 -322164 4852618 -1182071 5610678 -1990999 -4963193 7503519 2233765 4299071 -12155163 -3824539 474709 2752099 -2411397 -262397 -4324346 -3319057 -4430120 -3408499 6066100 -2319352 -1458850 5996061 -6216145 2540840 -1919033 3496114 -1988286 -436145 5936536 -2323780 -6006914 -5796322 8063372 -7041331 -2363058 1082213 -1498760 2092278 -1785394 912762 -568508 8291941 -1674502 -5303620 -556328 -3145346 -1014357 3069239 -4312999 815466 -1926575 -841015 92758 815764 4593620 -3038804 -4855752 1254833 540682 -3624339 -3896215 1176887 2054395 6888533 -1817344 2296434 -7833770 -5690236 1008116 -1465625 5393588 -807053 -5081692 -335485 -303532 969909 2839544 3554442 -1704595 2520367 -2171002 4105976 -4372055 -1768403 2121017 -12077459 940681 -2044948 -3831372 2053323 -7918887 4025258 2749726 -4478556 15824585 -4612668
597141 1718973 -5957146 -1975229 4266292 2387999 156754 -11034263 5080309 -953887 1706735 6506497 5844309 9082981 1005267 4520636 839146 -6482564 5576756 -688453 -3360802 99485 -3000564 -2270145 -354367 -2329293 4862999 -4504357 -6406857 -455918 1994134 2833222 -2944227 5524247 2019914 3429742 -57194 1662290 -3292103 358912 -4640556 -15094169 -10580100 -4160843 4453305 -3361531 1324403 -7607539 8626161 6508626 2460363 -462639 9448630 4642735 1349391 -3388886 4176598 -4717967 -2806379 -1340160 -3463910 -3714564 1758888 1307021 -1583262 4878706 -1678323 -1588511 3258464 -3047553 3612169 -2225998 6476073 3049366 7869555 8942505 -5908 -5719523 -4318127 -5855864 -764294 -5843716 4793479 -4407281 2139092 1543547 2414170 4206698 259891 547730 -2518033 -1903689 5359418 -231585 -6446034 2688984 -2994092 -718406 -6203420 -7370447 6805984 2525309 3259464 -5962068 -1136692 -3993014 8150542 -503596 550713 4731479 734386 -1650285 -3739659 -3984971 729361 -3906529 -4959145 -3937949 9783458 -7854589 -581266 -1234273 263763 -1095402 -4041468 1445337 -4320904 4713704 2135783 -1926634 8034173 2413585 3174540 194562 -4295001 1358312 -6463886 1771915 4450305 7976500 1737446 -775484 -949241 -5003938 9488828 -3464169 -453930 -14913906 -2080994 9973413 -179812 -31641 -6668301 -5899129 2956573 1432292 2129903 -3917099 -3690439 -2328314 -4857504 2489489 2802843 -13040180 1722212 -7587979 -3812718 2223685 -5075053 1619037 -6393447 -5067158 65502 -9041619 -5385099 3797438 -3117205 7712278 -1861195 3104783 -10721205 3141357 2971606 -245109 6169367 4050610 1607638 2989124 88448 3601775 -7256614 -3765278 -4915599 4038744 -3830584 9077968 -3569987 1862301 5011228 -1058022
-966802 -3456936 7016108 -5527786 -2773898 5050757 -2150937 -5757630 -1870836 7197238 8098874 3835623 -996323 1218409 2968043 -10426890 -1285916 -861130 -4285216 -7362813 3614895 1717075 1383280 389452 5526646 657185 6471026 791181 -1128831 -4354096 1393080 3249926 2921941 -7243351 -3243132 4727861 2243565 -2749104 2563348 3316474 -2047934 -562329 -7547985 2129236 263986 -8797641 3390415 6747358 3940454 6229695 2704014 6632433 4589179 -3375491 -5316930 4798017 1842334 -1645947 -1879200 -1672895 -91526 -1184949 -4178622 176042 -5428496 1295003 -6947015 -3841553 -1181952 4074365 -861192 6237539 777878 -1161203 -1592870 9141873 -1524632 1027480 4042019 2697267 4013047 7445096 4567208 -5408875 -8178936 4249997 -1386977 1261135 3422078 5062735 1839057 -5642445 -3320643 -1248037 660102 -447753 -4412476 6035553 -8954589 8205835 -1791336 -1279727 -4323803 -4898763 -2573778 -6353286 2962422 -1080221 696856 4786428 6794560 -513754 -7095924 2331306 -9659465 -2670037 1239033 -4615971 -3156108 -13089955 2128964 -7920365 -3358809 3028049 2062638 4973692 3549782 940802 1237027 -2601726 1437892 2618784 -2910629 9256308 -1094459 2285919 -4327983 11759951 -8877974 2187122 12640755 -801962 -4336510 -5344208 -6669192 2549404 1224252 -5021905 1272205 -2849775 -41132 1708164 -1387598 -905252 4473152 7215996 -7407052 -3176768 2393922 1406820 -5053641 815629 4041482 4499344 4237781 -3105402 -1548103 -10219008 2890760 2315814 1752778 -1554306 339173 -5159224 2813558 2077250 -5117132 4425629 -2238079 -2082144 2444445 -2660404 -575104 2478340 2704276 -4871121 -8620807 122957 -584663 5874940 4616101 -9810366 4255010 406097 -4204275 310250 -2555651 -6219412 -5301447 1309793
-1189315 -1481242 1225075 5694213 -2649227 127940 -2469067 9768355 -3742839 -2066489 706562 5135092 2251819 987501 2540913 3741446 7887627 3758427 -747572 2424421 6275634 -4976133 -7720285 -3008887 2421863 -620249 -8268262 6236187 -8551434 5345446 -2924476 -4114797 10050821 8171581 -577997 -6561478 -6011340 6169793 -6529483 3258341 2045497 -3705148 -7074128 290480 -817019 -1678938 -3798567 -2419500 2719176 994638 -1364913 -6550122 -1868153 2923576 -4849136 540864 -6251155 -2739826 -2054504 8610636 -2865200 3312503 5644089 1827767 8014828 -762206 5321123 -5383924 1731028 4402037 -2114363 1047220 1974977 -5365388 -1500146 -2237332 6645220 660128 775119 3834406 -9075228 -3597757 2972708 -8265013 -5673968 -8668001 -10462566 -1451711 -6182068 -591876 4618925 8984503 5164274 -2287945 -5904559 4735519 -58849 -5407832 -2449125 -3779980 3649071 4526227 2404919 9577319 3459045 8110541 6693794 9956638 -2949737 3756126 6302887 -1539023 525772 -6713644 4112673 -2025667 232393 3241522 -1282006 10117214 -6365508 2279256 3534869 348408 -1309629 -9470088 3665000 2185228 1216699 -2689089 4450723 -7167306 -2428711 2423567 3987457 -422415 -9453475 360923 1882155 -2777784 4493338 -203627 10753009 4488873 -237006 -1135532 1382689 -2903913 1393157 -1365408 1881883 -11282030 -289483 6549112 -6275609 -556783 -3039679 7618524 1287390 -515619 4239881 -906074 2633266 1058639 -5132748 -1650615 3108015 2947540 -2659361 -6213902 8136147 -2316475 -1126504 -5932446 1270109 -440314 -1095703 -4195037 6315060 -4674945 -200533 -336091 -11564878 682725 -1040620 -5841494 476255 5152321 -1065261 1294237 -2996579 9406495 2718484 -5598702 3827927 -4462299 -3537676 6392612 -3904374 -1876910
3023526 1082310 -6652966 3742499 -1469851 585671 275179 2449482 8913239 -60778 -5983740 2575302 510337 1053178 -4413055 1284720 -2832476 -1950868 2416375 10420796 -5547140 -5964769 -594589 -2661535 -1504990 -1472735 3500056 -3347244 688104 -4252425 -8949700 -3919042 2106601 1683844 9365448 -1159427 499244 6498828 1014386 -3743413 4343023 -9051516 -4071806 2397086 2348299 -5093424 -1358904 -6643114 -1695158 3157894 599950 -2430743 -1385910 1308518 -2763453 -1099676 3247469 -989574 -1057166 -559909 612052 3022940 3886242 -405811 -2053801 6153567 -509388 3514086 -10799605 1289248 -4494474 -5167380 802341 -2139640 2538131 -3947374 3380464 -1675231 -2742937 3681527 7974938 -5312383 204186 8763132 695368 -9080190 467002 7749056 -1889419 289115 -10890823 -582409 4178322 2425914 1545707 -6972753 -3914600 -4162638 4034092 2409712 381743 2267773 -2192072 2209152 -5888826 -5670493 5494569 -2577799 8501395 -2910942 -5245570 -1763172 1769600 861781 -5119868 852092 -1755029 -2154785 -3471186 -4093304 -9031038 -4672480 2808567 1347171 -1570259 -260559 -316523 2076628 -6569682 -6277290 4469255 -7171264 -3890868 2077761 -755327 671071 -2938827 -2226058 4446126 -1500529 1007076 -9434876 8129427 -4133617 -8383287 9233317 1117665 3167727 -11261468 -1533914 -3004275 -3490964 565469 5350025 5234581 858579 6626080 -77590 2230825 -7062544 -4424836 1578419 1397949 2769995 3019818 1282713 294526 598197 3421088 -6437455 -9254627 2069510 -2595214 3644878 -3071339 -649154 1419686 4931500 4694022 266035 -5230006 -767960 1808057 -2057469 1682731 -3264868 -990688 1778059 -3858534 6842990 -8184787 -744293 10841976 255351 -642298 -12755798 5195014 9999629 1767398 4710228
-3624040 -1422782 -5426713 6881117 -11538724 -1073811 -184530 6027878 -8429650 9464983 2168729 -1693193 -7792689 4702304 4741392 -7438748 1775232 1433138 3128764 -2819560 187732 3475065 -1816551 -2805441 -1818033 2988851 6505390 11619882 -3175550 696785 -4648846 7536072 -3347711 2699173 -886449 1642872 -5440936 -758575 -1231014 4807326 -3685966 -4923427 -3968625 -5406703 1918223 -1807891 -2705653 881164 6480189 -5028116 3930865 5697133 -2150493 -1916042 -1192893 -3411402 120651 14231515 -91146 -3195274 7995301 6097050 5102949 -3334092 -791310 -2427292 -2058068 4015834 -439490 383782 1355239 -1698539 503608 -3482231 7336286 10942205 1620637 -250363 9892389 1665350 360933 -4178430 -524483 -2140223 2015503 194522 612183 3136099 -6625409 -5040456 2020952 6291260 2445064 -6793868 -3908254 1788872 -3619355 824296 -5036317 12299931 -5226355 -938794 1120260 2799744 2470181 -309801 4937620 -1960722 -2172369 14066151 -4917675 -5025099 3789751 677815 2642346 -1839980 -3961484 -5360162 -11423756 -4375922 -2669997 4158365 -6613658 -2684797 -1655896 -4369432 -837910 -148926 5943609 3159556 2298528 -4859916 -8914324 -1456948 7477138 3161877 -688595 -2914354 -2994840 3498140 6409923 1180237 -4216914 1904349 -5382015 4908670 -3393267 -85238 -4907359 4475192 5126656 -1745112 -5737239 -422146 5016147 -4568952 -8405800 5579377 7136797 -6040657 1937663 -7770108 -5429200 -1629110 4909077 -4449846 1522972 -935570 4544066 5787959 -3828280 486220 734367 2282768 7140363 -375066 -6061794 -5679408 3526633 3991246 3043492 -2192349 8024752 -7534493 2435883 -4978280 -2113208 2854514 1714254 -4523455 1268057 -1601442 3841376 -1321504 3930499 -4623044 3445408 -2526521 4230147 3456150
-6107011 1954999 -5561116 4223936 576500 1332788 -8018003 1437301 2731243 4158903 -5579327 821936 6234642 6800516 -1454423 -5631441 7693232 -2192479 6208008 2037842 3510021 5219060 3576546 25429 1915544 -3581185 7773294 -5523229 7982794 5559810 -1266194 1361016 2023227 9221343 -3878062 -1178468 3650866 1604949 5495970 1546383 4840662 -522368 5211550 7225052 6135414 -1020745 -508590 -11682710 -3108497 -720537 -305661 -1514159 -1061723 -1777452 -8653338 522642 4115127 -2665251 2907569 5207679 5122322 96994 -2345019 -3820265 3425950 1773456 1148953 -2666325 -5846714 2510854 124766 691398 -4761490 1188830 -3554719 2840284 -3311509 -2762835 3964253 2967223 -1484663 -3754212 -4047974 4654318 2744195 -5367810 -1037662 2347036 1369120 4658474 -8310188 -9090330 11604229 -6641769 2819427 -3384180 -2841722 1666377 -5633086 1559843 -2881296 2013508 -4517012 2057539 1177035 -8278932 8517102 -3587050 5596121 293694 -7054712 4592035 -368019 3241237 -117266 -1502047 6355722 7969182 -1461334 875169 -6802984 -8459120 -2149311 -3302450 8734358 2720776 -285049 -4306441 -5476171 3963815 -3841830 -3893664 -3275499 5842429 -2835145 2543082 -1158723 -5090857 -2226618 6022486 8303799 -2051057 1845756 2342257 576459 4354101 2001765 6640687 386810 -398536 3017717 -4722607 1293305 -1815526 96286 -436088 -1722423 -858256 515878 490553 -1102656 -5986638 996274 -3855813 -8923876 4883722 8332587 -1059930 4033043 2998243 -654353 1076830 6116618 -6461162 -688879 -5504784 -978267 5476625 -2916158 4842454 3129013 2796955 4423688 -2306363 1362605 8065687 -588771 675688 1960803 -2502062 2583817 -430868 -5627135 -1509385 3334808 -7945748 -4881924 5305542 4667958 1520575
4127523 -626604 38433 -9987433 314869 -5781978 2694621 -6020853 5415901 -9428114 -2421657 648229 4104796 1889760 412197 -4490099 -1132512 -6191781 -2481889 -3586057 -1970318 1580050 -9374844 -5224635 364603 -3721347 -3904442 -1593298 -2411735 -5681813 -4931602 -5395415 -2729126 -3380711 -4280045 -2807968 2767749 -4688295 -3680736 -578718 6029074 10443968 -6966206 5036076 1204819 5206813 1872557 -3425723 69530 -2041852 -1997845 72882 1111812 -5332242 3997957 1574342 990753 8470338 -3594975 747545 -512273 1931325 -5607837 -8370861 -92042 -7923674 2900961 -465264 3709472 -5763381 9851995 11824567 -7398799 -7928840 -788395 -2600936 -2130673 1774408 -1154978 -2640902 1671512 2768932 7404125 9481269 942353 416991 -1183669 3804310 7635260 -4878874 -832140 -2329627 3172796 -1815883 2541272 6775943 4103947 7330995 6932590 -5124202 703414 -1237822 -519939 4108797 6433861 1406341 3110184 4192128 1082897 -5242918 6919558 -1879669 8460893 -442238 8206415 -3302343 8469359 4545143 939091 -1208480 7381495 -383874 4736604 6728547 -3708474 2651995 -521927 -3661729 624986 679136 3771616 -3450112 2742899 -3101577 -2847617 1091773 6634790 4150043 -1299570 -1882270 -10030999 -676370 1599058 4082212 2462719 1540043 -2307363 3920474 2578305 -10829693 -2794898 -2088149 -1492251 -9163553 1090152 -8242586 -5319818 2780916 -4714804 -778861 -183628 6853190 -3508322 -34091 871986 -4657374 -6782532 1669054 1360556 -3482322 748118 4774386 1929358 -2544861 1559445 -5333702 5186903 3884239 3676117 4007584 7217848 -5257806 -4904012 -1744950 -2274535 844015 5126894 -1793844 6589847 -6397343 5370547 2336274 -1645962 8265234 -3543550 3870207 4659984 -254541 -2686347 1840349
4130046 7337655 4754146 630313 3194264 5076405 -4462799 1396013 -2071781 -1748230 -5992176 -1056800 4891724 300897 5691955 -3245627 26298 856164 -1323622 -3118649 418524 -988765 249699 7236169 -3885692 -689273 -5830033 3620093 497886 -1283410 2096684 -615196 -975822 -6784898 969755 -5063339 13216035 -5223259 -491777 530338 -1324699 -2874135 -2435512 -10735326 12838586 6598106 286674 -5912046 -3218784 1933642 -7948438 6879816 8207354 -4051785 -3074990 -1582988 2127779 3810671 -1060930 -1858372 -5119798 2074077 -3397945 5125190 5406537 -10793294 -220432 -5511126 2321684 7606123 2546018 -604802 -6004719 2454235 6849734 2095730 1530780 838371 2859562 -2564672 -242076 -2287972 -8998023 -2806088 -1973412 7045285 -2951933 -2718738 -2051183 534002 1199434 5175645 -2464621 -2084837 -4582126 -3218713 210341 -941287 7158383 1135196 2655671 3684994 2199422 -9299414 -8971114 3810574 1744732 5685915 -8523294 -3231688 -5911936 -2669942 -122184 1262109 3520323 -2937375 6081593 4563566 -3915451 4653206 2541240 -4954622 -136084 5986402 1504148 -727042 5852716 -4203795 -270427 3931682 -2763621 7196960 -3499210 3910991 12043476 2395155 825886 -480633 -1214274 1636894 4199768 -7583796 -2351168 -1511177 -2552026 -924462 -4235791 6482325 10714 1107636 4355430 2556312 -2168401 534211 -4158246 -3256044 -3461798 -8409414 -4649989 -4038134 7063388 5025889 899220 3180567 -3622455 -6393796 -1503231 -8061012 376265 3084325 6018704 -3918924 527857 3364490 3089876 -749426 -4199062 6876138 1214420 4591297 -704472 7147638 2084150 -2240996 815823 -1140604 4001256 -4327519 -5264233 4039365 -4170267 -3136648 -867398 2418872 -2116972 2919793 2649725 -913422 -2701226 -3861502
646683 -4202364 -2161021 -2350815 3226754 -1579246 -5865053 6300409 -2157483 -492273 -7948678 -4776315 -4291886 9000463 -6367002 -11661705 -4821234 -5917080 -4791094 4438973 447206 -517986 -2758791 -374947 2463472 -790446 331475 4873752 2623204 2985766 -2786821 14346379 -2661795 -6772591 2092766 -4289756 9631451 10670925 -4267791 -5478764 4615897 4035255 -6372842 -13302723 -4434999 69104 3581187 -9829622 -4392556 -1012462 -2158542 -1875866 -850542 4205974 2375814 8132903 11408150 -5645643 -2062823 677040 4488617 3241040 -5344328 4935910 5470446 -2177086 -3719786 -1301090 9183602 -663344 603763 3380499 -1227827 5969245 2859925 -407617 -5541657 -1554297 436956 -3752792 14603846 5336471 -1333770 3062319 3019978 604420 4355860 -8752395 -3811123 -5314018 -1023944 7298474 -9595214 2223984 -1370331 -3153151 5247717 5006236 -4370956 -9134229 -1760651 4947960 -2012267 4031161 1776666 4184696 -1410606 -9435086 -5887545 572105 -2183512 -2163646 3980282 2611568 6936262 -4414336 -1089076 3125759 -5403269 9373400 125072 1702055 -2408047 1984324 -534628 -1658254 -5578157 142071 -1049817 -5393405 5078498 10204984 -3166373 6788944 1817018 -7041162 -1507824 -2134421 4708327 -525153 6422338 -3826279 5670829 4214249 661084 -4989698 -4620996 235409 -1078342 -724417 1220238 9954021 -4221258 -4537075 -3019678 -2340410 -562689 -6394988 -6753803 8286188 5675545 -11672696 -5737991 299901 1221554 7284404 987347 26824 -2753482 4047388 -5254772 340385 634133 3745739 -3079131 6257250 1731787 -9814604 1031584 -90436 1762588 2535818 -2108907 -2131019 2669901 -1638489 -2579858 8695920 5600238 -64318 4587848 -3584072 -7829367 -1530609 5984447 5097856 -770763 4676467 -2775659 1300052
-2357366 -2067407 -7630655 -5049612 -7155426 -3999824 -10247482 -1228746 -5268028 -3335246 491508 -10404238 -3476540 -4868456 -3571657 -987649 -5929831 -3306235 5687631 5972963 -1767962 267844 1415823 -5327414 -6026547 -329531 -5479877 -878672 -3478768 3453417 4775915 1748514 3914258 -2452214 42060 4115382 5850412 5230366 -2519707 -5260148 3356458 -17566448 3444591 -4764915 10037095 -8470479 2344829 5162442 -5180080 1030653 -2415333 -7672792 -927696 -1333883 2019835 928379 -3186266 1351803 3639870 2186134 4981410 -1813978 -10845755 2576475 9012427 -5305711 -807825 7154895 1880670 -1167290 8078548 2141489 -2091152 10981784 5585064 -2112895 -8016384 4672943 -2692509 -10634111 -845155 -3624736 4131663 3667650 704915 -1401092 -4765941 -2424141 -3637078 -5395491 -8467776 3175659 -2721794 -1575205 2114573 2222279 -4616653 8438553 4645915 -5317392 9537309 390100 -2398137 4324218 8558220 -4643053 -1317689 96319 6738227 3398953 6153205 -6604546 -9292129 1888068 -4832400 3690724 -5353224 -3024546 -4632953 -9181650 -9678016 4358621 -448632 2893302 -1298712 -725188 -2975622 10594870 4287080 -3630234 -1348295 6618476 -912037 -1377916 3111607 -5086145 -939127 1373017 -2981302 -909291 -221303 9781873 -1324020 11244748 4977940 -6434626 1248038 -3841007 -1932381 -3308317 -1393768 -4017230 -8494354 -1486307 -4850752 2069840 -4398950 -1712310 1740455 4273395 1735887 255694 3393289 1160649 6966024 1065768 3178703 -7120289 -379172 1567919 -8852395 6833115 3101386 -7972394 1651923 -1122114 -1534414 -327080 3920244 -1997551 2043183 -5294930 6547790 -1153781 -3097599 -4647506 1804697 236170 -4789508 5170463 -2386341 -5606037 4126003 6065086 -2118503 6403239 -3123700 -205059 5205876 4247316
-1034664 -3655144 -453211 -1532584 1098182 884867 -16287026 1337900 -6858702 4126955 8069121 1606830 259601 9951147 5232517 2946335 -18449 -3648232 3573807 660006 10717230 -6942997 -2436518 -207917 1239111 -5318992 1548105 1230691 -3329076 6514729 -7982554 3550871 -2312942 9111577 -8662839 -467178 3292299 6781869 -4286431 -6929199 2620507 -2938953 11500496 -7439887 503116 1362004 5214346 -492440 -1469771 -431349 6472764 -418589 6462705 1868335 5294842 316165 -2586346 -3854943 -3161490 6913965 -2530066 1634750 -663817 4675038 1539416 116066 1174529 -3073679 -1657746 2262714 -5223362 -1021862 -4015165 -2889969 -1060490 2235689 2027713 -10628144 -2903154 -1758483 -3801288 4324009 -1341267 -2188910 5337067 -1265610 -2119807 2791362 3683172 614236 -804626 3534663 -2042745 528934 -7263820 308858 -531696 5342973 -3845927 -1171461 -2205588 1132486 -4772014 5728551 -2379830 2377161 -2019812 -2341255 813946 -2365861 -467937 -2378287 -3426908 3157131 2591040 1644083 825250 9496962 -8914076 -3997671 3423610 2443097 -3566695 2409260 3522762 -4850221 424124 -1419976 -3351609 4606037 -3158569 -1848203 -1431649 5601118 2855091 7504615 4239113 346918 3068686 4193048 4280203 1822017 -4729361 888765 1227444 -5069630 -1821610 2005744 11324471 -666871 1936962 -2320205 -1813742 -6147690 -89965 2493401 -5015607 -6980187 1636373 -8343178 -6067976 -2438385 2453701 609935 -32052 -1868707 1038949 6066692 -7287036 357389 -3241801 -6012235 -3805311 3474283 8143134 -2535104 -9104921 1694865 3911080 -103298 7265121 1967362 5720252 -87818 -3643373 6139886 -3482665 -6207375 1130855 -322581 -7620654 -1840536 -1519754 -3817583 -7680709 -1751300 6371587 3784010 1787643 -361402
-6093910 -534002 -4438479 -5650770 7637430 -3235668 -3360738 -7130648 -3571009 4682335 -1734573 -1541632 -3456837 7070939 -689446 -6444270 -2231152 -9132055 2257408 -12753039 1385945 3031475 1684147 762946 2853555 -1219272 3296686 218648 -1918751 1482466 1245495 3534651 2267393 366529 184454 384393 -1088817 -1212502 -1405615 1041174 7340095 5812744 3286475 -1255147 -1743998 6594508 -6542056 847108 -78457 4708759 1125582 2993090 -1837939 -3924556 -5871025 9256837 2577987 4675873 3665477 -714767 -5632154 3019150 -1729837 -3543544 -1356512 496704 -2990310 -1288668 1301885 -1373234 -5712327 13589599 11777216 4924073 8490963 -3937476 -5462798 6248042 2176626 -455654 -748798 530501 -6791249 -10387041 781671 3835579 -2944633 1531747 5841399 -5972986 -2710421 3558980 6173213 895209 -6529519 1778176 544232 1241921 -13332097 2664602 -8465885 -3890681 1585666 1597050 -9178876 -5533356 -6267595 -1699060 3888191 1512754 3596162 -7307452 -3269160 -856865 976913 -3600238 -3749694 -1116834 -5892507 -2303424 -877647 466373 8772235 8720874 12544652 1908972 -829314 -7236208 2659725 -4201730 1569548 4115580 -649964 -9333172 32967 -4302785 3219605 -1047743 -2444084 2276102 7236332 -6187083 -2645509 1118026 -6382699 7345525 4020174 2257223 3428057 -1459546 1540483 1850919 -4134561 3157959 1492655 -3577429 7427046 5945977 1121412 5442396 914503 4675892 -3481150 -2588750 274364 2922454 828962 534054 6212074 -2461253 -3467435 -2610421 8440780 1825068 -4727055 -2138077 -4986169 5612353 -650507 -776292 4771528 909550 2873850 467131 1431085 665432 1528818 -4108397 -4539999 -2436632 -4427161 526453 1082499 3104695 -7366624 -143324 1796340 -6525389 6035424 -2210071
2629898 5584928 1763913 -2158136 4353943 -815339 7396847 -6185881 -8161306 1595313 -6087730 -922892 -1930454 4014734 4439826 -1267286 -8119272 -5319537 -2513728 4362362 4416388 4451162 2181369 -2502078 -6691158 -3185232 -3020074 6169188 -1628007 -10232946 9518204 -5402849 2157834 -8993748 5761886 2966810 3763496 -468702 -4202200 1561535 5783666 -2216424 -3195500 -5547403 5993946 -6313922 -2679375 -546607 -3350152 -715609 -2309532 -1780480 4557955 -1351637 3363754 1831889 6020768 10317340 11903248 -3377193 8693716 8217257 -6372403 1087894 -2959106 -6691561 -1620612 4464366 3240710 -947843 5370547 7531578 -3641600 3981080 1548741 -2845112 -5573960 8313626 3215602 -5505844 11582169 4236895 2520400 -4631460 -1318738 -4842878 2918525 -1037298 -896765 -2908051 -2497682 5897728 -4980830 1002380 -4692308 3569828 8417945 2397005 -6891392 -3713936 -911780 -3248836 4045452 -7392864 -8702450 3776933 -2987877 -8549376 6802803 -2051772 1789291 -5911769 -3881140 -3442727 2224893 -2795886 3640307 6087519 -464302 4242802 3411874 -572267 -7272165 7559362 4009198 3677249 -7047010 -511354 4622852 -6573847 -5995351 12381717 6454750 1280548 3471707 -1032752 1314940 2381581 7535523 3366918 2872330 -5877336 2293800 -4552787 -3395252 -2172705 -1137688 -489585 2302070 2949815 -2983322 -879505 -1584915 1701034 -3676885 4048284 2342209 27849 -5638691 1926089 5859370 2569003 1412654 -2305558 -980081 3319457 285008 5615642 -9437546 -2244178 6085980 3419417 -2919017 4128941 -2868229 -2142661 -2239579 -5873141 -4233427 -9121970 -1207432 5976784 -89938 2789776 13103314 -5127785 4920902 -1474923 -12083860 2888241 -3870035 5026274 -335510 7069843 2035760 4164683 -6187405 -1864021 2652137 -1519339
2472421 -1777281 3292654 6658039 -3675185 2727344 3003912 4707250 2698572 -7857741 8516431 -631425 3303467 8428209 -1983178 4651517 2812612 -6299310 -1937734 579951 2163414 643266 6366725 -3862780 2164077 7126786 -5880861 -8167570 -2724012 -4208374 4429945 3966430 -6241420 3581026 -585644 12474432 -326765 1115241 -4518703 1230454 -3715280 1378133 -12287 8962305 1955770 -1256872 -1970699 3952677 219642 -1138247 -11373546 3018771 3478906 -1926900 -7516142 777669 3251292 -517883 3130773 -6873334 3716490 -402377 2460667 3173723 1709606 -4526762 3448975 -273084 -3048281 -10712113 6186173 2164665 2449424 -5353564 -3841663 -9584853 4245814 -1381891 5630973 2702440 -3086439 5583960 1772391 1006758 -6306543 -3579354 6379949 317970 -207731 4073727 -690270 -7409422 11657194 3262132 4216589 -2425915 -1037254 4192401 -4265564 8406675 -4471761 637450 765204 -3649343 -3324671 -2753261 -6990523 -4659085 -1568444 427716 -7259784 -3123115 -12202449 -3066696 1017241 9785550 -1073459 -3329496 6456391 -1920557 3014110 8027129 386564 1146473 -8607865 776034 -3245392 4493879 -5400965 8369699 -5774163 -304856 2231711 7691839 1923861 4104198 3110966 -614018 -8168878 5349726 -1321477 -2309663 2564565 -1270413 4634509 -3951432 -1730623 -5079583 -287810 2024144 -5303821 -3810118 664778 43758 3206604 7814492 -2822887 -702924 1372549 7258644 -1057143 4142691 -1658138 5968418 -8740328 204116 2579390 5897709 3311234 1934428 -5479020 6453789 -3758321 -493467 -2632867 2239604 -3191368 4795937 -3706958 9356040 -2690681 1242884 2153129 947990 -2924669 -1153491 -3421529 -184550 6544850 4806084 -7641289 -6492698 -3414622 -2165933 5205959 -4513827 2591079 -4413543 -3419799 -8614892
7178801 1147499 8731389 -175749 6255223 1715078 -9151841 7000044 -7266993 5202327 3502476 2687561 -465071 -11794574 4041715 -10192035 5119865 -13100478 -1017191 -8151277 584464 1442918 3385834 -3115715 -131304 -1954502 2373640 -856990 -353597 5135907 -103323 4691109 -569257 -3201605 -8203986 -3916254 -4914505 -1821248 1964354 -1911433 -3615951 -121897 -546817 1368989 -12876317 3653711 -1203018 3846163 755145 -2414426 12458641 981175 -6248731 -1265646 -6038573 5658526 3988758 2030935 -589317 -110750 -352421 4974016 571319 3605949 1701173 4949648 4462568 -1221982 -4086264 -2820744 -6321864 4370767 -5484829 1299108 -7783966 -5270729 702103 2053323 -4030071 -9478646 4669785 6058248 7031965 -1190034 -8966877 -6962185 -2291396 6399827 -2088916 5149192 1322025 -475702 -3040628 7966235 6850051 -6184434 2133847 1203722 -4200942 4308344 5178531 5657906 2133767 -313369 -8597039 -1665199 -5118656 2032888 5429315 -2402864 3085095 634101 -3888005 -412102 3691347 -5358818 -8611634 -5179840 1909285 1380538 3609355 755190 658818 -1781076 783178 5837825 -430832 -5023283 1761970 -3522667 9124152 -8579909 -14790414 3423784 -4667233 5982324 3262263 3122195 2936834 180178 -4450070 3825163 -88060 325976 337823 1564382 3533020 -4626895 492954 -4108424 -4829353 -4591599 -2650767 -1195989 -3252560 13175777 -1714806 4518674 -4772130 3613181 5157722 2951365 4179898 6023406 -4426536 426227 5615258 -2474250 1271137 2651780 6834842 -4338054 -5004447 -2446891 -369258 -10962329 -6870722 -779709 -2551897 -695185 5911893 2604418 -6176777 -6201913 -2058962 -6905021 -2580206 865841 -4523767 1112299 3841584 -1579427 9276771 -5433597 -3553429 1344972 -2025390 -1967241 6935445 3789459
10504426 2248025 1737570 966194 5750645 389581 -1790983 3542470 924335 -4636104 -1187070 -4634774 1608316 1859375 -544628 -5876240 -439239 -7114853 3121025 -6227406 6762776 1487948 -221438 -2153394 4806029 2511600 -4752422 2385591 809239 -2249883 3552937 2255319 -2520649 -4117515 495004 4909015 -3711213 1467230 -2019346 1740589 2581854 6021264 -2436390 -8716053 -5845891 -1267543 -1442283 4889681 4518857 4037534 -1705855 4974448 5142917 -10878504 -5784803 3074811 3623993 4128134 -111971 3403241 -10887723 3009290 10978623 -6302297 7262086 -6175325 -1439307 185408 -47363 -3980966 2175014 5506414 -3337315 -6803722 292518 4958584 3278962 3774866 9705391 -8984240 266100 11981290 -16478570 -7192947 3166071 -3071245 2490034 416627 -4408897 -1836255 2565765 -4867187 2095878 -2599056 6105961 -1854791 -2850829 -3853923 -842189 7068262 -1720791 -1971350 5002203 -2162086 -2342263 10480622 -2050921 -3172671 -3669184 2194515 5731943 -1698342 -1484375 -1347751 3407654 -488 -3298784 1436816 -8009638 4066735 2658718 314954 -639244 6627116 1872424 7730044 1398649 1084307 5764837 2697626 -214115 -807975 715242 684939 2859946 -1610044 -3477396 4955523 -8007739 -96641 7789869 -5914662 -1020149 2674479 2147392 -4756300 3027761 -1339996 -499859 1301117 -3845218 -1508857 -7291678 -4325548 1302813 -3622748 -2051334 3384796 382383 -1489432 5902530 70287 -1817876 -1854755 1156599 9054655 -2099782 -726471 -1093397 -2157808 3545206 6516566 5187025 -3549346 -460728 -426886 -2246590 -4159461 1333770 -1296093 -508705 652285 4270444 -8665711 2441874 2908394 -6580364 -5061472 -9358356 162091 -14295921 -369795 2716107 -850723 7292654 -2120207 -4250135 -5293856 89797 -1461041
-460087 -4081633 2935217 -4602523 11783675 -8487328 517168 -4914050 7706029 -9578577 3404652 -7216793 -1868159 42577 1848540 -286613 -6050430 -4586015 1348170 2469058 3688886 4565157 -4710352 -6383574 -5665614 1583822 -253747 -7978631 1747460 -5286047 5296988 2822381 -4830183 2640494 714834 -3978669 -1556977 -1508963 4647260 986747 2000218 5602328 -815821 6353562 -4637845 7949874 4708263 1447598 2026736 5697374 -5122648 820811 8507063 6193406 -11606911 2577393 -366685 138411 -4461906 -2408964 -5352884 3055604 -6467867 -3259737 5537311 -6272495 2824706 -2498230 4225412 -1463804 -3598590 2652236 -4221225 4045937 4386330 -8414096 -6330714 2388019 -9141578 -3773082 1147847 -440544 -4744981 2842778 606939 1641014 4699120 4237100 1944451 -2602276 -4682816 -2204393 -1714372 -1023606 -342428 1177730 -3386748 4777848 9792495 -9556916 -3637095 -3223011 2188527 5515062 2173973 319632 -3583082 1349306 -7092362 7278884 4542222 -8916292 5049523 1970905 3778546 3470127 -15253413 -1082420 5847825 5643269 2047318 5976489 1944136 -862497 -4884167 2999480 4880142 42698 2613599 -6078715 993425 4122819 4108337 -9667355 -7044183 906890 -3209494 -177847 -3292777 5873622 1797046 1323099 5314641 -2808849 5242907 -590475 52686 -1747537 -5617223 -8879211 -6192112 645670 772107 4638017 -8887447 -15321751 7717336 1830566 -3682549 -2141021 -1919577 -1112471 -10128187 1486736 -3189348 10878296 -5140480 -1274028 720287 -2466705 455746 6113895 3733408 1988926 -4303236 -4685662 5293450 -2997410 2173035 8562046 -3694258 -208662 -3087081 -2928371 -9132074 -658244 7993212 7433936 2216623 -3076196 1596469 2518260 -2484681 2293200 317655 5575817 -3209877 -5864358 -525623 -2183602
-1218934 -1204445 -3112449 -7196012 6853710 7887231 3095843 -6769036 2662379 -8116203 -1150640 672610 5283094 -3702367 7746047 -1892878 1673357 -7375983 -2574021 2990021 137987 10127382 7037252 2942256 107839 1527907 414830 108745 -3110701 5611276 -3992313 -7896657 -1826124 -6846672 -1445930 8378196 10636381 -5682605 -397130 2230713 -2404327 3394342 -4019784 695678 4133266 1314695 -643885 -1372135 -3343765 -3400474 -8071636 2932716 -1353231 3596959 993061 -5989863 -274770 1298856 7597664 -4364335 971702 -1480827 -3940750 2538400 -3391293 -505904 -2347744 -4091774 -1386276 -3854727 -1752106 9585413 722414 -6114962 -3462604 3265799 -11333681 4368997 5190601 3946478 3455852 -3288903 -4549893 -2753890 -2836950 4129288 2214135 1644645 2625206 1886648 3606882 -7217015 72372 5833670 6774430 8098225 -28636 5502177 -2266066 3320674 8195260 -2025328 -2740879 -3049814 4404742 2089573 -6017134 -2198080 -436731 769085 1700145 2970643 -2075663 -3065030 -1341798 -10581046 6810623 2151998 1100579 4065541 1894208 2074561 -1170372 3290621 5829516 3439096 92824 -8193326 4139928 -4224969 6978236 -1723837 -117664 1659399 -2265582 4506180 -1933801 9273993 6446847 3795736 633149 -1671919 -1118782 3750627 22205 3286636 -1204728 5369562 -2022661 5972338 4202547 1113536 -387057 4607726 1491500 1716603 1161917 -5119131 1221263 1845018 4274260 1633030 5829324 1481597 1105861 3085 2063305 1587027 -158893 389975 4276693 1485404 7042041 -788039 -2829746 -1675009 -7059679 5049733 4874233 -57049 96949 6926524 -9515622 228272 -3145780 5705539 10304010 -1098558 2983211 1758084 1280309 3529080 -4591600 -1174716 -1644494 -4408190 -9321299 -3431707 -4585807 2905620
11239352 3183941 -1283702 -6268002 2055856 1127018 -4776646 4922851 -3795754 -1252414 -822362 1411334 -4558473 -3361902 6368757 -3171091 4129937 -7093664 -592553 3574359 -636841 -2451575 -3420254 3270390 295779 1636563 1513330 -2811154 -8411866 2768506 1041248 -5002744 -2032652 -803399 3957264 -250681 10071109 4766475 -2271561 1654213 -5586456 -2012230 -7593235 -2440096 -3085961 -3395567 972088 -6112462 -4495301 1634791 2301640 6112591 6602086 -608259 -3454486 8671089 5042566 -6565065 -6560521 1138645 -785225 -1697858 -1699210 4724819 -2831919 2773243 5770180 -1508815 2983133 4391603 -930117 -2189207 3422039 2015183 141504 -5506715 9807082 -835150 -817039 -4888497 2853313 -5415143 -7453877 837726 -7592935 -10763238 -3506997 -1316165 4055578 -682162 -5416109 9157891 -3288727 -2656293 -5006299 -286340 -8802990 4466237 1026708 -178927 -1340643 461255 -2791899 1427684 -3164505 657587 -2619474 2830782 5894817 -5374951 422742 -5808166 -1158352 -369620 -469232 -1841772 -9500541 753566 -2549479 -2520803 -444727 -1738008 -113523 2155353 -1167875 -4897380 4100439 3316219 -946957 1863474 1894056 -4837681 -9053990 2866265 4101776 -3158246 -6349203 3506849 2089395 -1158881 8155293 1555840 3410038 -1379539 6238716 469892 -5735348 -578731 456467 -8891547 831678 2005599 7495780 198554 3349075 -3897451 4188766 -362188 2992853 9001532 -3401680 5163889 416651 2939449 447862 3916263 2595903 -1628458 -10449891 -3292516 1230832 -3346817 -3959060 -2201392 6505700 -965280 -300804 4174572 5018617 3894350 -3547752 -254972 -4817219 6701306 -2721980 -4571107 -1739824 926886 472665 8253818 30998 1793567 104520 3509240 -4710173 454621 -3566103 3958307 11769316 466354
6758723 1806242 2274714 901987 -2217075 5927862 -9534166 2678557 -7603715 2403461 506308 5031784 -1780622 -6068067 -134467 -6269180 -1390931 1686330 1730869 -4987578 716669 3107818 -3033778 -3022760 1232843 367830 4821704 -4447336 4202596 1796202 -9577278 -1022904 5110435 -5875919 -1801248 -1468788 -9133018 2781354 -1150225 1917073 933413 1822733 10706570 1313920 3899273 148314 2742777 -4027862 747380 -502250 -3813720 4955533 1135966 2180415 4667492 -8483261 -4452808 -167415 474069 698004 1507585 4381254 1058267 -4100775 7324198 -8417074 -1345163 -1613069 2423515 3244390 -7453919 -3310736 -285027 -766788 -3753676 2939623 -282946 -7367649 4679187 5665833 11407062 -158450 -2060003 4079989 -1489209 -745508 2368754 297989 -1481403 -1587062 3330633 -1932767 -2247513 -3502795 -1442999 -134643 -9080678 -4690185 1746310 6785757 2141219 -2444794 -3446217 5468333 -6880860 -390078 13323123 -6964521 893989 -665853 2705469 -71973 -3568044 4236855 3531016 -9076034 3209219 124754 -6456105 2462980 2084625 -1681744 -1332523 -4921391 -4920145 1623985 7046485 -3894251 4642226 4613987 -4015758 -452992 2236307 -1459543 766168 8535377 2614689 -3509356 1963403 -190534 239863 2499111 -2426493 -3593421 -4382433 -2416289 4049240 4670256 6925389 -3466284 8639887 -2968413 7607036 -569377 -671515 4752460 -9523406 2256141 -6356953 4047081 5733512 -11914986 2680221 2452132 -3394724 -7738618 -2043973 3284212 -1184718 -2058039 -2737285 -8017032 4964639 5618470 12653671 -2436988 2987792 -1121015 -5409933 478216 -2061942 1017477 -3859649 7879213 -8015445 -3869153 -646688 -1590912 -2198054 1455296 4686856 6252372 2253381 -2067470 -1299686 -3643415 7934260 1673000 -5100100 7702854
-467945 167262 -3152293 3597416 -7594490 198404 8590683 6590322 -3755857 -2891659 6709265 3538380 757322 -4527376 -3506759 -2236809 5650155 9762827 -634314 1526194 -3121522 10633258 -6012277 -2817546 8637130 -1320111 2055039 -610456 -3801177 -4881590 -275414 9200748 3543939 -3440132 -140405 -1552154 -4507542 2237599 1725851 11700319 710644 3310687 -1643358 -876386 -2217591 -1236725 -9208670 -14568032 4875141 787671 9241075 -2795336 5687249 3704504 -3849599 2408293 -3673149 -2750347 3414686 -13178531 10218248 -2039049 -2955260 -4186289 -7964439 4160247 -3632122 153208 1423496 -5342620 -4514238 -991095 2234306 -2062281 -728299 1428804 5271640 2186851 -4794928 6861224 -8736929 -1327531 1935136 -7303160 -2200973 -181888 -8243336 -260021 -3399640 2637708 4179020 6539459 994125 -978301 6387528 1577665 -244825 -527526 9074987 809777 -3580094 6105743 -587911 8383637 3647456 -2555121 -34633 2836308 -6289088 2034532 -2587532 1370644 -1003586 -4567732 -3562709 567808 459962 3802254 2005831 6864849 4997040 1081802 7709387 -2081451 3400438 5758307 -4506485 -3849579 -2917607 1691510 -5814836 -5382050 4258379 5288535 8968415 379712 4116729 2966392 -3249731 321494 2208177 -5196498 -7511241 -1270629 3350627 1720097 1277106 646354 -729752 7281481 -232439 973369 4335763 3106358 -2530116 2086778 479613 9448545 3965413 4189150 4312351 1234131 6605686 18541 1759987 798747 7258802 13977594 -1182344 5056631 1289659 8206873 -1489831 6867048 4686460 -5995108 450530 -673325 -993433 3451894 4401271 10239195 -13545264 4120926 3719616 -20475 18254 5856540 -315888 -1455173 5339285 3052837 -3689652 -11615299 -3229764 -1481146 5516054 -2079004 -2131948 -3382753
-10670190 -2052245 -5938289 -3371017 -1911443 157340 1760316 5476509 -8252336 -6109812 6607430 882170 1097844 -811264 3227443 -7605237 5257175 8642278 -6475194 3259954 1201816 1850401 -1353689 -7956945 -4750912 2630823 8967839 1039788 -7350409 -7700628 -6595559 6191012 2199050 6053993 -3263757 -3236549 -953077 2817000 2467665 -1704307 8334720 1231377 -7625298 -7250874 -866669 -2470868 215904 -1929397 -804804 2757979 3833456 8348571 5609625 5244850 2616951 -2053991 164143 -3048455 -495000 6569999 4788 -12425557 -840028 -5704869 4137924 -4718193 -5815762 -3799895 6638159 -1206272 -335674 -3501040 1353703 -8203482 3604007 6721640 -828344 -127839 1834693 7262446 7235056 -634737 -6576171 -2509801 -5942702 -5136808 4337273 5233787 1018 135974 2827073 557549 11509587 -7106235 -3805052 -3741600 1950451 6638973 -3075814 -3076597 5075823 -948683 1972876 1439134 17377 -630384 1149469 405113 -2791662 -162441 6855027 4719920 2757413 5835614 4579039 3444362 8499750 -2603839 -6700578 -5495966 264571 -4798421 1294168 -1102182 3542925 7762946 1586242 -3495621 -111418 -3829136 -2274494 -2179126 10122696 5814907 7176769 3936685 -4245411 -1031788 4529854 5177529 2071882 8171437 -2961592 1313927 2570861 -5167536 770514 116837 -2606691 -2538340 -84444 5989612 -3163867 -1360632 -9272138 -894617 -3527331 -3555678 1379295 -665014 7334922 1826844 -242981 -4213748 1396452 2997003 -2060393 4732193 4039952 -6305201 -5963591 6766815 -2123599 1921324 7286578 -182406 -2888861 -1190130 -1480575 -1742583 4224594 4282325 210204 8497799 1418759 -98658 -5049694 -1438879 -2370254 -562271 -6441252 -10680919 3760601 197808 590084 -740289 -587195 -2242747 4024734 -2302292
4555398 10120483 -824957 3893586 7565467 5782041 -3870047 5592412 -510645 420514 7612359 1166055 4257937 1727210 -11573797 6723014 7345712 -785306 -3013636 -4650295 1568683 2405768 2285526 2324322 7194935 1463117 -1572988 -700758 1695972 -302977 -3635824 -2671526 2762242 1918840 919194 4756342 -2709547 -2595421 1759037 2420542 10733117 -9718306 15867 -7237018 735082 -5229767 -5634139 -436604 -7020190 -1097411 361827 3596959 414719 -8483396 3101745 7102721 1382048 5571176 2586968 6396339 893221 -4494798 -3423564 1043796 -1147724 -384667 -5654345 2555506 1953594 -2893013 2429294 1542444 -5835709 301280 -9483049 4645789 -785693 2970761 1056683 -3372813 5166982 7518664 -2359474 -4114237 -502775 -5770891 3097815 1869943 2996489 -2501721 1987240 -695864 4650341 -6187733 1476522 8403368 -5720610 -3966012 -3404245 -6314357 4506131 -1138655 -9798612 4344388 1907372 -417431 904734 -6106406 127576 -2619071 -1950938 -327492 -2997808 4781601 4572788 7362317 1335232 667615 -2859703 -2071544 6397746 -7775096 245198 -7836262 10415328 2258009 4020560 -2918835 8042173 -6385136 -6406850 4308267 -52660 -523532 -386363 -7628745 -5671252 4638705 -1225564 2163481 -3978459 2968661 727102 -306620 -9942790 137151 -2265687 -694856 -3486245 -6909621 -5470388 -3552261 -275658 -2977958 -1874946 1736907 3000165 -263759 4114289 4205380 -9291557 -11031959 3304498 -1791275 707995 -686021 -1040531 2690463 -6077343 -2967351 -6761940 -7171644 6953205 -4458616 8619689 486850 -4057059 -7374921 167128 -6824715 1803502 -2861849 -8379426 92047 7269900 -3528717 -12449435 -8806662 -577385 -35747 -3704917 604172 18152 4794679 -640333 -2698612 -478105 6082921 5791026 -922581
49312 1844759 -5518192 212516 792481 8507677 -7985522 4131841 -11460481 1194492 14600632 7223579 2873892 2297962 5769296 6016794 102195 -8798897 957919 2762379 6505420 2122360 7061570 -18139183 6786381 1109607 2696081 2719672 5067174 -7585302 -4160846 8045532 -9254930 -2792429 -1736934 5307515 -3681011 1209332 5267841 2535707 5711273 -3936249 -7249830 -12663183 -1811615 -13805621 -2857905 -1632921 348512 4810042 3585906 -4272026 2720336 5030853 -1320596 2307187 1858319 -519889 1548002 -3112399 7422785 5250924 -737451 1291737 -4385942 5889450 806992 6632551 -3483116 -6361217 2712121 2521033 -12872181 -2815198 -6812873 8291226 -863626 564868 -2063036 952549 -2170908 8522484 -421984 -4304943 5779134 -469241 1366402 1286036 276143 -6060699 2443261 1306139 1437192 -2673878 -1721102 3161356 365613 5299562 7335401 7685330 4767614 2536906 -1848009 7196199 -2178553 -8519004 -1427647 -5494774 1785466 2485956 -22331 -5654495 -2843656 -3076297 538514 -68346 -987098 -1961034 -8066889 3330933 5381432 936517 820293 1633282 4241894 2690918 -469110 5121168 318317 -2107387 -10472237 -1081941 -5737556 1833463 2848297 -1842909 -2240107 1893700 5023470 -1735593 -8433556 -38849 -1509663 4342183 1557034 -3881143 -2179744 -9922790 -2169990 808341 -5778950 -4437770 -11626082 -7092610 -3695179 10625031 2620737 8538656 1716631 -8301119 -4444226 -3439224 7204198 3651539 -242430 433851 -6097542 3733360 -4157482 240303 -6565528 -1849909 1733353 -961912 -4188556 736589 -6416971 3178920 -2368167 -1578232 5574511 -2164626 5318406 -4782289 1503563 552380 -5077231 -3989498 -3045399 -1519074 4538972 4927638 3490282 -6757306 -1817313 -3159142 -1880993 2369204 -4320114 6550575
6394509 -2940967 4899174 -3571945 4755255 -3431574 6080772 7907034 -946198 -6529132 5301021 -621571 1106785 -3538428 3355325 663917 1680828 5839737 1966361 -2760134 -4861939 1105035 -2231685 -6687026 -8294098 8245188 -2636107 -10827316 -2254319 2804335 -2998846 1096331 -8502302 2416573 -1120622 755867 -3351392 -4950353 4610651 -4519971 -3216327 -5845301 2610131 -448926 -5424742 -1449022 3040805 -261177 -1012596 4573092 1190824 -3150098 2141670 -7796677 5126920 3843899 7471718 697200 4807501 542463 -8818229 7064935 4492280 -302008 6942628 4566555 -7057313 326714 910760 6623908 2482135 -7377842 -838382 -573003 -3527127 8804682 -1295764 -5608430 -6829812 -2811403 -6582770 8528377 2353137 3474574 -5358714 -2142894 6189026 3032725 -482563 -2602230 -10866880 -331818 942767 7754309 4002949 -468172 3692392 -3372444 5006234 -2428177 -731537 -1010035 5427861 -3192282 -3246810 -6600864 7491513 -2594195 202065 -2342998 3445766 -1441903 -9214361 2814041 2312361 -1592547 2704683 -958352 -1977435 -835863 1077984 6201762 2957789 -2826211 6393431 2650 -2197515 -6628160 6079066 1027542 -1546548 -6226726 -3044025 2694270 -7263662 -6593576 1879682 8808371 4272489 -5815467 -2797616 -5270554 -136114 2415255 6245604 -666601 -2974897 89752 -12164629 -4147903 -3356107 -1710303 4766229 1758962 -10879483 -5303754 -2663000 5184689 -8459330 2730914 -623000 9114228 6261834 1154319 1099817 5847313 -2176389 -6105566 4131694 -2407430 -4230399 4222118 8798278 -1843338 553837 -7572822 -1959230 -2855183 5922077 407558 -1019012 -112446 -1926421 -3645971 1639925 -2432272 995579 912461 -3078753 6846343 -3386378 8293926 2729200 1784425 4096392 -1714620 -5331994 1605069 -5516621 -3564071
-4817340 -236557 -5599529 8086234 4780745 -954302 -6139885 396702 2653688 219313 -34450 50252 6215934 -2069425 -2596552 -2301911 -2599118 -2577741 3074133 -6823418 5797584 -2355748 3981494 -919291 3793324 -318508 1157871 -3005473 88916 -4257105 1052041 176431 5247244 -5529307 -1206995 -4999733 -4410116 6080857 7828975 981745 984655 -2468065 4981583 -10464927 -1238810 -4418179 -5169217 1093627 7460227 8449567 2630264 4226223 595858 -6713662 5700566 -7192815 10499643 -4910244 -6757321 -910537 2825174 -6724148 -2810560 -3337159 2758806 3091105 -1817214 9967620 285034 -1322728 -5745344 1403807 -5132296 -5174529 1322823 7850734 -1335213 -2393212 -7168976 891169 9693510 6619525 8718063 250076 5980779 -142993 -3617141 2146947 -4684775 -671787 -72460 -5009171 1580252 -883517 -440905 2324646 -3630855 925721 12124643 -3538388 340043 1515277 -4612796 -390262 782973 -6235132 -207916 -4616662 679406 6988988 -2166365 -725945 3978408 13274987 853824 -2494801 3774069 1490111 -2822184 4467785 -7739559 -20691 3057087 -1045526 -6940458 409831 -4116162 -5565651 -4666647 -12676867 -4006183 5706191 -5483248 -8035232 -1561815 13544800 -3927775 -6055359 -2714277 -3847374 -5942604 1940227 4525414 -5905247 -6819892 -13766354 -261933 -2248510 2986574 -3364294 3836971 9405710 -1683066 2909969 2921893 5419182 -4790765 5793428 -4713421 2151917 7628043 432685 2059477 5204101 -2585816 -3753117 -850361 13471299 5086867 -2419961 -7345481 -4087324 7386519 11440039 6281335 6226075 2069036 -15569467 3228195 171047 6070698 3425394 -3096356 6661704 -3218889 -377573 3674936 871366 -115602 -2799386 3887788 -3520747 7892730 7843963 15388932 -2154408 918088 -1328145 3226048 772190
-5397301 -7216178 5469744 -1910133 -2591595 -1598829 -1840258 -238116 3084558 -876039 -1953444 5194096 1004475 839041 -2042779 -5024421 -1486928 12630944 -1956976 7403864 686581 -4457129 -9528847 -2663201 1098658 7666901 -1940733 720708 -5155544 -2200359 499903 -452372 -5888884 -5625429 -1247195 -607681 -4055128 5344667 -264516 -4364148 -3523782 6007497 -1155743 2480384 4568463 -6093620 -1897052 3409052 -1946274 -5778801 -1506048 -3529967 -6653988 -172112 2902046 6536831 -1068465 5648472 -8083830 80403 -4492554 1974210 490844 -6226717 -7275328 -1699178 1591400 -5422597 -367951 1715987 3983109 8721226 -5055441 -9950404 -1009472 741237 -3303501 -3223096 3127895 -308288 -3940144 -2922387 4285190 2192332 262247 -1862802 -6076281 1589831 5194124 11195987 11198449 -429128 -7525778 -1056165 -2239991 -1875383 6025429 -882089 -7263869 2045056 -5294857 -6819208 -2017243 967324 -6617533 -382000 2258310 2708883 -4516137 3183411 -185463 -703823 2366713 -7875901 -1603951 -235376 3297743 -6891446 1524786 -2499702 -2658310 -6552107 -3292681 1852161 -8852301 2293431 -802583 -799077 -9046151 -3859133 5883756 5480705 8011825 1483152 5168174 -835691 6667062 9937366 1106477 -5040092 8287959 -1296592 -5096615 769939 11613291 7693049 1115062 -4661205 -2204883 -7704569 7744918 125853 -3997087 -5772672 -3089905 7061655 337728 906453 9601896 5970430 -1077199 -43981 10083182 3628471 3419007 4295145 -103114 1096973 1975711 -1717332 4344373 -7777949 4007781 4443934 4115673 -5161953 -777622 2110658 1527240 1452698 87140 -1265289 -2895468 -7007548 6519156 3995505 17996 6392745 -4248802 -1587987 -2354417 3144865 -1731637 -3608477 -6042899 1906465 9025948 324064 -11563020 1121757
-3513481 6953137 -3750678 -5681380 4189515 -5907007 1313069 80872 3694451 446435 -2014573 350964 -411189 -434506 5742498 -2632148 -1969924 -2809331 -3593832 -5942141 1709444 4159320 -2088541 -11225456 -3902168 4338543 4029837 -2072881 -1282664 -1625664 836101 -228209 5131953 1155855 1943295 614556 -5461598 497412 -1933394 2378182 504410 1992555 2785934 2598178 -4118620 -5367531 -4164355 -4547438 2944890 4219124 1815955 284869 1180057 7842048 -1238081 -1631153 -4242215 -5675688 -939806 -1233340 -10976806 9124882 2052286 -3022800 7499455 -7719914 -4076082 3236878 731879 6459906 -680521 -5197475 2322220 -1901307 5866790 -7513264 2430418 -1759378 8350036 4551932 -413238 -3018869 -3438410 890849 -20298 -6089372 4617618 11452222 4090005 8143441 -1977718 -3315182 346807 1951602 -1675997 -1830944 -6631457 10377443 -5333992 555849 3286093 -6341545 -2716884 -1749260 -5319072 1387995 -408495 3700491 1027867 -2515476 5252261 3346307 -1849992 2829368 6600326 -1481244 3865260 1013747 -1756726 -12248639 -2431165 1732652 8723422 -7990703 -1675648 -5858797 -3050517 27697 4401986 4964368 5019726 -2926623 10501205 -854622 -3377730 4805690 3729260 3628864 3021842 1480220 3066240 -3795215 1336570 -3878593 -666402 6761709 -6181710 1317211 9349966 -389048 6481379 -978308 2983224 3701686 -4421905 -2874878 -1451196 -3280981 -930648 3798243 -5151 7295183 -185070 -2360869 -5112342 -6010674 4222661 1386970 -4765582 -6152256 -1457622 323451 -563386 -4541893 -5485008 6224398 -5676674 73823 -1128406 871500 -3195080 -771767 1655345 -6658252 -3946691 -912409 5685170 -1182784 10460666 -4198836 -646916 5728953 -1855045 -1783925 664804 -2363235 -1752668 -7274808 1985246 -3613582
-4494222 -6086143 5249224 6763 3175577 -3197879 1580726 4848557 1613384 3717537 -3622418 1518859 2795043 -8628082 -532545 -2190433 955379 1009649 5970981 -536219 3360828 -1592123 -3727403 -1307251 -4363869 3027078 1994704 -4135968 9940826 1555536 -160297 7388692 2711248 3849284 -2694703 -8225343 -5563840 -637593 -1404165 2454305 491054 -1262037 8562178 13047285 -1570175 8475738 2766924 267326 1791114 -5366171 4100709 -2488968 -1850839 -2840020 -5439778 1593403 1358638 9010275 -3850542 627842 -854929 6978928 2279616 5913327 3863604 -823047 8289964 -142541 288557 -5899242 -179753 3217703 -5823296 -4684977 -3793627 -4388529 -4067259 -307165 -5438190 844585 289236 2453094 1167045 7242686 1325722 5419654 2371739 -7936347 -1066168 65033 1921321 1824736 -779412 -2835284 2756385 -1202966 -1035847 6708978 -12197 -1882382 -2376095 4302688 6149720 5830358 6411966 -6987570 -1969780 -4490304 -17721 3410090 -6279425 -752349 11878724 3473930 4974172 -2999003 -2268580 -4625299 1946822 8564858 11159386 1878558 702613 1584859 -1382142 4302635 -5981195 2695373 -1356684 1069417 2626095 2367396 -322499 7812092 -1307197 5675643 3396511 3399252 -5787476 -711430 -2266112 -160742 477399 4966414 3721066 -294835 -879524 -470154 2222118 -3777194 4798989 3973177 4793915 -510163 -85337 -4008373 2353904 -659056 -4513835 3412554 2286207 -101465 1001465 1981619 2356105 -5013091 -2747593 162450 289852 1789333 1272517 -1092021 4322268 626469 -4925430 -10054276 -4698773 -4871863 11313364 -666656 -6109789 -725018 -898004 -368799 7050599 -8948414 1953154 2249598 -912832 -2857599 25649 4005249 1022988 519120 574591 4597650 1356206 937818 3072168 -1613523
4883388 -648900 10679575 -1648510 -5183716 -2697485 6732474 8226896 -2137477 539285 2104162 1664751 -1216759 -2863966 -8906934 -51273 -1112521 -172021 -5478225 2017586 -3438913 8675326 5229822 1327409 1087383 10174136 -343141 474338 3677570 -8902787 -924285 4558895 1773322 -3550471 2807451 253596 62029 -2629184 -2028614 1753944 -1878979 -286669 -263110 -911768 -6895075 2762240 -4947319 -2795953 -3861043 -5582549 1955653 2876910 -2673326 4024218 -5924204 1143521 -4279080 1099956 4128474 -1516804 5619846 -6861795 3816704 -14894159 -369286 3107893 -1953204 2383846 -3165071 1423484 -6263670 -3025153 1041658 -1657495 -2004900 -3755693 1063648 -9616025 3766953 4023906 1532387 6492781 -6845648 431126 2196057 4427587 -1689471 -4482884 -3362607 502681 5752861 -1847829 1115971 -1622036 -8521458 4574181 -2956469 -2569543 4953845 1557010 3778237 2618166 -5312087 690261 633700 6655169 -2395234 -5943857 -14727924 8947783 -334651 -3592553 4149524 9440996 2693549 3115035 4338311 783916 5581592 -9387369 11251118 -255526 -4542050 -979585 -3973737 4479092 -2473752 337419 -5235360 5924663 -2233414 215594 3423207 5177012 -866721 3835174 -3908390 915955 -1912222 2910774 4680087 -6121603 6067229 -8411738 5271650 -1260110 -3809970 10089017 -3096629 2674396 -950591 8270712 -1138908 -6972183 432715 -623291 2648280 2240691 2908653 4779095 9456680 -2163289 6425142 1595090 7271310 -346016 3963140 217494 98908 5166939 -7496378 2233807 2085272 2113244 4522214 3590464 -775122 5470205 3305629 2343549 7087873 -1893619 -614526 2890296 8301271 604723 -358990 -760974 -1280926 -4275971 13536931 -2957619 1412661 -7848241 -1897608 -7660060 -7675481 -4603774 -6473251 -11834170
-8075263 -3808771 -3524304 -1054793 -4092775 1042969 3408235 -243704 -2266517 -5242926 1082179 -7428691 -4847884 65011 -13421815 -37727 -3766309 4599695 -14011362 239596 4272628 3627632 1255129 2552796 2511387 2611326 2280555 2442806 -1056172 -2884346 -2085550 -1319817 11088323 -834084 4541321 -2610821 -2304965 -3090777 9953786 5431417 -4184290 2296472 -3168249 1074024 -2529022 1638887 211930 1030315 573759 -3902871 -559653 -936477 905772 6446110 -6059048 11967650 -3728946 -2236395 1991670 -336679 -8312644 -3377192 -8990725 -4445520 -7207999 -260236 1975311 -1208194 915731 -2939494 -2630661 4055998 6187163 -2175138 3889661 -12566370 3600549 -3018116 -5012660 7036211 37116 -3199507 6462417 -1146807 -3618520 -1847486 9959997 5524856 -3654596 7731197 -1187252 2001783 -4078356 4091759 2778027 -8122062 -2787329 -1532329 6325614 -1458315 -2699692 -1906472 -2355134 7075293 -950174 3382075 -1839093 6187865 2472281 -1490932 -2208479 -5135930 -10998049 565048 -1787099 -1402151 -239243 2816157 2823883 -4612229 -9638809 3197811 -4073282 -2784598 -4549993 -3819577 -5687207 8625046 3793606 764916 -1181825 4151538 4321475 2067897 1108788 950213 1119522 7270934 -6347033 -698402 1678069 -259920 -4274722 -2617288 -1012068 2657 -3000759 5697103 532472 -3527689 528272 1478575 -921230 2792935 -2140067 -2252615 3764006 2102540 161172 -3831736 -651618 -5193879 -3567256 5454910 -296356 3088650 13090472 -4703281 7644679 -6372059 1388108 3508322 -4791635 4453377 933222 3160117 860286 4012220 -395651 -1164594 -3332742 -8396453 8412732 6536892 4324954 -3977485 1177642 977977 8226085 7016749 4755782 -2035102 2395661 -5054070 397102 655250 -6057513 -3305908 -3801268 1715638
-8493540 -3013501 818470 -3478541 -3058638 -4055294 -458204 -1108212 -741852 -4070032 10773023 -3946185 -2448088 -1410847 -5183343 -2668998 8276387 -3172070 -7328958 -3577608 -6463211 596760 5251857 4624645 -1676922 2559175 139128 -9874928 823297 -2644394 -8157707 676039 -3884492 628856 1995197 6503548 -3830156 727812 1498903 -6501516 4434882 -678683 8108851 -4146 -5862530 -1023291 -342684 3063974 -3429355 -4176626 4585644 -5207687 -308953 -1562292 -410349 -6029001 6943563 1455322 1968749 -3364525 3307800 -1755987 978663 -6993475 -4395596 -521185 4943849 -2650926 372175 -759642 17846 2727965 1730990 -1153527 359122 -1256408 -9559339 -1325721 -8445884 135359 -1055453 -1436855 4804 -1865177 3794843 3742599 17802 3592255 -2818862 -10366692 1859824 -6010489 3260441 637985 3305205 -3408694 -1785254 1592800 1703941 -3344317 -2200735 -1765626 2091445 -6217115 6336899 -466295 926233 402251 790206 2676086 5199730 1047409 -8404070 4130037 -8423423 9350072 -6148104 1871308 2597856 -1263358 -5031421 3962283 7978154 -7931666 2849162 5102394 -399209 6995406 1630148 3484729 -3065214 -4710808 3225545 -4231602 -984141 -502351 2767570 -4076818 -3030828 -2240698 -1775895 -1587089 8523972 -7493889 2408848 7870987 4879005 -1401102 4500564 4334570 -3343939 3416130 -5922604 8340043 3475730 -5852785 2794081 1125168 -1476968 2834461 -5783608 5726079 7948613 1667889 2297273 -4525127 1197779 -4048400 5344798 -4197972 -3204052 -1261111 233852 -1006421 2398145 -7963244 -5925918 1211671 915363 -5638711 96770 2571407 2044284 -7842513 -4506142 4742649 2396888 7343881 -5846461 -705656 2296580 6873596 -2024036 -3991271 1667086 -4899467 4737256 -3562914 693445 -8044364
-8939 -5046468 -1946288 2348341 3401121 7006501 -4596 -2477956 3931377 -1165520 -4637339 -5809528 -1006506 1084953 11946564 -10209449 -917590 389768 -7485362 -4788756 -4402088 4070777 5208944 -3015226 -1720180 3971607 -1571036 5610640 522945 -10926724 -2359113 1444859 2207746 4191264 3496815 2501386 -4423497 1022670 -4414224 -2036473 7976013 4502527 352474 -354073 -10389 -4452169 5952778 9811514 7291298 4213679 2059485 2271783 2075027 4133666 -2991480 -7823088 -7714744 4336602 6707200 -1268788 8653554 -5012355 -1341733 -12742767 8659623 -524000 4877998 -6303901 3420712 -639105 -4072055 -1381872 764581 -4706521 -3555359 971845 -5951342 915458 9384131 -1195783 -532188 643595 -7041888 1529315 -3116950 4399280 -520996 -3281002 -6651834 266156 7226693 -7163237 4126521 -8891253 643201 840895 -1991816 -354381 1853575 -4948451 -6886744 3596142 3492731 -1243843 5789186 -7956445 -1997945 -5002044 -2608582 2894470 8008268 -6800542 -5774352 358239 -7150394 -6061278 -1288305 3207319 -4484388 286880 49155 -168386 -5024035 2244755 4213890 6291891 345499 -5420095 -6858047 4743098 -7196360 7238953 2685388 -4237450 9215714 3380123 672149 3765445 -810533 4747036 -949715 3367294 703410 1408761 200779 -879969 4540599 9907325 766613 -3772792 1545982 1014473 1951878 -2188510 -2227626 6418914 -3737396 -466549 -1125207 -4018214 -1603066 1661184 -5969988 -4225458 -2998182 1960311 -4005269 1998827 2754257 96119 -825847 -1698561 -2941338 -1624537 4368364 -2632709 -2898977 -3174788 983421 -8260121 -814689 2901036 6738543 825603 254028 -3402760 -22255 -74608 -5013265 -5624066 -3813757 -3695144 -1253102 5719581 3571346 -1231478 4911593 4713553 -2316027 -2730641
4802343 -5193886 195171 -1990328 -6284337 -4005317 -3819524 3391118 1763869 -175120 -813512 4597391 1685501 -6259243 2648472 -1001639 -411721 -314475 -1368352 6557203 -1711861 -3573344 -9153800 1116441 2538442 3515367 15211949 -1198884 623738 8257507 -2310549 2494034 -8978477 -764636 169765 190219 770523 2241232 12202159 -9055994 3053271 9225433 7772594 1658367 3407088 6057508 2194637 -1420806 -396705 -6394311 -11050985 -8986285 1033192 2458006 -2157357 -1983236 -22006 -3684351 -4207458 1127578 4685552 2220661 6115491 688201 -5965530 2129546 -3153227 -8498671 -467884 3125466 7630 -1439752 3523739 -217369 -3668298 -3927020 -2495562 775815 3177087 -816872 -6132937 3404049 1812358 6190674 821923 -1299769 1403222 -7560548 -2818997 14134189 -2091494 -2365160 3278662 -6363715 6064476 -5458621 -5547654 947628 546108 -5726861 -4565612 10331698 -159742 -6275974 -1012290 -3017758 1499565 -3034175 2165563 -5440899 -8503365 1289521 -812450 -1431231 2488236 -5328981 5605413 -873597 9751531 -3898868 -4262428 -93960 -6714709 -3838612 -1293935 136760 3009356 -2511887 -9413444 7614484 6425477 -2648412 -1102410 8917573 -2771336 -8256305 -11292860 -1322693 -7600606 -3881938 902805 7667096 -424857 -684377 2698390 -373181 945383 -2394016 5301022 1957886 9806951 -5753183 7307191 8339616 1673689 5548635 -7578921 -3419280 -2357571 6090364 2589392 -3577445 -4073716 -2567355 11066595 -3908031 -1217028 4883521 786696 3399165 -407705 1161895 -7000136 4089364 9599902 356965 8981789 7647499 1123753 4338936 -6769738 -279780 -4288318 -8536641 1626771 8797595 -2337379 -506276 1023198 1841218 -2127028 -5005691 -842337 3149102 3367976 -856208 835392 -1484838 -1051257 -930212
5089780 4407267 -874083 9029382 573982 6200752 -7463669 360758 -12713628 2066975 638445 4997835 1975878 14253694 2459988 3282791 4993861 -5706167 -7917855 -3846058 6448324 -10893477 -1794753 -5831874 -1836118 -7504623 3591392 -1468112 -2107828 3106797 2920944 -748335 -3654894 -793593 2189466 4273073 -397151 3486433 2019540 -6600774 -8248683 -6216453 -1062336 -1001639 -4470737 4226026 -892826 -3455067 -1400403 -1165690 491915 7730680 -1371328 -1224725 -529500 -2371804 2269451 -613099 -8825330 5519537 2707117 2053140 2472044 6073085 3133945 -2028561 9993246 -7108307 -1662364 7019342 -2110163 -3666909 5081121 -5751521 10937456 3014322 9806969 -9053486 -1334154 9626754 6944106 -657868 -4969336 2773213 -1762879 1738131 -2875089 -3580698 5881811 -1257569 -455120 -1457407 -7177851 6282448 -5095104 -2985975 -588417 4466153 -469120 4370022 5100355 -1550780 -1037945 -1135134 3334678 10837040 -5203907 -3794329 -2564064 4322297 1059765 -2752803 -5630311 3686566 3485625 2624094 -278444 6581557 -1602504 5229108 -408904 -7280379 -5531390 627727 -4743180 -9196971 1943720 792673 2029265 7735511 -7838104 7258592 2465321 5792515 6029923 5163459 -7395508 -12639512 3920170 5966069 11694693 -2386242 5345923 -2152372 -2880997 -2058595 -954541 -4148822 -1307234 -3130798 -2508265 -4907303 1396296 -596403 -423461 13200265 -6379953 107558 2106021 -5602711 8059836 -4540087 1426787 984584 -257868 3650045 -1973262 2124535 1685885 -3469275 3737309 -6290781 -2311538 6912338 655588 12658695 -7241391 2036670 5909338 -2624225 -2236895 -7234945 338771 1505289 5062210 2341811 -524000 -2931597 7856161 1051821 -11774098 -7451615 2611661 1494968 -8424975 2472163 -4433562 -3454145 7604802 1458706
4930045 10482670 686507 2526268 4612791 5461200 4701041 8398916 10336528 -2433903 -7609617 66264 -6020229 1507905 -3997344 -2031770 1949016 3603041 -5467325 -3458124 -7621441 4700898 2357638 7969774 5177654 8599399 -388195 2130054 -12119544 -280523 9235181 448843 4397507 358133 -5056991 1729233 -201042 -6900390 4009514 1960298 259403 9336182 -1994328 -3545632 -1088730 8179572 -5414574 -8678454 3897408 -1189340 -5017889 6942166 10024035 -3148464 7034211 1269324 -1195990 10327683 -219895 -1073172 10180193 4824423 -9629297 -7490457 7078547 879598 482092 -3626241 3052975 5448396 -2944999 589 1029940 -3681743 -9522484 -4072662 -1186461 4690648 2262362 -3274610 3329935 8605707 3653041 -599898 744127 -7292564 1581331 -5220884 -780955 1338923 -1130361 984087 1245014 -665484 -69942 -1452919 -12190319 5999523 4337703 -8836448 4579914 -7977194 -6484962 884155 -4530604 -2001373 -6665330 -816074 -9473409 3975332 -11588701 -8094897 2128965 6582959 -2026083 -20565 -4404427 -2599821 7184534 1394702 1955026 2106848 -2928513 -4105318 -3939251 -6097397 11176758 -10369166 843668 -57283 1677144 -325858 1894696 -1150680 1828331 4167653 5997070 3867805 -1119965 -601825 1319685 -2998400 -5215149 -4432793 -2717246 2841582 -6756449 10662204 -3912610 5091203 5179968 84081 15592347 -204681 -4971796 -3456371 -4741880 3655345 2174855 -3844300 4983294 -1178727 -5370877 -247146 -1457489 -89813 9103710 -3368183 4958475 6701945 -376963 1341155 3919970 -73384 1117492 3938630 8281148 -372209 -1847810 3002186 -3468865 -3442459 -3320435 4102936 -1500640 -4958542 2942050 10853138 -1540728 8292977 -3550940 -1704267 -7841638 2463275 1085320 3828908 -158476 609633 3332954 2955977
2481443 -8797748 -2188424 2770555 4728432 -1237500 -503732 -1614612 1447407 4383499 1301731 1591078 -1850723 -995059 -272536 -7214418 4893281 -3125150 -1450148 9849923 7978739 -9836367 3640481 2428447 -835826 -4676532 -1240707 3876750 -3016529 -5836918 -3848290 468352 9042699 1337991 618280 412711 4674874 2399559 -2182441 -1043491 -2098202 -6619415 -2958072 -4532049 5348733 310939 4665758 8478083 -10206767 -9057635 -11164452 -2047235 -6129159 1720633 -5086402 -5293696 4983248 1319769 3413936 8163006 8319540 3537624 7378820 10379309 904417 -2567565 -536211 -7269360 -2798298 -851507 2762714 -2851615 1939792 -3390405 -3228132 -1432140 976690 -3159642 -6067563 -42149 -7216252 2388146 2283882 6007609 4613441 -1362634 -6747085 -2124902 -330750 789208 -2042045 2666511 -1936996 -4380210 7137073 -908203 13035803 -2698649 -7358666 -2732354 1622074 7616259 6258615 -1801751 -3627127 -489042 7534759 -9214150 711661 -8942994 5551364 -4149470 -52460 3361707 5411249 -5350252 4520813 8454429 -4455863 -2291762 3636581 -10787554 -4330671 3924558 7427480 2842312 -930557 -3933018 -3100880 -4946967 -5594591 -5778749 -15221514 1975733 -6415267 -1286293 -1274329 -912763 -12263353 2006353 3473068 6675363 -52321 -6140584 -418323 -1127987 810410 8272340 -5107694 2403666 -7446798 6137921 -6411265 2833909 5047423 -5544093 -2037568 -5955948 104548 -1664492 -5462898 1494799 981247 -4802514 -5643137 6144855 -284907 2342552 4869323 2626253 918051 4755721 -7183660 7607078 -574797 -4611446 -4193142 2893156 -3921821 -5191602 -6634410 562001 3093631 5342022 -4308622 8567247 -7237044 3296266 -6842558 7081898 -9055425 -8805465 100006 934887 6027704 -9008420 1753717 3429247 -2037808 1882293
-6772438 7150521 -8668953 3506219 1766448 5672511 3877054 4374075 3274741 3859885 6406151 5484143 -5829312 2275654 2846767 126845 16159311 -156488 -6082173 -8019699 -3518815 846943 1654082 -2638135 1094010 -1831545 -384575 2940646 1649555 -192687 2703442 -1140480 -6651821 -817060 6186094 -7326752 7689748 -7847722 8392653 1284649 4347576 6813713 5581280 -1810393 536087 11033869 -1934262 -3455734 -947955 1856403 -5129176 -2228234 6155382 755794 698168 4081592 -2199169 7550934 2798032 -9509043 1713537 534111 -5909462 3796840 3047696 843053 5981744 -226116 -3558353 -3603567 2255176 8450059 -4662022 -4249818 -7554465 -2092580 -2030508 70412 -1779586 737843 -8369187 -3717244 -1054512 3306117 8272953 9165778 2783323 125603 -988954 -2459578 -2056727 9216566 -1018268 -423883 8507946 10137253 3366378 2622731 1123182 121050 8254255 -725640 6937864 -9829004 3766961 2094728 -1290470 5608526 6225485 1999520 7416487 -895794 12221845 686534 2568841 -4791753 6780735 6491480 2421501 7410665 7002047 5640107 6253913 -2286232 11543677 2292833 9373764 -1017009 3745711 -3662972 -5509189 -6043704 -8683593 -3392137 -755122 3427800 537730 -172931 -304139 5509672 -2756247 187223 781160 -3558745 -41930 -1705200 219772 -606673 -3185152 3762216 -6343349 2268161 -1486438 945917 -2325130 -15993832 -2362338 4257978 -773256 -2468803 3091885 13698188 -5588679 3376750 3359793 4010020 -202836 -7765725 6518473 3763533 -1775043 5968415 5507472 4848286 -2154076 6505287 1841369 -8712575 -2179635 7103774 -2916572 813820 -4422196 -4535005 4606202 -1049131 1677947 1897565 719642 -766521 1978995 7901354 1632741 -6472590 -2177852 3426963 3490877 599319 -746937 -98383
2271495 -3912626 -1246092 5356183 2151157 646588 -6099069 -5367500 5514972 -2899234 -721159 977032 1326560 -4625419 -7969845 951679 9636789 -5725000 3443617 -3432089 -4066258 -3969296 -849401 -4147016 333691 1820283 -994905 326584 -653343 -112823 3563820 -4132528 5637492 3709858 -58570 -3954586 -7828031 5086699 -3995377 3684189 10362611 -6408549 -1709654 7272056 4433372 -2598266 -419073 422792 3178994 4064900 6156949 2759554 -625889 3669760 -6020901 -9491261 3217752 -401351 3283633 2102766 6413149 -7046478 -3990518 -2671416 672911 5374177 8216884 -2479067 -1580814 1647938 91019 1263124 -3427226 -3368582 497350 -15071169 -5651315 11569569 -1806091 1764460 5072543 1776359 775950 3663100 -9637508 -7347066 -2864538 -2426782 -2579170 5705843 -3093225 -1396741 4210412 -1843111 -1570791 -1404123 -3382397 -2584351 3826285 3807589 5387817 7333164 9078500 3358555 4189702 2332657 1488355 1887784 -3814711 -3758585 -955670 2138898 933071 1653761 -2438665 7897431 -5140575 -10587119 7346641 -3829152 7166081 1345316 -879308 4834129 -4997556 4294882 -3335718 5807326 225923 505165 -5798106 -255631 790981 579322 7508318 -1057861 51809 -5431333 -7013433 -2434423 -3456415 1739588 5298644 3652588 1676482 8203944 289821 3458774 -539257 -6806759 -10133026 -8462806 -1582305 -3047382 7351615 5857275 1417288 910433 -1208998 7161290 2310428 -1778071 2229521 -418012 3881893 -3231271 74052 11012704 2908772 -3548615 2444585 4985796 -1127255 -201682 -2198226 2878123 1962365 -2173756 5023660 4460605 -6017424 -2956924 -4799380 -3394652 1485334 -2691127 5274817 6947110 1581254 4419120 -3357921 -3207954 308412 1385412 -1957587 -1476677 -243971 1625154 -411830 -2843639
9108927 12958338 5925430 2239815 5483528 6895007 -2828544 3608696 231730 -7707802 5672504 -1652604 1204482 9532031 4826199 -5087411 -101985 -9753308 681841 -3693383 -5416296 4556608 -368926 -1971550 -3095651 -2002766 130679 316404 -7282946 991368 -1011433 7385932 -2431527 448804 -5818298 1104586 -4177858 -2143526 -770962 -1401635 3128514 -3553680 690096 -1379106 431585 3760467 -1722126 -6777236 1664906 762047 -2521849 6581705 3244892 -10021185 -4594283 2693067 295388 -501113 -647823 3865585 -852584 9560566 -4698344 -4595730 4322803 -8393586 9568606 367124 760680 -12691989 -1500278 -3727144 -7234120 -2831748 -5310174 -4404985 -7517080 -11386062 -4451836 -4180891 -947953 7621405 9984881 6782305 -846491 1132823 927701 2715560 6154360 -2833941 -3959331 4613414 -3335770 -3454219 -1109694 -7889999 3121754 -2223340 1855592 -585196 -2631952 8170974 -3995829 9962101 5786951 5067313 -3703987 -6805087 -200459 -7610409 7710766 -6225084 2155161 775744 2683579 -1096756 2010137 4287669 -2895618 1767589 5215389 -7357425 768293 -6433916 -655065 -6888477 5126580 8546398 -437105 -8598379 5719914 -7866780 -2380429 8883393 -7442469 1458416 -5432873 8892031 1044567 -1209049 -11756636 -292915 -5234394 2443793 3688351 -517564 -1338855 -9246697 -7319168 5880222 2374046 2845404 6189245 -3498873 1490815 -1057519 -944015 135170 -1103033 5361568 2668639 -2131244 3478461 -3180334 906846 -2473769 5072988 -1339982 -1108666 2699208 1072845 -3661372 -1143674 5204761 4941648 -12508648 -8973735 2107029 7177615 -380452 7193856 4342598 -1222383 2670486 -3023003 2417773 -5206825 3176749 -4897779 693539 -280774 -1780682 -1097802 8707961 -9834250 -2023289 -5714280 4551372 5333374 -2167531
-2825234 -287002 -9022448 3799102 -1173650 -790260 -4207549 5798165 3364778 3201585 429223 -13659828 -3749957 -3994769 1502925 1837907 -6050850 2486302 5747275 2640558 -1284992 -2528270 1461085 -2309439 -3561934 -4107068 -5742691 2849650 -2734545 809845 -4323753 -2875997 5918337 3399507 3659506 -930939 -1141497 7643475 4666948 1245890 2773306 -3105405 -12665876 2186796 186666 -6253278 8914226 4042769 -6040750 5571708 4016337 -595372 1153286 6979722 -6674627 -1044443 552737 4787870 -2788489 8916700 -7850800 -8053024 -772903 5789853 5552764 -8645419 -2232458 7248990 1119061 10404007 3214930 5957350 2863464 887486 -1613288 -346414 2119474 -581081 5796329 2166289 -2972472 -2789095 -33734 173118 -104417 -524184 -4966970 7568797 -8719270 3763524 -7214293 6090519 2990132 -5143672 -2568835 -6310625 8024770 6267344 3381653 -2700111 6477812 -3177121 -2554217 6349389 -5385036 -667367 -8626648 -4477123 -4405842 2564099 -2711621 5135619 4220831 6751317 -2546049 2846405 2588448 2109179 -15896168 -5486695 -9927718 -1958270 4205365 2434101 1302767 -2551552 1194123 2240993 -5284918 1994427 -1403400 7408126 3083031 -6520333 -5193050 352390 -5138049 -849560 -5721743 -9833930 8069125 -480266 -2799078 440482 -7352450 1099090 -2402216 2026581 4183930 -10066 -2592108 2906512 -1075703 4498012 -759535 -6639920 261376 -4587590 8607699 -7275133 -10044523 -4741561 -3145134 -8691795 -1284043 7489191 -3861454 -2344170 1392803 -3168278 -4807665 6248343 -3664373 2013710 918367 505005 -5703929 1787248 -189710 -2373322 1739233 -10062451 6443062 529644 -9062945 -3842711 6499036 776617 -1358580 3498220 -228825 -2382088 -328470 9782218 2419072 -2237576 -971465 -272931 5568349 1950032
8682459 -267462 -1509683 -7889019 -3428124 4428135 3189280 3428044 -1695709 3964980 -1469333 865417 -6620108 3082989 -350855 -7071336 2910654 6988195 -1015031 -1254914 1947214 -4107954 -6501532 2386082 -2173305 -12509591 -3823447 -4779601 -2545474 -2567525 4856177 3129302 2907444 -2172252 -338238 7534075 2979759 3668125 -4111775 1751001 -4390219 -3775198 6247139 -5231676 -370513 -1414947 14809944 -2883502 -6820063 -11056594 1157941 -5268040 1554379 3523393 125729 -6870228 -5122629 -4530699 -4838274 -449483 7558273 -6146349 4730676 1356197 -5090143 6128278 -1622498 -7703698 -2385653 4975231 -1371514 -2051513 257391 13401001 -4504352 -2986142 2425335 -719806 4862947 1580676 1009207 6692733 -1743396 769027 -2321995 6574002 1883692 -1168104 -1986437 -3927615 6820432 -354254 -9892745 1800959 -7717910 -1707623 -2097072 3757604 -3248050 2497228 5948958 -2700663 -1432783 -5130537 -557445 -1460814 -827534 -6545178 -7607122 -997426 -4578141 -751508 -6062474 884212 -1041485 -4454763 1990259 3781736 -7559131 -6273301 -108551 -57520 -3585711 -4652430 -6142474 -1037021 -943448 -6541248 7867990 10227994 1040415 3598491 -6635277 5877749 -164037 3572107 -6606545 -123836 -584033 -919198 -1750805 1384253 755404 4733007 -8141627 -4259925 1058802 -7147456 1225354 645404 3261460 4715104 3655606 12046873 1957144 5315901 -1807357 -3528282 8827408 6213171 2386868 -4720775 564714 2329316 438684 9904491 8263060 -1122487 -5747204 1135844 -3461326 8482600 -3054101 4299693 -2401177 2380825 -9391731 252583 -3993854 -3235094 3385108 -8515778 5352708 5575916 2830442 1049030 -3787924 1876627 2620731 5646151 -1052402 -3025166 -5132456 3850946 -2750394 -3245107 -2203185 593768 9249602 1674381
-961989 -2625377 8351979 6054713 -10190514 619342 -199004 7197391 -1451382 -5967211 -8678450 -2196255 2152620 -6911977 -1172428 -4114135 -1395585 5816163 5526387 471864 3097300 6051185 522791 11829044 -1435385 4421084 -8256603 3003836 9673872 -263360 -2524640 -1765610 7353499 -7227009 -4949493 4185086 -2089593 3453070 2776630 3920554 -1192819 -3522793 394740 5220060 5225134 -9003257 5716671 3531597 -1222215 -3472495 8264015 2885255 7236797 -4053708 -5274128 6331887 -598280 2925230 13655982 2487606 -3439655 -6509992 -3690270 -1089242 -1189663 8493154 1457189 4219996 -6452231 -1572639 151217 -4907797 608017 1308405 540615 -1807766 -2005782 3860351 811504 4303852 -87817 -4429449 2167821 -5237292 474355 1604260 -812002 5943071 -4002244 7322156 -4391162 1403273 645393 1654308 -935219 3690521 -1944867 -1345179 -2475076 1399693 4186623 5688469 -415975 -1217015 -3219119 -1911192 7791705 -2431601 -4699990 2793226 -4115145 4617685 -2946050 -651072 -8397886 -566471 -538233 -3784746 -1477611 -1974841 5118706 -9993060 -2082814 6230124 -2224749 2625698 -2709606 -30975 -3835266 5755940 -2552727 423836 5632469 7399904 1380426 533107 6191261 -3522831 8349 2604119 -2442912 5284342 -4130725 1426346 -7019322 -263341 -597130 4416153 -3965840 -6289863 -12194948 3897186 -8018266 -2015573 849109 4251477 4738558 -240919 -1145265 4321234 1696150 -11563522 9772700 2853924 8323150 -2595480 899725 -4194650 61869 2998890 3352573 -7904579 -3403187 -705082 -868055 -7592795 -1739467 4802201 1252639 4624412 3792305 -1817651 6365310 2296628 2040578 -3674734 -1705910 -7162124 -2391735 4019486 -312071 3567794 5136481 -4777062 1889551 1200392 -4109395 -4024998 -1995181 -1480
-1193812 -1271909 -2679476 158583 7292785 -3268109 -463536 497407 3094247 -1815530 689082 139521 -4162678 -2405527 -7711791 1261995 -4103437 -7490994 -3986956 2287468 -1608489 -744349 8757874 2107129 -1454139 -116231 -4278199 -5491243 -1870329 -3238000 7709055 -5108772 -1062736 -5651562 2560338 2634692 -1100000 1994615 -1845232 259102 4725310 3662431 3290435 1554153 -4316606 -222471 -1070238 369990 2993460 3459555 -6684058 -5273487 -168457 -2605818 -8786197 1260019 -875352 -6317542 4901400 6690389 -7697215 7915495 -6361424 6302379 -2387877 -4143088 3234047 3853791 1521578 -4123346 3462232 -3593191 5273724 -7542871 76375 5137777 1711595 2407045 909897 -4527050 -5720934 631253 -703637 -1764996 -11067732 6068307 4156714 -4942173 7278079 325033 -3931357 2219242 3560588 4823502 12423424 2314871 241560 5842201 -1026323 -810782 2016947 -1145361 1070136 -6973315 334053 4654824 -6075641 547790 6721562 -10046431 -2408333 -2940867 -643417 2164307 -3307798 2123387 4100861 1097998 6472218 2226569 3992705 11485110 3484181 431904 -1736172 7161518 -1450614 617173 -170921 -7554191 -2953071 1892469 3778440 3997931 10097679 -4279737 5660332 -3145985 -4583052 -3745196 -5744019 2758794 -2280088 -7862370 3485432 -450528 5568443 1847795 3468388 3254477 -1831157 3584000 -5597392 2684564 -5049058 -1453467 -2379719 -5285725 -5373279 11442162 1454007 2271948 -803065 -3095104 -8319808 6636150 4818529 905135 2015310 -6887688 6988403 5203800 -7693447 -651507 -4518792 -421246 901447 2118604 -8093547 7738141 -7871965 4891407 724692 -8730915 -10630732 -2614700 1944829 1860674 -3057237 -723109 -3605081 260019 3099949 5503437 1282947 -936537 -9736598 -7569914 3153610 -2981162
3373687 -4417237 2248059 -699564 890756 1883011 456479 8387226 -2127642 1947421 1690775 -521362 -916713 248939 -2306495 2873262 -1062579 4910853 2066469 1179923 4845090 -2596865 4369245 -6567848 -4644586 4293659 6021661 -1711561 2097987 844967 5809325 -1365693 -6195058 4793495 2034647 5602614 7073240 3761312 -2982754 -7130799 -1505258 -5406797 -9950223 -3933083 2251355 877819 -5300371 -4312166 -980728 -1970965 -4550385 -3929202 850677 3025829 -2797687 6006393 -1737647 -5088309 1727960 -4710595 4208495 496453 -522792 3040546 -8550481 6761952 1738187 -53058 3421899 -9375386 -815639 -692615 -283116 2590294 3507132 3488801 -949983 -9759718 -2527847 -5272745 -869657 6168041 5486431 -830802 1899265 -516801 -3473097 -11143319 727690 -9385459 -1402860 10584951 -3547716 -3130794 4316 3741267 -5151604 1509817 10641683 -6467724 -3555187 9181622 129051 -673158 3911547 -111937 -5511330 8734209 4227552 -2189865 4877971 334499 -4789283 3802604 2579635 1991807 -1643476 8797748 -2121359 9531127 -2137190 5413300 10530016 4519360 -6449124 -574423 3694921 5492176 -1355411 -9130870 -7103036 8532342 -5052695 1295386 4288712 2844775 -2354047 3157100 3706732 -8296898 -10613050 413029 1375605 -3800801 872009 -7168035 4619748 -9612326 2116087 5752063 -1866850 2029630 -4802393 2887820 5610216 4495402 -1423913 6490202 3994935 4794300 -7436923 -4494929 -2930010 879221 3248571 -1150691 6784510 4162561 -7396862 -1035122 -3493321 -3719592 -6013970 -709436 6488622 -3425738 1229832 -13855242 4904908 -763674 -291351 -355259 -3549458 -5317550 4854626 -1598992 987305 8101467 111699 1481625 5382452 3336944 -1789478 4077195 8456116 -2646546 -7285252 1177471 -1124867 -1838273
524337 3613333 -14702697 -1445461 -5765122 -2049932 465968 -5336629 517124 -5315382 -1791313 -3762216 -7410392 5202361 -691601 2913046 -518940 -4827132 4745944 132584 9308687 5269916 1838384 7066418 2706799 2159100 -785168 5315643 -4931864 334229 -3084446 -8548548 6873275 -4580826 4273457 4132395 -2936658 11303891 1097914 -9873458 7434821 -9320603 5975793 -7576521 9455412 -132599 -2809748 2685396 4518242 1547634 -2032688 -493835 -4536154 -4721 -2625920 -920272 404684 6637494 2470712 2118631 88307 -1253004 1807377 -7835158 -4168644 3522833 -1493705 4482638 -574270 -3373478 4072929 3031126 583350 1878010 808167 6193467 1861119 -7106277 2681244 3668864 7744686 -2202464 2069549 4706006 -2340668 -2955726 6622550 2624433 1531455 2720820 -2293095 -2921279 8199173 -4939155 -891615 985770 545199 -1345652 -5912398 -4595128 -7449720 -3226121 -10157 -744178 -7867035 1589642 -1575644 -5538777 5835102 -3085657 -6294120 -9049153 -3858743 262061 1341753 -5285327 4988164 4290343 1505186 3267738 -1790679 11115270 -4462580 -6770628 -4199689 5394448 -6383423 -2986127 -7050407 -7150003 -961665 -252727 934696 -2438528 4514074 -5417419 3030230 5863039 5764284 1684482 3686657 536934 1372556 1778613 1757706 2579460 -7650361 -1073834 313793 1147225 2968272 -1642257 10727884 3417312 -5149330 2178265 -8876692 -22564 -4839249 1279785 2163352 -793126 4033905 1460400 -6265219 -4357977 -3975860 9198065 -263984 -956425 -640204 -2443813 2237590 2181185 2169639 156113 -9572760 592265 -3787130 -5320932 980106 4656080 7349736 -6694942 -5795107 5599895 -1907719 -6561393 6030634 4704493 -2430854 107954 405438 8058543 521521 -825636 -1067539 9111651 4849299 -7410411
3095416 1271836 294499 3243544 957935 -1922907 -8061308 -1074915 -2085314 -80437 -5701862 -7917491 -418765 -3463598 4207486 850950 -1663461 6684758 4070374 5155665 -3430048 -5959577 1595717 -2029610 -2119436 -997419 -2669147 1973389 -576947 -1419159 4693336 -2576254 -9480561 11725536 2704711 965416 -894216 1114209 -1860892 -2274213 1350548 -2356479 1814299 28093 1254553 5934171 -69648 -1262760 -1949614 -3514065 -65263 -1759570 -1167292 4052484 10899829 -9787981 -3944590 5715501 -3963808 1197912 -226453 -10720627 2399816 139154 4719507 -2738656 -4236200 2018506 5445387 -1050289 5147 -4265617 3441457 1768379 3051372 -1386429 -5632374 -4293535 -4587185 1337170 223167 1775119 3292888 4853483 5246945 2340052 631880 5944793 2761536 -6970209 5625319 -1732843 753393 605523 -10385403 -7528357 -1355985 -639899 4683775 -5388328 -4358580 1745614 3908881 -3089841 305273 776339 -8825905 742665 -2168801 6631302 8953061 -8572805 -2248546 -6143306 1040404 1929991 -1684811 -3682332 -1452092 3003258 3068643 4383588 -1026737 -10861516 -7737984 -12540787 -1269820 -2938421 -2391774 -4738352 -4924895 -1550184 2726824 -6135009 -3852968 -31057 1926623 -3294404 3225724 -4303220 2361530 6423403 -1574035 -749370 1050112 1038365 -3840375 -3449403 -6659435 -5318493 1217796 1808546 5841477 3984784 -2626620 -324861 -592880 -5985870 -3685330 -6520217 5630576 2327876 -2971940 -1642866 1342933 -3045590 -1377898 -546208 14535799 7158649 122784 -3310699 -3235154 9760 -1359457 14728459 -369978 -3465860 -6115775 4440386 -1897220 -6769997 4912174 4793409 -8767110 7405154 -6083620 3850360 -947051 -4663700 -3551727 1410684 -9774214 1946112 -4117474 3734449 2881049 -8574276 -4457226 -2235147
399304 1319993 -4541980 1334118 3380032 7583993 -5086218 6619026 3333988 -1569657 -781194 -4319911 -4939736 1202493 -5320966 7396218 9156342 5463736 -1411773 -3479149 -10948153 -472028 -7540968 1613918 -4333664 1268495 1364763 -1411104 -2829141 1940288 6904986 585863 1913532 9291852 -1157006 1053666 -4446537 -996172 7745995 -6019491 3268478 2543502 -7583891 6449555 6492420 2261412 3475949 -5312846 -2011606 144400 -521041 -2778900 2485464 9325783 -3131756 -9773148 -7316952 -3215580 -8577659 5696233 -6502050 -3140860 -5113146 -365316 3042844 3717592 4969318 1917860 203424 1220089 -15012632 8017326 -242494 2339905 -3656124 7466757 -1843918 5347680 -5198479 -2559732 -3594216 2120654 -4757366 -8630297 3865344 1499901 -1324771 -8389346 1775480 -553762 -2386765 -1644366 -3147343 -3513988 699938 -1868310 -5323581 1012408 12003441 -9314096 3735405 -824191 693039 6999672 580202 -2872179 -3315056 -1676386 1468107 745791 2737348 -5891720 -154449 -240956 -1840476 3665923 -2740140 -9303037 7906640 -8043118 2865380 -4647481 -31043 -2262830 -8757818 -4286269 5113396 883111 -985447 -1210581 -4325758 -3761027 9251079 7233945 923222 1983364 388236 5157180 3782647 2225865 -1106667 2984461 -11827088 3651971 327529 -7391276 1770790 -3517766 -4489248 -73685 -7441774 -951315 -197613 5172053 3926991 -8880398 -37660 -4307320 13647134 -4521890 -6075711 5882325 -6300923 -8060879 500087 -147030 3907434 -2518024 772207 2971803 1582060 2614326 -6433340 -2320306 1872333 -4930761 5989158 3622756 10203876 -2412074 -5261028 -1444708 -2381434 -354918 304122 -3017677 5550090 12187816 -12149146 4385316 -1231133 -7246036 -3122483 -4944848 -6008690 -161915 -4984846 3181 -7700343 6856031
-3183121 677003 -144478 -1522885 -589294 5547382 -8417976 -930547 -7167284 983216 3621756 486077 -397846 5745929 -1707645 4481631 -1775608 -1649515 -3687577 8108188 4285162 -10684883 4842704 -8923814 1863080 3270287 -3084608 1997538 -6972328 6505496 -3313480 579395 -1846823 -1263769 -15122299 5616064 -728677 486819 -8699816 -4853127 1232925 1834331 17652 -2068046 1276732 525009 -3893504 -334565 1682127 8055941 -6874613 -242144 7235092 -155082 -2842661 -12789037 -4000508 -4948361 -12346616 -359806 3092462 3124035 3223688 -2501857 4318823 -5799021 3357681 -3409567 3316273 2909557 1105149 2933710 -1380797 -1393615 -2236708 7919642 -491146 -1299908 -1149900 -3463750 1022270 2783727 4915556 1774064 -4232313 -5477810 -2839559 -2045336 -10087180 -8925004 -159860 -4435218 1323093 2996772 2400039 10149452 -11476776 -823786 6436859 969951 66849 5453071 -7541552 1046203 -5193626 -1944127 3026100 -1880232 1165729 1976075 -2053002 -43809 -4318320 1476659 3580108 -193519 -4764124 5761109 -3191325 3336212 -4021702 767508 -332018 660157 898750 3609029 7714533 5144963 11753247 4875492 -3669765 -1676177 -2024800 -2860189 -1515310 1749167 -292399 2034197 456834 5400250 8364022 -41495 6118991 4844373 -2900675 -9408713 6531317 -3193837 -445166 -1260736 -6944212 -12378139 8979863 1214757 -1324373 548982 -5848015 -927775 1750467 -4998810 -1259749 -1766791 -5386248 3875402 -4653310 4955142 3939716 -1834211 -537884 -3512733 -3231386 200056 -5763132 6500310 1692304 -8869806 599506 -3229765 -1385853 -744016 2935605 4763301 -1245211 7064801 -8141084 -5490435 -8988985 -495595 585511 4507546 1611876 -5623897 -4511563 5999688 8913727 -3641728 5086754 -2517746 1413886 -5106821
481512 -879814 -3259971 -6941047 -3175287 5696827 1206493 1363228 -210596 1931976 -91844 1081211 -52348 -2668550 -6051260 5551176 3337915 4244502 -2316721 9430119 810642 -5723282 -1603223 -3638575 -5761246 -1965787 -805529 1058321 182977 2556630 -8280712 4625246 5359292 -3641995 2294453 347934 -3245308 -8292222 -4336860 2787848 4277007 4324536 1529681 3925555 -833253 -2250673 676460 -1354955 722437 1034211 689295 451256 2128493 -1857113 7596779 -1672608 2949287 6029555 5378741 -794064 -1441204 3032795 1416750 5780431 -7578509 -446162 4117030 -5890374 3076380 6080465 7987739 9761768 -877143 4342347 5517403 6671164 -698599 2775921 590491 7398645 -2858860 -2968372 -6332584 -1506463 -7664803 1531202 -1262398 -699430 4785968 1613371 -984335 722691 -2360750 4577676 3123448 6479196 3742009 -2492439 1353498 923760 -3703414 -41477 623972 -5001982 -1388716 8029140 5247267 706979 946259 -3797008 -633286 3781528 430607 -5267706 1973791 -3595526 8642282 1265387 2059590 4088069 677110 4241994 -3503896 -4198477 -8368573 -350236 5016351 -314785 8060986 -2266276 -7857160 4195019 -2091932 -207142 -3503287 6053460 -326186 1002040 363501 260440 1620309 -4750505 8085614 -2184672 2526079 -3173600 -9387959 2898174 7528569 6400611 -1305660 -4030564 322600 19035 3732389 -1695129 1096418 654399 6475857 6477337 156049 -3134877 -1787777 1440832 198609 7998451 -199254 2137884 206246 3001051 2815179 7335482 3924486 19675 7855460 -109533 4718890 -759827 -5960465 6296222 4533020 -1125009 9861277 2660525 -7248671 2698703 -358042 -6134601 6944264 9895062 6065606 618235 -1494362 6447104 -843766 -1611910 6238492 -7985696 -60872 8984861
1643169 3973836 -4939577 -2018278 -5343237 -11354052 4731765 -5368764 -495828 -11837057 413991 -11864519 1042240 -7216104 -7043405 2097332 -316765 -4849365 -999450 -2635942 -9513756 -1050612 -5622800 2148162 -1914703 -2295421 -7975721 -2974854 78274 -11595617 2542162 -6209348 1373792 -920710 4151774 3551585 8339188 1440286 -3800430 -5245051 -4644052 -10419790 -7120733 7351656 -5157935 793413 -2098505 -2892558 1584192 1220969 1745743 120002 3824853 9430934 -5920467 -13073 -4200398 -4246485 -6887249 -4518929 -1326099 -5508375 54415 -7844644 -4904164 -871303 -575976 -407039 4638819 -1169029 -3235196 1142114 5690321 -1478262 7530095 -10601315 11170752 -1070772 -6386190 7705558 3891019 -1941275 -1188628 5002191 -7066109 4545622 -7877903 11259469 -7954004 -3536146 1561980 7831398 9903910 1160107 -2551820 -573654 -6936367 -5564483 7284374 -13527427 1006789 3165811 2839582 -2627216 3899249 1727426 -1403670 6635682 378104 -4858655 2679341 1320388 4431436 -3619492 1368259 1506261 -3614978 -823438 7168600 -790221 646854 1510977 -4567929 -1583954 -3422842 -1643839 -4728099 -517802 -10586146 -2750847 6417668 395947 -2124155 -970398 -4183258 -3018546 -2652715 -9063777 9124534 8999616 -5946435 -234799 10161062 4214852 3815113 1304790 -2145812 -3569628 -2703403 -4257530 3523158 5722904 8880167 -632084 4919542 10955080 4353513 1709466 -4317778 4253701 -3939179 8564339 -1478576 1703077 1919790 -4821045 3676032 7615879 1812674 -4998517 -5072581 -4913724 -7028813 -3986059 3734460 -631115 -3365366 -4816626 -3279832 1034533 -9716203 -4400741 -675939 8365994 -7569990 4695 2707709 2627173 8736629 11768106 -4471803 1112571 -1621768 1328613 12570130 -5508186 -1891026 -808692 -2315717 -4440065
-435338 -4892239 -6910539 9030659 -380828 -7570714 9048937 -1711486 10208524 5419712 6346894 -3559982 -527028 2091295 2840182 4861747 1753294 -881683 9802421 1771728 -12165209 -1441207 2090996 -2387583 1924130 1194673 1793461 1365466 1218157 -3335099 -4179807 637691 -7933909 3306292 1298522 -2263215 -1589025 3033420 -3002757 4842890 1881518 -5545528 1108659 7959719 -1402447 54400 3347943 -5010913 3233861 -2603995 8545371 -238663 3265156 -769616 737711 3613268 5590127 5058746 72418 -11068055 4717120 -9209418 5108175 -7253213 -3801825 2614136 -1936100 7868012 -947950 -1052137 9229163 1564609 -3229145 -3464580 -990189 5527224 -3654972 118618 -2581904 -5878746 4881166 6877431 -5851250 212902 334561 -957587 1997685 -2370130 3089795 9472507 -6481146 37473 7849255 -6965212 -140645 4732359 -3575041 2698319 1150226 -320445 -5390679 -4843520 -5209 -3051097 9839764 -7280919 -3376579 4357867 -3680581 2638497 3643795 1173002 320694 -3932758 807337 1860586 1785168 -7886018 3140102 4203540 -1381791 -4709083 -4391144 -2355636 2248990 -5002500 2789683 6336037 -7244113 -2894249 -1485608 2903294 3265171 -2720289 94084 -1868231 2261872 5908843 -94394 5076101 -3651468 -759794 1669180 -3688672 -360492 11917730 -2178709 224170 -5518436 -7495553 584629 -377313 5569194 1485550 1668518 -6850385 -3851080 764959 8947192 -7138238 -1538408 6716143 -1075623 -9136890 3069667 -1795399 487239 -5940746 -433181 11103 -1516186 722359 9891097 -984897 -2772154 -1148258 1510695 -8421667 -4202577 4775891 12177342 2088816 -306071 -9910441 6085337 -2331041 -4080973 -8917910 -2975212 1455473 7567149 -4054811 -4211149 2411479 -87387 3080990 4208118 -2290877 2239382 12215
12081330 -5480795 892176 4194112 -1989385 10854396 -3215905 5296596 -1141100 -5249837 -1590538 -3860016 1369844 1399233 2229522 -11909833 3372333 -2954584 -240106 3013385 970088 -2011960 -2264307 -2585365 -4458747 5136904 -5135525 -1882036 -1066549 -11279442 -1256464 591720 4220870 -7416869 4365175 6285528 2771440 7044236 5409687 1705852 4743134 -6278248 1013872 -553083 680135 -5416189 4442084 -10221755 6035504 -5773175 -815615 -6039303 1355602 5852231 -2780721 1686871 -1922182 2668423 3348822 289055 6868278 -578352 -4932000 4878601 2277296 9181458 -1215612 1944127 -4928925 -1102710 -732030 -3703887 1469822 4096584 -2563632 3633246 15627395 5583324 -7043910 -82598 -1388033 1072883 6887163 6166233 6452275 5505575 -1581142 -9937107 1122464 -3278802 -8404009 77600 -10931674 4236145 7006206 538547 7663991 1262240 -1643129 1294859 -4150476 4759696 -403689 -6993204 2535360 -2327981 4136409 -1415272 399474 -598452 1347803 -5261249 -3323784 1113191 -1780883 -5826825 1029113 4881607 9516095 57710 1976111 7085109 -1914022 -1902486 -6362969 3722478 -4896417 683191 -1743783 -5860939 632305 789183 -6329085 -164001 -2991554 1654680 -972557 3522782 82922 388698 -1797574 6408577 4513554 -1144114 -9919040 3040637 -7697792 -497865 -4117847 -729350 -10280631 5105420 2286853 10516404 2148176 -1627096 -7573929 5713799 -6023572 -578063 5010878 908806 -3979907 3133021 341234 -3898538 -2032471 5584830 -5818270 3990423 6949772 537815 -10939568 4185138 -10377814 11948685 3102385 -3520420 -1436693 -3681451 -3793647 -7121481 -7271859 -2977085 -3887614 -1529452 2591452 294199 1920156 2310712 -6632187 -4211943 4548736 3609662 9479338 2246065 -5836397 -4344446 -3312812 7593994
-8718593 -7362834 6916196 -835047 4226002 -5139988 381502 -6678080 1097938 -632450 -3863165 7009032 6987452 1805318 2286028 -3589361 -4850101 2151972 11532746 9236263 1161383 -2845137 -315969 5307359 4201576 -9540792 -10202253 2644877 -5171944 -1965601 8363945 -3653035 -2552926 -3308987 4430204 -4419855 -4262241 -17760 -4848596 1621801 3274409 -3994587 -391895 989080 1923633 2652681 62955 -1133475 5540626 579763 3039844 -811292 2931489 2599119 -1412529 2644339 -6950359 -6954818 -146598 -6203330 -8003293 -1912986 -4056261 -10665385 2937827 1042424 981562 903786 8287444 -6126346 5638812 -1249233 7970516 -5614416 5796258 7814266 -7148638 1070484 -2895538 -191381 769829 3152943 2043337 4172760 -5465715 -5358052 -920069 4922726 -5765224 4319431 -905279 -4655204 3958997 -5854676 -5538225 4924531 510625 -7469613 -6384809 -892074 -1591362 -832499 -1835848 -2659574 -5188158 -2505347 -4024254 2096127 -5209961 1314132 1929209 -2145709 -4287053 -954746 -591460 6839128 -1046807 -2102564 1783568 -5569649 5159618 -7316870 -7326936 4551747 3104020 858700 -7452131 -6764823 -10024539 -6409276 4708859 2283575 12289005 3299286 6850529 -1299134 1010807 6936317 498325 8568413 4517608 2461245 -2451318 7845414 5056940 -8401493 2916307 4141182 5308717 -1666202 -3376898 5009872 8192959 -4335825 -3879398 2683088 1932043 3350241 884949 -2217845 -1765649 -3688395 -4946561 6571123 -3884211 6734743 -4930386 2622100 3308692 -944164 1590151 70636 2112085 468856 -5060550 3967315 -2664608 2194378 -11318095 5539730 4431413 3517838 1910494 -4996024 -321624 661322 -5956966 -1573951 1219589 -517562 2345587 -7320564 -4249774 -841182 290888 5029405 98774 2423077 -3733037 -3923760
1408878 -217416 -2211316 -3108774 9658797 4699740 6022598 2701674 -1948780 -2887461 -2697919 -1091762 4316214 464187 -9765633 2009552 6571073 -161064 -8316323 4505374 -3319453 -4507947 -6589640 -1830463 9788187 2962427 -10380399 11231413 -1402738 -3607564 -4094466 -353505 -1684858 1566379 3586147 8703639 343614 2670776 -8957404 -3729890 4625798 7063498 1352001 -2051130 -1820691 971238 2451376 -1926402 -7225880 5788597 -4298538 -3966352 -997311 7980633 182390 2089013 -6401820 -2019711 1476444 -3976717 -2857545 1343860 7611673 937521 -705976 5089965 1896074 -5458057 7788072 463109 -4912671 1981495 -1851793 4180004 -481471 -8973002 4735286 10920013 -3827689 191245 -5892363 2820061 857839 -214535 6218212 -4288213 -6437608 1660936 -8258291 1629315 1500976 6965308 -9073570 5158001 8361126 12229328 1865282 -5940181 6714552 1264526 -3655828 5149413 3376474 -3953544 -4017231 627450 1931064 4524972 3244291 -4819656 7702428 -2377991 6424727 -4000606 -2637679 2675708 -5798959 -855007 4120284 5390322 2663166 4828886 654227 -3424710 -2090613 -6547126 -4139300 -3250345 -404268 2130166 125686 1822056 1449192 -11004732 -1520946 -12896045 3166443 -7818745 -293697 -5143114 -7483729 4706869 4170640 -2739943 6884647 1000628 -4511840 -4477906 -3566908 -12687822 -5071419 -3675439 -3733878 8050189 526202 -5376374 10469506 -3513922 5573719 -1646019 36562 3245957 -7372511 -652958 5572063 4337231 -454006 2346983 11529 -7374058 1859052 -1983919 -8333962 6518188 -3951078 5108950 12774186 -9075861 -4509596 3003411 -3129565 3914148 6018302 -664903 -70354 -3025853 6326328 5554722 -3460481 -492675 -4763312 9947310 5257566 3003259 1172634 1103577 4114535 -791423 -7856639 1232350
7768178 1478058 6073317 1326479 -1354599 8184165 -4031934 11185368 -5128021 3702811 4403898 7251819 3111897 -282205 5042855 1861311 2531872 1404200 2094978 -150147 -1718141 3074923 -2566306 -7851476 -3203804 675622 1299181 -690934 -3967509 2521613 -2256373 -579387 -860629 6741753 -1490325 3595002 211644 -749191 -8582398 2365086 5872246 443925 5318808 851989 -192334 -3853275 7116127 4126891 -4406593 -3533843 -2712507 6598822 -4628918 -4633223 501774 7181851 -4753362 3077195 5418396 2207081 -3883807 5029361 -655899 -5891721 -2370100 -5558270 -153595 -691968 -10393370 -2933975 3797049 6470754 -3054815 -4904915 -391192 -9398292 2737029 -3225692 -1520748 3788462 -10468889 2482025 230071 5735392 8901955 -4818325 3907415 9900619 206437 7281834 1300530 3363807 6291265 -3896842 -7600346 5015324 2999077 -2795026 160580 10518609 173798 6798114 800334 6929591 -1460695 -433500 2168978 515818 9980184 -700674 3420643 6370803 5529050 -5017534 -1673589 5635667 9237837 4367313 1031607 -8587753 -3300319 -3004809 5201301 -2293276 -459022 1421779 3429340 8704202 -5110668 5164481 -1903589 -619534 101378 -3173241 -1978865 2395471 2646715 -6833731 2566488 -5269778 -6468255 -3238092 -3263745 2475127 -5293563 6780814 -2532943 -1120333 2258352 654530 -6218743 -868923 -1031530 -10890536 -3063865 -4488654 5018443 2701666 -4530705 4021373 -1952391 1330597 -467946 7755158 625532 1839019 1600128 -763716 -8104622 -1399136 -2493067 1807299 -541657 818109 2318874 -8116642 1306544 -3427770 8771725 -8014650 -429344 2544327 -4030513 5142807 104823 7087427 -5478922 -4602392 4040906 -2735944 -4101196 3311421 5222578 -3719202 1990107 -2368746 -2671317 -7863644 232718 -1630535
9531451 2639954 -1092539 1366952 -392901 2990474 -3574739 4682437 -3432590 1974136 9816014 5043312 -1174511 4035724 7079835 -7033748 -612605 -11651653 7425528 -2478671 -1514750 2334843 -5129396 -6650423 -8769321 -6967822 -1680413 156707 -2680696 -8646684 -956615 6817295 -771336 -5604452 10398388 3463087 -7039915 4134243 -542736 -3142935 -2233032 -9563619 4576918 3299902 -4875593 -8484935 1845327 -3148482 2002291 -1384234 2413172 4405779 449145 -657973 -413288 3043165 -5261351 -652828 7578531 -3748988 3392116 11337559 -2331591 -1320205 6134585 2916766 7644574 -4108193 1506890 -8507257 -6637723 1269203 -4955589 -3740051 -1605230 3804308 -1911839 -6299684 7854867 -3745251 1140721 10290136 -6959639 -6145650 3502718 -160834 5938040 1523832 3494146 -7833518 4197815 -2456940 -10434439 644639 1953505 1176532 1621423 2629495 -1573978 1397459 -4794959 6178179 -2305679 4697852 -1087597 -1550427 -628216 -8766813 1155206 1337445 4739957 -4065680 1773573 1571153 -393313 -10085322 -1747762 -8463629 -8928966 2807362 5860399 772996 2503854 4913433 -6974043 5586494 -2454768 -2255370 -11856894 -5415167 -956958 -4134935 -10087659 12200135 1830068 -82693 2604595 -1005425 6688212 -1108293 3613977 -1036739 -3522741 11100029 -1586034 3048173 894363 -2144638 -4192741 5098400 -848119 1729511 -7827409 2460549 6261664 5423660 -1351898 7757973 1535870 652846 -1165754 4692671 331943 5310964 -939867 192440 -4396189 1980111 -6762875 2870014 -4364424 -3964460 2287181 261509 -7434741 1095155 -3601973 -2554052 4917696 -4329115 3376291 -712769 -5456450 -6729137 6349657 -8916874 -2624595 -123236 -8544543 7141258 -4682105 2165275 5320185 636054 3438468 4742784 -2111190 2242376 -4258361 5205588
3394499 153920 1084296 -1190933 201352 -7611314 8139570 -1529231 8067919 -6027778 -4325711 4884410 -4464240 10519392 3952282 3322461 -1284065 -4219308 -10239891 -5546734 -8293861 -5482429 640968 -1104157 -1962447 3049611 1266853 -4917992 -3377945 3169793 1385970 -6546807 -161035 1073670 -5612210 -9120282 593046 -6047739 -5223496 -3040540 -1015701 5390429 -4507053 7435598 -8202343 -2446973 -2123026 -1751875 1622883 423295 -358389 2385850 41507 1030236 3743749 153563 -5423950 -39336 -1720180 -4595168 -3724387 5844402 2398850 -4295051 1699274 -322462 -1893384 -3363918 455133 -3974655 2038446 -4614296 3425889 -1374660 -213287 -8776583 2175944 503762 2953329 -2353787 -3543378 5795404 2930795 909637 -1646343 2400299 1317412 5716660 7431453 2812417 -4674201 -6439746 -5766628 -826687 364465 671160 2012796 2534160 -3563143 -1591848 2803101 -148320 -5116735 -922069 1938562 -1416386 3478027 11835728 1370509 -1899544 -186599 5107660 8051735 -1296994 1846696 10087979 2773352 2452659 -1671431 -673656 3385711 -6106040 5514919 -5755558 3622962 -10625046 851745 1717569 -859182 1252798 4850315 -5542623 9449947 -1991012 -6182687 -3890885 -377027 -4522779 4117464 3956520 -1596343 257598 5662889 -1892782 7217112 3622769 10678751 3370587 -310592 -5139114 -4507727 268669 1498095 -2874620 -1309521 -2239268 600435 -7061547 -4919227 5690992 -1370370 5300264 -1030109 3624053 1550316 -856566 -20858 -5614951 6204754 -594695 2737921 1914676 -5241358 -5912259 -9260782 -1053170 1930076 -4259969 4702260 5992664 -5234129 -935772 4120325 7338802 -1333894 2540117 -3135286 10185980 5019542 1399304 -3150024 1504246 -2664379 -4287650 -6078675 -3528952 842151 2372134 -7543807 -6912997
5550546 -1400450 1281368 1579658 7880570 -237601 2447586 -5106422 -723960 -1395599 -165759 -670614 1602635 961430 9859147 -5980466 6802090 -604212 2817712 6793971 -2280241 -8765564 -527629 -660547 3254890 1951192 924569 -8982405 8106062 632861 -2092117 -2240068 -714185 -5820846 798757 -800691 -1347980 -3908433 2695914 -6859590 -3540277 2150413 5035736 6067823 3788742 -844648 -755077 -231437 -5182777 -4264911 -2776780 2224382 2610453 930271 505006 -1129402 5221470 4562387 3096480 1883810 -2547128 2518043 7688793 9513768 -5723332 2981833 792933 -5921655 -830816 1574946 -1274521 -2475252 4954348 -11114045 -3329443 4314712 -4571955 -3239562 -13295098 897003 423369 10516113 4973478 2843322 -11607724 -12415 793846 -4483176 7088819 1840716 -6444227 -5002135 -6501712 3864354 1807673 1455555 3643120 -3203661 3629168 73127 -5209209 3489542 167815 -1086629 6229384 -3663870 -6653697 -3831849 -1610694 -79349 3535965 1416439 -4920340 7514687 -4473595 -2071166 3293762 6540535 -1332824 -1134714 3366683 -3420602 1783918 430594 -5252261 -3484198 -3239731 -7612456 -2802948 -1825063 -3349737 1764316 3825918 -1364851 -885820 -7553617 -563260 2126500 -423161 2873737 -7863122 3895270 7264835 -3556642 -2263676 -3560624 4441244 -3588404 2941105 -4703683 2347745 3558711 2050702 5460420 -2969346 5540183 406129 -2127435 -6333991 1728726 -5137727 -2402782 1408892 -1544588 4316914 -4653629 476454 5925972 3727710 -8906420 777761 -5967063 1529284 2919017 -3564953 817275 -6252782 3519324 8473514 1906318 1083935 -8246188 -4918719 2910199 1854766 880581 3426310 -13592146 559484 2578762 1671612 -2581932 -1145380 1598960 -5269655 -9496813 -8280449 -4318889 -5165466 2429465
2214239 -3941437 -2551357 -22644 3532982 -3611984 4891096 -1662040 4672022 562191 -969689 -852967 5287422 -2616965 1071512 4578448 219691 5625004 775248 3793084 -5221995 -3391894 -6359412 6402776 -7702413 -9393801 2324314 -6815379 -4378075 -9988679 -208008 2764508 -1936877 5545597 4136988 -5739803 10368883 2651025 -8376661 -5805685 752154 -5078271 -3511834 165840 10227405 9072656 7825477 2775680 -2603619 -1583181 -3138025 -6658636 -5815852 -352499 399210 -3447227 -3823161 -3748145 -3097289 1625722 2061044 2668856 -2479499 5037459 3791490 3362809 4877327 -3884126 -5361052 -4785913 -1172434 -2131400 394402 9692854 4989890 -7005267 -3005393 -19031 -14479585 -4470178 915580 6114427 1595516 -1368132 -2431988 537229 -4211901 -6388759 1474878 -284890 1780797 -2462535 -6662885 -14811 -1628161 -664269 -2951638 250456 9634526 -4654926 -3993760 4850389 -1104325 770511 8150752 -6646842 -61167 -2452849 -2446531 1220669 -3914612 3682050 4128904 136972 135315 3092261 793948 3527376 705909 1115646 10802897 -2675971 1290249 1253263 -2802279 -3856702 4473519 -616780 -1619421 -7917738 2106998 -1958452 4553399 4417772 5735840 875384 -4992350 -6322710 1854894 2914774 -13447796 1532980 -929459 -1601383 -2240346 -5956661 -870193 1799484 2904495 1077953 -5891606 4565925 -7995292 -2692045 3840092 -4049617 -2398652 -3899245 -2342352 -8037459 -6006462 -514786 -11929677 5185285 7698583 2032029 88666 -3804130 34283 -3306405 -5214403 6589768 -4666465 4389909 6619285 -12869960 4217438 -779528 3935536 6383013 4629298 -661736 -1147018 3228006 -3516420 -3655153 1630400 5406780 655039 -3315550 671532 -5448234 -3980515 1617912 1432328 306867 2166519 1241591 6325445 4878157
-582468 -5101235 2052844 -2931040 1596257 490103 3618548 -4114037 5220528 5355532 -5959812 -2216444 8594947 8736549 -248478 -5111817 2995878 -2429615 -4692647 6614534 849564 2914920 10108000 318536 3610391 5452374 7754353 7852666 202484 -5351030 -1062841 -5334395 4969775 4626998 -13785162 -4489927 5031597 -817663 17841 2800266 -2481746 8218540 -1895724 6603789 -2957900 -2082298 -1768335 -2140127 5857022 8477769 -689380 -844964 -1203422 -790185 -2254482 -334771 7778817 1967594 4914796 -2773925 -1502577 -6097475 -1681959 -7567987 -1118894 1870213 9488701 -4235657 -2268896 8835752 8634491 -307832 -2076696 -7979508 2415321 -798890 -2437547 1320654 -4332990 -1987802 -4424578 -7776551 -419159 -6167875 -3309527 -3473315 -6785749 -8418572 6286283 4944565 2744504 -8572993 4259474 4240222 6227682 -747447 -1934938 -3201303 5025257 -1504954 -4544277 8852896 -2239913 1939902 -1892536 2200797 -5206581 -2692696 -2178098 6686744 -940934 3454131 1607726 214980 -3988670 -2525376 -4605016 3556430 -774439 5386054 -5483381 1181468 1569223 5249019 7094778 -5241461 -2077569 -6543900 -2617068 2220365 53037 3440918 9396674 -4321948 -1828164 5029831 -629726 -4438777 -3327442 2592278 -1388460 2237882 2807247 434239 1908460 -322975 935846 7822230 -10014372 4621623 -993341 -4602197 2211641 -4641673 -3404099 2532262 -1258067 7660869 -1960340 -2964797 2022897 10259211 8763190 -8936671 4437816 5100442 -2348909 5480725 6135634 -713036 -817670 541166 1506479 4712510 4267428 -6626034 3953396 -955495 3820473 2793124 6608195 3705692 1339571 5267525 3148876 -650158 601682 3089479 1077485 5054961 519609 -7365885 -3430022 -163633 -1651330 -34586 1863936 -1434267 -2587573 -870668
4352573 4536423 3037297 -4120963 -5211043 -4108046 -2150700 5143879 -406526 7125757 -5677086 7405541 -4638430 2069095 -2142453 5600932 -1039981 10173143 6745860 -11763589 -64271 2091124 -503963 -5697473 -3482986 -1398970 1290628 4266935 1645828 7059698 -3327888 -4924782 -2118579 1025406 8215109 -8158401 1522010 -5921437 -7222163 3404420 -7099188 5423862 -8460552 4398733 -8726587 -1425265 4011021 -1123424 -84166 2126005 3151293 1809761 -3058555 9068214 2109794 -6881641 -4157511 3244399 -6902366 -3362989 782895 -452416 -4318103 -1577091 2591022 3636448 2682037 5895483 7668724 6417004 -5406070 3688226 -4180368 5875627 5912381 5299480 -5199769 2058494 7576817 1591564 8329635 -5481992 3265566 4041553 -3610268 -7724384 2531767 7900881 11409326 -5319015 3674290 -3196416 -409553 1756410 -1170420 4902549 1332581 -1859444 -5653984 -6991648 2345248 -7958705 5661744 -3494032 -639146 -7690190 6019523 -4466267 -123110 15199869 2895545 -2864748 -2636884 -11864351 4710900 -4997802 -1857326 -9507898 5415999 1951830 9102108 -290908 -6457519 5800615 -3464853 8988091 -3398945 664000 2878957 1739878 5910637 1188228 -3979585 -2303636 -3239930 -5087444 8873596 -2486835 1662316 -3442332 3812240 -5099717 -2048068 -2411624 -3862662 7261933 -207932 -2605597 -2571460 479807 -3143402 -1280700 -1713918 -2722975 3575197 -762889 -4591959 -3294789 345101 1652800 -1783770 -1449412 -559799 -4118595 3247489 1088426 1033072 -3561703 -5257592 3405615 -1099212 -1706342 3464126 -3590826 3429788 3403728 4959377 186445 -9125475 3307915 4270451 -2681345 -4951966 -2199457 8249207 -1959867 -2077174 135175 7642999 -383119 6950700 -2131402 -985471 -2056403 -2292299 11909356 -1859675 4268513 606771 6744967
1880421 4996836 -4434051 -3293675 -1895311 1672999 -2024717 -3670633 1840052 -7581966 -3239882 1059334 -911311 5594209 -4098315 -5001623 -2337085 -6130612 -3492342 2839328 -1960767 -3713789 -7304986 5169287 -257869 -1374401 -2155265 -333143 -1290806 -6219249 409959 4441341 2003956 -3878352 2174132 -2814206 3801174 194793 -1197548 -8714862 1738671 7308424 -1784093 -2585229 7638560 2661874 43783 5654390 -3324940 -2465796 -5111389 -1266636 -4366504 -1528892 -2377546 -4366504 -2376217 3812821 6873663 4365396 -1231100 -2461318 -1591295 1433210 5503501 -3722713 6620784 -7717368 2123404 -5698713 -306503 5208160 2813598 3304097 5027506 -7676812 -3022960 -8392215 -3365513 -156272 -1485584 1765624 -1123730 1339124 -1946331 3115217 -3028464 -8189068 -377460 -7527388 7746576 -5209476 -4733678 -3910763 5151744 -1475041 2317427 -400855 7327458 2221759 -6125042 1455088 6091078 68440 -2840172 604530 1737835 2612932 5846944 -2662038 -2059577 -5625128 -6652237 535727 -1228541 -3096279 4224183 4241085 -2564009 2000243 2706630 1308066 6216316 -4477766 775918 401553 -5911950 -2116896 -744021 -2165843 -5165918 4658942 7944612 7603762 1649227 1549533 -2678155 439147 2921456 3930142 -4512358 334645 1970438 1280753 -1849623 -8597011 -2913551 1613097 1071588 -91347 -8400070 830038 -11912437 273381 -2957215 -1595108 2259411 -1626364 5890480 -9124399 1911055 1197562 1304230 -984677 -792204 907583 -7803073 5431048 2955043 4072256 -4796000 2069951 -5727861 3118120 2050879 -17728 -3546055 -3851543 1538592 -970174 3848278 5350163 -831257 4190838 -4149168 1390846 2292181 -4830461 -8372031 650666 3493300 -6058935 7223461 7074240 -4200563 4622066 682375 9867979 -6883435 714039
6516474 7653324 -7958989 -5512750 -1438844 762978 10479930 4047650 -3917458 -5950393 -1169913 -3806038 -2939821 1127221 8425912 367946 -1080336 -871275 -1694116 -180525 -7659445 7264287 7193072 8752548 -4382074 3940638 -1413524 2584880 -1433596 -7115775 5153145 1258679 1194674 -1378911 3588268 1887733 232163 -1057082 7883767 10451943 -1581718 1512343 -4868079 -2947253 5872163 -165008 -3356752 2319748 2213388 6456844 -4482401 15305093 -5670221 6214001 -3604236 4860976 -8941097 4863089 6763475 163755 1173329 3264849 -4484950 -9360824 -3992829 -5471947 -130428 -2986574 -3884282 1696478 2274040 -1081215 7916866 -1771292 2367838 -12819935 1850524 3577108 9935292 12182459 2276701 -1302666 -17005189 2534639 201608 4396279 2149948 2146418 -5246459 422997 1385500 -3185748 -3711360 439063 3024655 -875407 1233363 2688524 5863639 9007377 -4734488 -4304946 -7553607 1965464 -1290540 6104027 -1549421 6193934 939716 -8128860 2588553 -2608967 1455854 -3547840 -2720473 -6917915 -347336 -526515 -5927949 1114546 -6614073 1970739 -1852828 4634679 -7306973 1507216 -22866 -1001916 -947353 -2464959 639737 -2564823 -3830569 -2197009 600946 -9769742 5184650 3035143 -1076401 4990605 -430840 -5745859 4800184 -2384610 2925775 12547515 1579056 5044730 -9444238 3135607 1121518 1603676 6690169 -1490219 1217215 5711645 -1797921 6575873 1909935 239101 2476927 -2661953 518775 1456311 -3319903 4774325 6694714 -7007438 7272491 -4537082 2037169 2053771 -11227945 -3055679 3492062 -1200502 -3235444 -494010 2608786 -1365480 -5864626 -585722 -1960980 -1231278 -4641784 3070484 4450130 2853260 604034 4301060 -1079220 -2119997 1264159 -165602 4606427 -9415728 -6162155 -769808 2016219 -5633539
4072562 -3615204 900745 -983089 4826042 1131441 683200 -3069071 4407077 -280294 3721800 4563475 6774443 8504783 -1873360 -1525773 9993939 -5511704 -7079081 -354444 -4972500 -7685167 -271464 677722 1513131 -6467031 -228904 -3092503 1764485 -4235717 -3859875 4389035 -4851779 -1398039 5481242 -7068367 2054910 -8135960 -11254684 -5292065 8989612 -2419907 6492936 4612150 -5625436 6818539 2682929 -2955288 4306721 -6425660 846058 -1097539 3333905 8212317 8407427 2161394 -17977952 -837146 2661838 -1842140 -3666722 469557 -3380029 891989 507401 2249924 -3055556 -7136656 1589261 -6694499 -5784152 2707287 494372 1271419 -4738668 -3655598 -2987895 -495063 -1941561 2254323 -3697829 8520900 2606696 4861449 -8260873 3164947 11166997 -650927 1117692 -3104356 -2562197 -2738106 -8819394 3242315 1116908 -529899 2834898 -1776094 1319810 -7771021 -1468517 2187584 1835369 -79412 6546056 -6275513 1960990 4594617 -3796832 2555788 9127897 3926173 1057474 937787 5243680 6212528 6084740 -637269 2781577 103129 7735105 2393990 -2354654 -9221976 -7988904 5054586 7031042 -928398 -6830083 -6182695 2870169 755040 4230577 -5642076 7539761 -7197223 9137219 -1369540 8305945 -4996957 -11961163 -219059 160591 -3309073 748467 -3143504 2132536 2991981 6344021 7824491 -1832784 6085503 -4657196 5959168 1079344 -3644722 1584573 -4118673 2055937 471633 -6040518 2143102 -7177653 2741167 -3785791 -3818369 -1942000 -7931101 2522879 1632299 3283116 5579616 -4239100 10811870 -3504008 6090726 -2237095 -4480653 -5602671 7123158 -4029184 -7989895 2336733 -8266958 -85353 9884810 702067 3309078 -7659910 -2638836 5078267 -1753908 1578515 1472440 -1139281 7955469 1048661 2980975 -8507176 -2325019
-2279506 4164418 1210001 4979528 6099071 3014344 -9942251 -1653140 1382732 2051337 2893649 1547862 7994304 -4534363 -3827539 5161268 -461426 1284298 -7187500 6182156 -5907807 -2063795 836079 -3245813 -1355585 -2011804 -3591761 -3584328 -7381481 3261822 3853108 4344734 -7986982 5598707 -4494912 498639 1398164 -696095 3961790 6659302 -6373868 5723290 -1626441 5886953 3376789 1571450 -9596243 -5688119 -1760812 -6206282 4502343 7920927 3296324 -5920863 -9569080 4267871 6231564 -3873141 96661 8246146 4750700 4371718 -2166621 2178594 2381931 -7348699 -3240556 2870083 -1241180 -10287468 1328946 -10390718 7579924 3205815 -6710978 190731 4433460 4743758 -3650706 644006 6988887 957847 -4560343 1245671 -2395356 -1111386 5499520 10169963 4055248 12916668 3778904 7762866 5803824 -1743550 5580055 -4785146 -5325851 4815356 -4999288 7187138 -3262349 -510112 -4083757 1267621 1685201 -7311539 3488753 -845550 2217592 -6157352 -3995531 -1460934 4663736 1179255 8217631 1864388 1328892 3553974 6344762 981927 1837227 -8483130 1245804 -8974652 -4166493 -8569760 1140215 -5698726 1507744 254584 2984733 2935334 -1698511 5687504 -1991861 1322605 -4876245 -7251400 2480727 4826799 -7010372 -190685 -1747549 -2555927 1916575 -6991265 2684046 -2757848 -5148397 -1353009 -1437759 2770042 -2736176 -6981397 8590161 -5038733 2220715 -6224262 -6865315 -525374 -5541676 560894 -1612020 8045173 1397315 5209936 6205223 -5432247 1011605 -1248900 -6840626 854380 -6715481 -3685797 -3204246 -6900258 1326359 1518639 5233328 11016836 387488 5945928 -4990692 12963951 -6598886 4043625 -9506967 1891860 -6386088 -3147168 -6100478 762845 3242307 226197 -5320424 544876 494189 -7265355 5581934 6180945
-6397534 819056 -3714327 -2615597 -6765798 4085303 -2243549 -584428 54588 -3280079 6880452 277064 -825502 5129909 7359021 4681416 2011116 5720415 969985 2030863 -1455212 -1023414 1635435 -6745572 2721117 3264279 -2004764 5748538 -633160 4003749 -3790937 -132562 2570036 -9507966 7193199 -4993151 -10470074 -4975677 -935307 -4650109 -9254521 1910413 4270944 1152913 -1599709 -3948093 -1155855 3563890 320860 2456280 4588654 2067794 4607635 3641053 2753297 -3351930 -973941 -839459 2664933 -1727933 -5432262 -3561631 5476984 5988147 9281179 2282996 -1282911 8500071 2755255 3258268 -413303 -6194792 4459639 636224 4002020 2358514 -2641237 1858106 -1334414 5111028 2622890 2299732 4427244 1442259 -235702 4345978 13034610 4703622 -11645886 1009041 5463875 -4063351 -102840 -597859 3055710 -520864 4653187 601952 6053203 8249895 3107313 -9039522 4954836 -6806463 -5993348 -2545894 2748498 -429988 816984 6272332 -1661546 -114510 1266884 2436684 -5488988 -4052332 -6746801 -5770589 -4641547 5077237 -1426260 -6368353 183832 4094046 821015 -397102 1196767 3315225 7959721 3358376 -2092290 5126379 -4339259 -3499118 -949271 2120884 -908721 5551966 7720287 4583988 820453 -9740255 1096329 -6212831 -344525 -489940 -4050542 -1594758 -1355498 1168659 2776502 2105225 9158150 4344778 4944669 1752194 6221225 4079366 -4834208 -3376422 -4975665 2524446 -4896294 -1463400 1096982 6503777 2083678 495917 7607407 -1280711 -3427339 7495014 4974543 2297279 -7001763 5478778 -192629 932942 -337380 -1348240 -2221757 147954 631087 5195609 -4967092 4406364 -927849 1947326 9249527 458463 2593466 -1029656 8034638 -1310250 2830258 -9134006 -4774592 -1930085 -2548840 9095142
-3314233 1868616 -4772921 15023422 -825615 -1982599 1936772 926138 -3548804 -1748765 3313868 5281371 1887641 -304884 -2319879 3789238 774664 1230537 -5214627 -3631828 -5348211 1605502 -2102985 6414731 5162735 5813793 -2840444 -3145484 2065666 -4247724 -6681240 -1404468 6838993 4853267 2196429 1486985 -14129023 1170164 5079189 180706 -2893620 410536 6498306 12821738 11010943 8382508 -2758412 -11550610 5173466 -3190375 -7498594 2172721 -527677 9993893 -6335792 -11411037 1384854 -5900616 -2593024 520591 5260502 -10662720 7367942 -2174374 3134632 -2224976 -782560 5593911 -5951778 4060938 -5364704 -12151811 1727410 589350 -7932199 -2784457 -6935653 -8100136 -580740 933737 823688 -3761401 -1515408 -1188823 -2016023 -2509627 3153312 -5356010 -1303295 8707792 3831253 -4278629 7311820 -12083170 -6652181 -1922875 -10665090 -211908 -6520042 -5021082 4993787 227459 -2000221 3550016 1337558 267679 -5699572 4572430 -1553224 8558660 -4029564 -414334 1944599 1813177 1487482 -2469793 4574753 -2975596 2247110 2082412 -657589 1557514 985686 -3709172 -5560862 -4640878 -3959218 5549845 752708 2148613 996263 2229366 -5261177 8762940 4976950 530228 -3086714 5101942 -6724339 286343 -373185 11872459 1393177 -137842 2223893 1390858 -4801834 -1285531 -3219439 -3116163 13746188 -5862371 1718325 2458715 3400564 -4278003 -9624724 -2632547 2959357 -824200 1566361 -1329101 2485164 -7504386 -605851 -11850279 -497337 6947050 2094743 649115 -3964958 -359430 5131286 3573169 10008343 6918058 748937 3099869 2029141 -923274 2705271 -2113156 4467781 -844363 4506042 -1322164 1968269 -484770 -343254 -387704 6789535 -5349837 841139 -10231571 -6075210 -4559693 3328610 15096025 1838340 6750565
-5309653 11649374 -2281709 6241667 -8424325 1820963 4247716 6955364 3619831 1886264 4082498 789022 879506 1707886 4320715 1305908 -486784 4934331 -2102148 851524 -7620243 4190834 1256365 3579610 -6375363 -3072238 4645892 1436432 3012416 1335482 -1006015 -5381685 2892851 13815991 1145163 -1544223 -1456250 1729240 1675679 2353716 -4321858 -5456946 -4211702 -1823941 5627912 -6009083 -4268166 763107 6127915 -2393809 691956 924404 4818538 -2352879 -2398457 -2405033 3998440 -4558780 269017 4270088 10374798 4001056 557459 -810633 1285535 -2646279 -2992922 8876754 -3287082 10599526 3423325 -3014617 8560438 2113152 -2617720 339564 10051190 4240232 -9142199 6449339 6931163 -1477386 -1135150 7136097 -2724464 -7965291 -5379120 8225984 -72739 1788929 10298701 1283220 4038291 -428062 2297258 -4424138 4360025 -5512850 -2103717 73136 -2792590 3662982 2583944 1572620 -5321597 930106 3974452 4154283 1384291 -2974071 -6557816 3656126 4570771 1653149 -927418 -4503194 5170521 1376106 1359900 2367817 -1777362 -2791853 -6998917 -3526022 -571956 -1123787 2184322 3908309 1027640 -7684955 -846233 1715318 4441970 2672075 5334773 1778618 1489351 1936723 -2815928 12263418 7391713 -65647 -2543362 3286515 -3589829 2933617 733030 3485674 1006949 -38433 6983179 -6621672 4163588 9552044 495728 -69159 -3751476 1426775 2170896 -5960752 -3376966 -649671 3090716 -9439372 -4061473 1069881 2088403 -303801 3220973 -3792364 5541626 6863705 8710518 -3940176 7052036 7094628 144939 3283137 -408311 -1005964 -2224148 5411055 -5739673 2430282 443457 2615217 -5384978 2383051 3178180 -7841722 -5471661 -7664742 3254277 -2429061 5956327 -2827499 1057916 1152269 1271293 2938824
4883304 -151799 -1767254 7296705 -9160862 8534432 -441900 3635712 3165376 -3309382 1977518 3438123 -10325933 7891585 1494301 -3613963 -1207248 -660037 -781276 317520 -3970630 -2330996 2226232 -1122935 -54153 4617324 -720014 673611 3773049 -953456 -5284986 -4477198 3139700 -1463855 1589585 -4442838 -7982675 2769270 -2091564 -2730987 -4066962 2443803 -3548039 610109 -11711826 -1527499 6083865 7875975 373446 -5166327 -3551952 8684350 -3572958 4977501 -4012438 -63655 -1908855 -1271454 -3786176 5000546 757686 5401783 -4289967 -3396242 6834813 -1944223 -8605412 8570926 1101511 9776138 -11342301 -738813 3320258 -4981484 -9281444 -4321811 3637666 -876881 7316177 2441111 8261001 3819140 -4403070 130022 -6913760 -5614053 2422816 5292600 -2281378 -1483382 -6375040 -1355629 4686209 10686751 -7093681 -222748 4455060 1157413 -2166682 9004262 -6508531 -11399527 -5409746 810814 -470484 3704980 8004796 2291578 1714872 1292116 -7189907 -6944839 -1980872 -2499172 3970972 4202702 -4981101 2221831 -2281325 -428128 -2025302 -3846039 964788 1845604 -3056892 6385110 -143601 5671040 -4774056 1668596 3807078 -1230401 -4481649 -6579378 3345838 -185017 2485985 5152975 -793716 -870166 1608071 -2789702 4235480 -9829097 -3363042 -482405 2911547 6432344 -4587917 -3881386 1887651 6637487 4730645 1332879 5622778 -350179 -5504322 704118 3390370 1805458 -2801069 -4723527 -8126709 616742 -11085594 255465 8952859 -4495981 -5581164 -2645039 -1363324 6923924 261462 4064128 8975637 -847692 2764955 -6518079 -2902484 5138486 639736 1555940 -5163867 3797730 -6652884 -3829812 1874019 1795857 835535 -2567104 -4502176 6676970 79968 -11238290 4008774 -89418 -8482190 2277828 -6369970 -2146725
1920396 -5289996 -7698056 478575 -2318073 -53599 -3840746 978531 -5766808 -129996 -2510489 -5012200 3689471 -4557373 5177321 6570542 -3108482 3939495 3428294 2463281 3469818 -9058169 3577976 430721 -13660294 2607653 -3152553 538443 -6136784 809934 1792116 -1307822 1774499 -1004863 -3396516 -5303713 -3385229 -1323555 5792145 -4769911 7447228 -2511856 -2212583 417125 2700423 -993978 7221846 1628732 -494652 -2338191 4882667 -1121056 2083288 -1763889 -9780105 -6150195 -8704052 6687124 -3775697 7768632 312078 -7899083 9161479 1939894 807717 5226838 9110278 3088787 -10156750 -2783101 8076338 -1362152 -9427968 1667701 3418624 1085083 282022 -602575 -1869638 6179447 1779671 2295185 640476 5967838 3721418 -3200899 -2171922 9092112 -881636 1141878 -730116 -6876493 2222031 -3488121 204833 -6567000 12119309 -6864175 -1074857 827489 -693869 1816537 -2164606 10777672 -1003651 -3666092 4343328 5058048 588327 2999410 -7020456 2378778 5838001 3309050 -11308163 7385001 5787048 2039129 -45862 -1424440 -1205155 2490365 -1153895 -4738017 -773583 3029963 488290 -985711 71708 -405855 3236665 -5682789 -3406486 3870358 -2648905 3960094 -3236545 3299319 -2193126 4988560 77938 11639537 3040604 1664969 -7838597 -3092486 -2389012 8141668 -1956994 -5553964 -8259275 -4047607 -1593706 -6646902 5395366 -6683491 -2124635 3169705 -5430333 -11485858 -5061641 -8092948 -9601635 3751153 5001127 330661 5018208 4005886 971699 -3368223 776134 13850613 -3746786 2912489 741236 -3396137 -3671165 1348093 -955411 3555257 6925946 -5057380 -2136675 -2122270 -10676514 -1507246 -1882418 -6801984 4103293 -3897644 -3385518 -6027866 -2286725 2064600 1204944 -6144607 -2739528 5079336 5106677 1005657
-4042532 4323077 -717318 2481458 -2540711 -3852116 6556792 -25413 552986 2551904 -1004835 1535413 8165477 -8189236 -2373478 -2091561 -6660677 3576569 -3967750 7625352 1838914 -1984703 2587473 3340973 -4287254 -7313626 -3751027 3292271 4011123 -1868985 2854196 11416776 6668907 -6048398 -7448528 -411210 2685346 1668570 3915986 11996558 119666 -4163588 -2474083 2092018 -3931658 4655018 -2068834 -5504174 -1762721 5780164 1650270 -4822896 4428581 -5895668 -6675974 8970133 -10590200 5457619 -294883 282042 3105835 -1926172 6027051 -3700818 -1698293 -10355294 1865524 -1283024 -839212 -5914286 9071815 -2848216 -4937372 7725078 5523691 4205707 12296778 8032822 6848070 1196251 2992495 -4686875 4962192 477261 1142920 11309778 -10834584 6117442 -1894002 2996544 4754142 1616897 1816565 -2358329 -739771 -4028258 -2293037 3393513 -7951612 193850 1004542 2641353 2763153 -260389 3695652 5154467 -6269995 -2853892 -5689816 -1586616 -6514590 2710540 12857051 3209913 374339 -711899 2621111 2659742 2176584 -472286 734545 -6960274 -185725 -193601 549606 -9282921 1985693 -6051246 -1530812 -5259614 -6159020 -173826 3131515 1262088 5798835 3252111 -2780267 -4499057 -8006265 4513371 5192233 729180 -1345824 2646333 -7611885 -10129565 1915345 -5287953 -3635212 467331 -4822040 6345242 7251295 -5708398 -3637523 -6737439 4143854 -3648624 4876339 -1518862 10309729 -1854424 -1208480 8205633 -2639953 6147901 -9369525 -8158708 -1029966 6921582 5655329 -4605067 136004 1437775 -1373857 -5402286 -915220 2945409 4467745 1494085 -1215593 2084588 4343895 5771770 -2322633 863271 -1312625 -789636 -2189246 -1282894 -376454 -2851103 -5395306 649249 3571486 5125402 -1715456 -8194472 -1040274 -2613771
-687407 2097940 -923276 -2304428 3215246 3180256 4759489 1237305 -5658444 -5428284 -1542813 -5262010 14879 -6340109 8819293 -2903697 -3900605 3676317 -1048296 1128477 3021493 1437612 5397185 4463606 -1041452 4294320 7816438 4645058 3206316 -3064725 -1657247 5259140 9047263 -6565736 -8695610 -754534 -7508117 -1920326 444925 567790 3232527 -2589236 -684394 3204030 2313393 -2382512 -4251627 -6277966 2869700 7897606 5049628 3752590 4705197 3136115 -5024278 281556 -1867209 8571349 -1616677 -904749 -7390753 2880022 1085253 -6871921 -6088438 -1367523 4575923 -2838857 1644357 5345066 1264942 -968743 -2992665 -936264 -1266475 10469889 4691066 -308229 4237668 3355024 -2066291 -1049629 -3069927 -4377877 -7918531 -1195424 -6559013 -2568827 -5975135 325055 -1465823 -851706 -4758211 -808889 -4174092 4016396 -6534204 275721 -2680879 -4692885 -5832525 3117408 -1580611 2274734 -5541693 -1479314 -7704323 -2262857 -257387 2089206 -1610878 -2773153 -6937345 -4943728 -73868 -3923316 -2343683 -6785290 -3268931 1722122 949168 -1485996 -6346801 -1299011 -1269932 -5596420 1082170 1458500 6130789 589159 -1103040 5613415 -818941 428598 1703172 -3330898 5705701 9003598 -54729 2935942 -581183 3592095 2648934 2744753 3754196 -1300870 1794161 614407 2295685 -889399 1793305 -8429266 10733931 -86827 -4348205 23593 -971049 -964400 -7644048 -2992359 -736185 -7883896 8909813 -2739395 5565589 -3015902 3378327 3004999 7906892 -3859336 6146089 -5646371 -982823 4670658 -1007884 -6167519 -3511959 836001 207985 -4377054 -781838 2647456 -303994 -5404621 1326429 -4427345 2191355 -2498557 5103254 10787611 4685662 -195490 -255447 3912378 -322285 -2006817 -9200240 -1513714 1037395 3779620
5961583 3176140 -2987380 -2314968 545891 3572266 7056969 -6028104 2871927 7950369 5937515 430655 -1372761 -5972881 5341138 -6142093 518001 -224014 5824695 3373651 -5843166 10665105 6514364 9160845 2050478 3481589 7605698 -1485886 3771644 -75876 5377171 -1334312 -214883 7378875 -1599873 5256078 2867316 1523048 4691268 8045996 -2389056 -2205545 1606061 2371601 15392902 -6241881 -8709985 5197143 -1637062 1688268 -8942353 1779818 -9356741 6026278 -3484970 -1061770 5784854 -2131050 -638036 -592111 -3225652 384277 -3980270 7288467 -732142 -4975199 -2771464 1177146 -6004210 3108405 2243377 1033947 6354743 -3964615 -1630655 -2684167 -5474462 -1413748 2843958 68744 4398062 -4979710 2884209 -11067085 6830448 -5244542 300690 4584237 1525556 -1021803 3351319 -1672162 2229743 -2833685 1283224 -4250064 223195 672144 3977016 -3971418 -934769 -1144579 -8399437 285617 -4124393 -1230818 -931459 -7662881 4783555 3094383 1923592 -8702294 -2965766 -12356993 -10400655 679576 -3288893 -7707399 -1200054 -6910191 -7200807 -6614490 3282176 5465571 3716985 -4463896 4527171 -9250563 3150309 2869275 917308 -1558269 4819160 -5941273 -1603193 764318 -7455934 10510813 -5026583 6832880 217924 2054560 -12403244 -5034675 -2638608 3272349 -2190869 1381093 -4003437 1964461 5235406 -3171386 -4413284 -4709375 -1774902 -2977347 5021641 992415 4818107 -1091980 -4606143 -1471816 525611 -6591770 784659 -3855807 5311072 -2842552 217684 -2468723 -1063983 6157952 1661558 -8692821 -489686 -5261321 5736420 8632479 -1657632 -75025 -320215 5330443 -1076600 -2050550 -636433 283125 5434706 -7647106 12309 -1000585 -98105 1156889 -5963951 -1725533 -11833795 -169622 5760955 3283324 -3093456 -4981393
9112354 342275 6394259 2124821 649787 1243008 -2579059 10971604 -2145560 1659476 7877614 7034149 -3707123 7183715 4417962 8772612 2679633 -3880291 2127416 4390951 507826 -3115937 338901 1582467 -6331012 413624 -7966160 -646724 -2820006 -2485061 3055182 7607000 -6321633 -1641878 -6322563 4883794 3619487 -1969930 -6016724 5868444 -9071967 3294621 -3483113 -937869 -1841892 3549023 1571805 1155930 -3084371 -7299371 -8321005 2056227 2898669 4249478 1680925 3191345 -3994145 5067739 4537430 -2545395 334517 3906342 4394743 434174 7352207 9298470 1344890 -7843733 -6424326 -2166287 -2671509 7466832 -1091702 -4672106 4016844 -4397295 3691087 -1411548 2068103 -6270530 702249 9164145 2135767 -6606979 -5376710 -5370839 -1132251 3071366 -4039818 -1700356 -905790 1439012 -2665489 5567732 2087663 -5340348 643514 -1283700 7037652 1081090 1315861 -137687 5515307 -2243089 -2270977 -895826 1421101 -3954797 2887876 -7733795 7037712 -3670522 7712424 -404238 3345300 -2045034 4198212 -2528564 2047131 285681 10225323 8469564 749613 11758605 -5430250 -5609143 1438831 -3367251 -4464463 1419282 -490113 -2221304 -2125457 7536647 1765493 3172446 11378789 -98318 -283232 3890151 -5701606 -7921571 -2299415 -3185651 -1215392 3267281 28983 3960105 -8773934 -1484054 -8500804 1469894 -1585925 -232968 -3847902 4469417 7089203 2689786 4299967 -5755084 6715013 -3547899 -5456465 805862 -5044979 2273591 -2244779 -3327106 -430706 1559990 1967997 -1560370 1900331 -6813667 -1140181 -5311005 962254 4581319 1734915 6040516 -775684 5808555 1224706 7579701 -2315858 -3670788 3513696 2388947 -2714296 283479 622627 3127337 -686931 -4960353 2331084 4148481 -6042900 -5016887 -4309660 570435
932439 5522353 6525573 -1486202 2262092 4968099 -5418582 -1292654 10444004 6867087 5157833 311094 71304 -1175554 -10826166 4578449 -1530316 2828161 -3626053 -4382881 -13044478 7308710 -4543114 1151566 -5120560 -4631412 -1719671 -24864 1401764 -11163566 3694214 -965417 -2551470 1860059 -4499476 -5321784 -1201804 -2228882 2830909 1142533 -13387859 7283954 -3397317 7131028 1022667 800603 1492880 -966132 -3784266 5397737 6181973 2933017 -1862411 -7121184 -1922071 4124807 4893057 11387147 5052171 -5506391 -3264646 -5909443 -1675282 -12684994 6827190 -5918887 645744 212099 4039076 3095442 -5073179 4740796 -6029914 -1490551 879476 4555332 4213880 -1957000 -1745765 -5553600 3571676 4043862 -5014505 1860284 13832409 -908407 6255050 5963107 1008048 1868274 3679887 -4233069 -2001032 166426 4332318 1882771 6058839 -4366124 5333532 2521616 2641568 -577917 -6756691 3968528 8010736 -3166150 -2503477 -1011518 -2381444 -1519100 -2531767 -995293 -3226657 -856666 -2242748 6064864 4456735 -5517914 8842381 -9981379 370571 -3785020 5760477 -1171910 -4986637 229894 4192808 -2325048 -3492304 6686842 -6098777 -3479080 11482499 -2152406 175317 8269201 5706224 -1207500 -1313702 -5386699 -2391212 -196958 524850 818841 -627203 5345382 1798329 9763375 1497953 -11277166 -3818732 4393686 -11841165 -9661682 -7950378 -1115992 1943708 1050434 2175344 -3001137 -7136146 13703265 5710857 2414917 3787115 -3523688 -313979 -2102176 -4003254 -156854 5000249 4053224 872779 -6382747 3538993 2355293 8793097 1336864 -5777305 -1161481 5416578 -8450874 -6057822 -353940 326577 -2421353 728538 -2129216 -7633092 1423962 5358589 -4627828 3637228 2333209 -435158 -1693779 8578074 -423142 -5014299 6797985
-133676 2615776 6412936 -410351 -5556417 -1715256 3349781 -7201822 4019069 -3450109 1701587 3117001 -2135321 -212252 349588 1564669 -4427973 1231308 -185429 -2959155 -6616190 -1595926 5990927 3977451 -1598491 7197096 7487816 -2687070 736434 -1746417 1161201 229354 -4430171 4375227 -3814637 8661740 -5774372 -4424419 -3443641 -888235 -6589920 1059092 -3614222 812419 -1719310 199473 1900958 -6689419 6577211 -714465 -795878 4645548 -1487006 728105 -1986563 -8688405 -1197276 -4965261 2941588 2468109 -2867291 1192452 9552623 -7579535 4190228 8546323 -8750773 3469690 -3438689 -6672414 -4495609 -1061274 5986485 532875 -2776216 -3510829 3518252 -6969984 4386063 3916523 -567573 -4564250 12809814 -7597580 -6994949 6938233 -347543 -7124095 -4457253 -1911993 5422223 -2799285 2315932 4554812 -4938520 -3163409 -10675745 -4370233 -113429 -507229 1995368 10544618 -3162704 3934461 -1243286 -4707251 2067821 3223564 -6289017 -7642944 -832625 6286373 -1275302 -167654 -3713151 -6158860 230479 -9498259 5952909 -4132934 -4341091 -458930 -1507462 -1261806 1106223 710886 5439384 4565996 1243588 4625023 740207 -10839433 13403773 4865204 -5091777 2254201 7201213 -1503127 141277 1368410 -8230317 1025894 -1293241 -1269297 -2984169 -563944 -6526866 -2101317 -9584119 4136899 343897 -3869521 -1204531 17917 2857089 5156252 -1813533 -4081307 -4023408 -8578939 -1062496 7829521 3295964 638856 -2459755 -450855 4490952 -935711 7052577 3860913 1073050 -1861090 -4366030 -7028709 -11415462 -650314 1849222 4350397 2717752 2587118 2996655 -2457271 -131036 6528003 -5280137 -1226960 4607756 -3594522 -6084292 5824381 -648577 -2363918 1895213 2474873 3814605 3779615 -964684 -2442843 -8943824 -4256436
-3491438 -145473 -2102876 -6260252 9061995 -2691364 1146328 7305593 -6058994 -5344117 6301407 -7355090 3333788 883749 1368718 5720277 -7971027 -11275402 -10225722 -1271057 5403619 -2474356 9581004 835753 -6261530 2647729 -305829 2814278 2426809 -11617071 4348185 -1383071 -1442707 -2966003 -4915804 4871164 -1278711 10189081 9718900 -3433723 383411 5887868 5387909 3085623 -10237934 318740 2434235 -3906264 -755415 -105268 -3337176 4813473 -2229981 6850181 -7827815 13379842 -4724034 11012945 4197775 -4113894 2051718 4304261 -6405068 1500039 -6683599 793871 1278662 -5237209 1878213 -1479024 1480285 3574610 2239608 7061349 -3226037 2321812 -4899613 6893687 -4457376 5848887 -5950280 296753 983566 -3024987 5484001 4388248 -3108510 111240 -5918684 555910 272386 -5306347 -6418669 10101273 1203995 5936430 3527065 7431390 2781272 -369428 108321 444650 -6841687 -10209076 -2490018 214093 -14150026 2309962 600117 2794866 7553070 -555180 -2528472 7990403 5545676 -5506774 -9492771 1831746 1298863 9725314 -1464722 3274858 7331845 3476620 -2604568 -87854 4130230 -1678718 -3376013 -1114099 -739437 80338 1744116 1152509 -6249180 3251026 592021 -1427672 1019202 2218490 844585 7640051 15475597 -5601174 -876623 -8337968 498496 -768564 7225813 -5574892 -5224639 3592481 7745992 -3468721 401654 6253410 -8108295 4591939 -4138814 2486409 -4299146 1133836 -7512386 11345124 3130369 -1825267 389153 -2359351 546203 3021669 -1751870 -6435025 -9198041 5709973 -3214565 1906736 2675662 499312 5208825 -4171840 -3090299 -2050983 -2884969 8877748 -1958530 3706649 6708938 -2845523 7632339 9008268 -1928187 -957918 -201423 -2546671 -381065 -1904624 -3495078 -3958914 -4222342 -5159784
-5378398 -3281068 11011822 -3218553 -2500082 -7418084 -12943687 -822977 -310086 2388316 625449 -2755972 1332315 3706438 4256832 -3026691 -159623 2284237 -9399495 -8618596 -1693234 -6103976 -6565966 -2921146 -3594460 -3033611 2050260 -914366 -2269861 33103 5756220 1601517 -481014 3062012 -4926652 -3812199 -5370980 -1211489 -8631226 -1352724 4258818 7684647 1206306 5714894 -4677186 1458303 3740728 1430626 2765500 3147853 -8767735 2479184 11131 373046 1832905 2809235 -4852747 -2734797 -2548496 6271832 -119660 -2008533 -3890614 3050479 11872158 1285369 -2250575 -11489057 3812317 2850710 4911411 121773 3916228 -8442119 3762360 -1295713 -902513 5215272 1584470 -1166143 -5158431 2651305 1291794 3579233 -5156057 506590 8410935 -624890 -5218649 5258645 933578 573798 2255414 -8382490 -7761531 -4132404 2862260 2892537 2613023 -5810010 1945511 -445067 8045022 -868376 -3105245 -7241049 2949367 983790 -2959238 -7799923 6341135 1587427 -3879863 4008047 2158228 -2109761 -1813485 -2931442 4837485 -9759645 3414784 1995060 3065980 9138909 223853 -3568572 3246532 293878 -2167102 -286343 8679451 9748162 8415197 -3195769 30248 -3492635 5330818 -2684018 -4918130 -12470904 -3182054 -1738025 1509955 2526363 7615335 -4957315 3132938 4286120 2617016 -4014849 6480567 3638046 3960252 -3822780 -5409966 8423196 6163057 -5431434 116267 8644208 2196152 1964331 -10184550 -3958001 1271874 3853191 -2367975 -1966041 1628688 -2789806 3254200 1450860 -4622507 -39672 -8119840 -193222 2303443 2382885 2205547 -7147293 4807078 -377739 4446526 -4110976 -9407412 3839201 5666247 9759257 4453432 614487 -1937687 -2568421 1250168 6683536 2745169 1684248 1621013 -4513227 -5222148 5476861
-1036694 1419853 5853088 147504 9467515 -1644736 512249 -359459 5891173 4708247 3167016 -6527549 -2340470 -11000357 2183002 -5985772 1978791 7597099 -4369722 4215961 3805892 5883021 867009 2890017 2547938 3187164 -585163 -1195861 -8360954 -2480701 1550935 1053914 2591172 -9153126 7483232 -9670596 7602380 8713059 11040157 9803207 4768635 4409297 -2741818 919846 -4832540 -4335738 -3005189 -8585221 -7569332 1278457 3831338 5755254 10234793 -7650722 2261719 4698314 -1832616 -214328 4410721 427671 -1731295 -8977593 -1499947 7135329 -9219905 5915889 6532160 509627 4044956 1536985 2814934 5975262 -4873574 -5530308 -3395626 5103362 -5712726 10478260 5020591 -2785316 -3152347 5570814 -11618183 1583354 -364576 -2900405 1075657 3683947 3952431 317219 4307803 -2413106 -4527613 -3672633 6244874 9107261 -646223 4892468 2282204 1840655 13523901 2594414 -1334980 2124589 -9692087 -3214373 -5863596 -2167934 -10683695 2407476 569235 5740568 -1095821 5719651 -6357716 -3666035 900331 -1925027 -1689540 3676822 2938477 6119289 5351089 -2978888 285555 2915675 8151390 -7175278 1147774 4922863 -3811401 -2414964 3244187 -1779727 -5531803 1799796 8633665 4672279 -7405982 -5941870 6194859 -1054903 1792793 -9979817 -5861007 -139900 -3812971 8422638 1359463 -3142701 -789385 2962678 3197017 -2783803 -4590133 -3485771 1933219 -2828628 9965563 -834705 4120163 3413368 232180 2930226 6982328 837335 3927412 2703957 -218040 2385930 -7985049 -4510730 -3799063 4993785 1070204 -6154759 2289123 1748290 -4336914 -33660 8157993 -297772 -8851303 -151353 -1912976 -7944258 -4322684 -4227368 -1562723 -4474565 13422511 -5834733 -3869626 448757 2538201 -2928730 -3613623 -1870293 -1241528 -10232600
3329679 -1849347 -6522133 2738759 1480783 6186605 -3308461 -536964 5051696 3210408 1319448 3426265 -6519482 2093718 1379682 -7183894 5803401 4814956 2501391 -1335411 -10202827 -164842 7584874 -578741 1961876 -3756325 1052435 -3328002 -936932 4196470 470025 2940281 570710 2592582 5821416 5556938 3395297 -1355104 4959751 4278092 -10588660 7243412 -4978698 6852581 -5617036 1382938 -1123084 -3674120 -2255702 -9795468 769476 -2424342 2502806 8604967 751061 -8485946 1276582 2336465 -7638241 -14058982 9354406 5281235 1442683 -220395 -1172480 5664008 -3860178 -1847001 -252718 -5390417 -11916793 4013433 -4141746 -11695293 -7767600 5494662 -3941388 -67934 -3149976 -8395144 -4418704 8249846 -2907808 -3160746 7950867 -2384099 996250 1189074 -910353 -8562185 -857362 -3807742 8112391 -3145703 12606008 -3062679 -2174354 -4995861 -942037 -8428740 7857434 -476555 840186 2824118 7527338 6405448 3897106 -9967686 6204260 1269529 2203496 -848037 6396702 4048576 -6311785 -12030601 -1875936 1998905 1933398 11281157 -4257452 -2491650 9712071 5758863 1273475 3282305 -6323780 -4961444 -10460237 2211342 3636937 -9113767 -5596435 6587194 349606 1593835 -1075323 3853042 36700 7416849 -2497135 7077303 -3770691 -518182 87255 -2888770 10189509 -1254963 -3166091 8331304 8535835 1749150 -5070213 7890651 9391914 4596707 -3995617 1932903 3025726 6383816 3364150 6347947 -7993024 -9813652 917525 -3009743 3536365 2437596 -6720725 3782529 -50803 5662270 9808245 -3135799 6073631 -7941774 3238805 -1259225 -1090233 -5136496 -1318231 3798308 -5438614 -878696 3239417 1501496 -826963 11689901 -6121917 -3949801 -622193 -418770 4908888 -6730079 5511746 1187225 -5374949 4545043 4295291 9355871
4696498 6948335 4516699 -1660400 -970077 5180717 -3950490 356169 -4350965 -3059052 -1058711 6237615 3119674 1305032 7099851 8239894 -1347730 -2939938 6967491 2879637 1943947 -2026530 -1486126 3443677 -4720892 42783 1466139 -6110255 54878 7118550 -833973 7175543 -3450330 -459529 929550 -5772596 8728160 -3021632 -1301760 -4688994 -11419690 -1662287 11439387 -10045219 -3892978 622394 -3258965 -2017234 10689124 6347932 -9038295 4206144 524782 -998208 2608427 30005 -2052932 330155 3955398 -5340845 2338468 2031501 6206245 -127838 2266006 6608743 -4848043 -1487932 -6910198 9317 -7742065 4759671 3926782 -6683996 -843266 2215123 -2973654 2316390 -8763897 487993 2249660 -4360452 -913761 5711306 12930560 6951463 -2968534 -8016131 4587455 -2859996 -2277598 -4984852 -3101485 -1664075 -1486887 1298094 4180266 -2075229 6664388 3802713 -1348481 -1046872 917784 -9543895 -4407081 -1670571 3106777 -4599545 -1571620 -2047256 369081 4067384 1311448 -5509827 -15177586 -98593 -5160833 3561961 7707526 -1483726 4167903 6398267 -983258 1598528 -770147 -9063189 3997919 -9278111 -3223563 -7106603 4197294 -8201815 -1603298 -9641199 3646614 1423351 5539021 -3572082 4103051 -367 -754442 -6547218 3758044 -6969915 -3621336 -6485617 -1171274 -2824402 3339463 -4437373 -1756656 2685596 8784133 -6049240 -1676317 -7222352 3403904 -385022 -4307425 1387341 697561 9763125 -1387024 3398495 -1442293 3823783 -4838340 -5962036 -2819918 3420862 9295155 -9183889 514606 -1445554 -6211792 -5983346 6911813 1747307 -3643692 -4077811 6689464 5371228 -123978 901524 2976938 1727032 -1266984 -710858 -2624992 3262371 8578573 7187279 -3650240 -8050049 -2364748 1471661 -8986290 2525099 -7674740 -4632492
-9263498 -5842721 -2008879 -4134026 8795263 5965717 715392 -943944 5770839 -1386606 6144785 -706700 -6392468 -2455566 -7300707 803554 2702715 4613756 -2506949 6179391 1486609 169006 7734650 1022937 -1159403 1833380 -492887 -5393107 -2622784 5491816 5701812 2889721 2873583 1929606 -2336338 72421 2636132 10934860 -526879 4581096 2622307 -2194228 -1224328 -1962416 -1268969 -375799 -216281 -1291975 4407437 79254 2825107 -3981458 -5862867 -2840636 -2826934 2326300 6804945 3406621 3834271 6553217 3244633 -2395952 -3511116 5012611 -1961969 13159427 4728817 3647603 4967003 -6603952 -111347 -2395091 2227479 -2338812 -6552215 416442 -194714 -1078777 -5230643 -441452 -2513020 7613493 818843 2242252 8096187 9374366 1438872 -3442698 3141659 -5774767 6234965 -6955025 -718024 1462310 -189763 -13133936 7684641 -4671325 8532266 7398923 -787715 -217017 -5704901 -5261950 96404 -2345784 -3145309 -5206627 -1696047 -4805352 1095655 -231380 -1624805 -710219 -14234069 4298022 -7649936 -2993391 4466122 582148 6049025 9899020 -1214591 -3356051 -775011 -4421370 2523542 -5858642 -6344287 -2713419 -10024028 -6036523 -3511285 1748060 1911923 -2923937 3489574 184155 -5046590 -2806194 6851910 341520 -242939 -794329 5973204 75617 -512178 6840580 -9005446 2758597 -5428878 7017580 10745625 -239223 5604804 -2659049 3232732 6246257 -2724133 2489365 -2284502 -1603450 -4249085 3044506 -1754398 13426690 11271974 1115578 12688978 7708724 2112471 654766 -171107 -1392932 -4398574 -763291 723732 -927334 -3425006 -4832734 -927590 -5107693 10471268 5069615 -10882077 5847815 -5257185 17387068 -2226334 1653228 -1332396 -8371847 -703877 2831454 664126 -3497341 -6249426 -4601110 6520436 4921130
-6253479 10540406 24891 3057296 359702 -3235204 4383099 -7936706 10747008 -9755930 -2656603 -4990179 3770113 1864665 5537182 -5930597 257050 -4638089 -1030789 3095650 2818042 -5036214 -3142652 -4567038 -10591430 -9533595 -2235065 -2802005 -2893785 -11694583 -642663 -729061 2281198 -3156132 5543192 -2841975 6159546 3708859 956621 6156581 1097416 -5008067 3631640 304009 -4662572 -1768376 -1735013 -4406883 8381921 7085083 3073357 -4200545 -1523556 753073 -3389173 -6540369 -10133104 -4085013 -5562818 -8739576 -1346069 1348394 -3338846 3122287 -2250099 2599594 4936617 -10101974 3507622 3181690 -6528860 -3553172 -977748 -6104049 1183093 -1245503 5227656 -628698 -5903017 -989268 -3794720 -4885398 6624865 -102599 -3137134 5467713 -11273844 1112959 2858071 -4025844 -1126488 3757050 3078927 -6531501 -4685154 957091 -1381377 1141539 1167966 -3125221 -8526994 3433889 4988096 7709367 2053588 233641 2311529 -2413034 -180885 -1462773 -3177600 -4768010 2272683 4510230 -2463199 2249129 -5026307 1431367 4169369 5926414 479752 3216246 1849752 417207 -5534363 -3538601 -817969 -5196704 -14402603 -857196 4984120 608162 -6614679 2100670 2603477 -5217155 2238255 -5665899 407435 9270004 3540616 799137 4444156 2853910 1443845 -9224406 -641595 -1555750 977799 -2800049 4736943 4886210 2845164 3837675 -5530401 6053908 4721373 -601778 5655276 -4222733 1069209 -398417 -8483201 7860045 -2059716 -5997129 1183799 4045586 -7495289 5939480 -1819970 -723492 2462843 3257162 1215558 -11575 1674911 -1103218 -2668907 133632 -4458333 -2790315 93961 2290048 5427473 -8674839 6082717 -8196840 3164212 10027967 1398375 -698862 -10877837 -7177361 12670816 5194441 -2613866 1782388 -9222011 -4830860
-700310 3119853 4065142 -11774122 7390296 -3966010 4953333 -5523641 3285810 -4948832 -6962518 -7741385 -6627528 -1096973 9531969 -5867641 693683 -7392995 6523670 141005 -1260472 2286382 -850664 -3571344 5084553 10021838 -7498851 -334165 2332001 1810015 3610373 -2166954 2758908 -8954965 -7170568 3119775 -3716867 -1031848 10901870 1990410 1978000 5224494 -8272041 -5859588 766936 -8903861 4059885 -1407140 1995984 4187307 -2794513 5745083 -662517 1311297 -6254900 -3479302 3727427 1527483 2570481 -577264 -4749995 8813643 -706623 -8669695 1697840 3994181 -6091712 10415808 4966140 1101804 273335 4860308 -5714726 -3329860 -3727141 7734496 -3531271 3841866 8854651 -1993655 2044562 1877384 2010276 273606 -5606588 -2392869 -2851876 -1732992 -3854693 2149331 -6648078 -14830863 4486174 -3247589 1922243 -2109629 368154 -1802143 3311442 -2446180 844615 5721665 -4587836 7926115 -6218266 -3305872 3013113 -2405348 243836 -120528 8631501 -5499704 5110726 8032076 3840510 -5078480 2100919 -8610906 -12659221 2637268 -87196 -8251627 392744 8787609 9897998 8986737 -7416624 -743278 2063822 -9627230 3354861 -1074679 1980982 4002523 -2104835 -6063845 -2202281 1433155 -7617634 -3059517 -364436 -2631373 830583 3021703 1653711 7003696 543337 -2087478 -5680332 -9977976 2026331 -4812050 -5410833 4283319 -4286026 8197279 -3569075 918835 -2175088 3698485 9919959 -4832537 -3795441 -6288007 -7830890 5046140 -1898444 11204062 3446162 -5976549 3044127 3023032 -1281565 -6535372 -11056766 4226396 -4262792 1201109 -4036706 5176501 2048598 -3534140 -2281188 -4034153 1972111 -4102654 2860974 -1151015 -8861149 -9563522 -9257953 -7711557 6536839 12130794 3491304 1066421 -4512978 -4475662 3490423 -919411
8310982 -3123969 -567993 -244998 -224150 -1303604 -148355 -3274261 -218510 -5974994 408232 3546193 11017372 2935649 -885862 2980914 5648347 -395893 468703 -2112036 1070833 -1946548 -1791247 -4419149 -9028027 -2778776 5203152 -162061 4514576 501847 -5586763 -2119024 -6020205 7005484 6153465 -4212168 -613201 3678956 4538217 5961115 4594066 1092221 160463 1517935 -2958959 -1569640 -937885 916284 6692264 1305008 2039115 1668624 3881235 -2665293 12292855 3340164 1416429 3384391 -3857373 -4670740 -6856154 -730797 3144542 909360 870332 -2169010 -4961811 3261677 -5046644 -5506523 -53339 1230515 1869788 2251863 -5401073 4421149 1370675 4552071 1554248 -2964986 -3067036 11157038 -8494418 -4974669 2177957 1028540 1071547 -1529390 8773363 -1724886 -2391837 597110 -4314592 1994796 -3247120 -4143326 5657931 5815245 1788801 2503622 2553707 -2627647 -7668402 1289386 634535 900646 -2098314 3150570 -1777774 -2504177 739913 895605 -2009738 3530527 13640783 -3162907 3882683 138182 2153814 3803183 1694206 -253928 5244258 4326865 -5941912 5347027 6824100 4381031 -1272548 3422462 375459 -4688677 8287084 -1610803 -9362310 529286 -6640269 7134944 -2970692 -5053786 2756717 -3966275 2420721 3777183 1159672 -1972623 -3021789 844168 3302620 3150178 -1489039 6354577 -1695846 3707162 -1501481 1729065 -91480 -224895 -497258 4782459 2648513 1016350 -5486393 6659360 8436285 -6113402 -524344 -4650428 -7127591 566023 7491292 11514543 5666891 2363703 4508694 4233644 -2893326 49651 4978568 -5202355 132516 -3603008 879738 -5836147 -1724988 4891446 4203350 -7334570 1865901 2632529 -6313682 -5854537 -1465611 -1435244 -1995642 10485920 -2944589 -1590625 -6907240 238823
8553433 1690647 -86073 -2085617 -319291 -98027 705660 -1882209 2990133 4305218 -4734825 2164482 -2204506 2348949 10708664 -1882412 8947269 -1618336 777995 -1599118 -439566 3121866 -385718 1577919 -1239956 -540833 1128385 138374 -3761572 7821531 3283814 -6907452 -2131427 -6161365 -7219172 -820859 3307703 -5401386 -2093181 6842213 4963209 -2398406 7258986 -4584596 13194450 -5032653 -2081991 -2324997 2558705 -7951492 -8367479 3625803 -12000356 8007363 -1029654 -2901952 458455 1191290 4345766 813169 4958976 11285954 2254698 2378575 5109796 844167 -3808365 7986025 -2338427 7947763 3928991 5970308 12276324 4718671 -9987296 -5289973 -4751267 -1842048 1454165 2755887 2057517 5939066 7213205 -4246982 3177701 296056 -4152850 6635846 3954402 3151242 -46894 5131989 -3480620 1396363 -1011064 2150747 5288223 2241747 -4823837 1194545 45194 315466 -4015567 -2521141 1927198 2972132 2459198 -2152923 1975866 2953887 10565100 -4495502 4763017 3125731 4778987 -4454488 2655071 2652692 -1801423 3374209 -5085104 -4627752 1717987 -2701198 4461847 -5444859 10809330 -3871583 2398633 -6984302 768654 5507164 -5660448 -9492565 -4353134 -951242 -3151962 751880 1004220 -1669688 -7000087 -3484605 -475024 361401 2504452 8717298 -1803351 2576358 1368789 3748719 -877069 -520704 3368549 -483278 6469404 -5266015 -4031052 9298323 3694936 14683651 248982 10230038 928145 -3898008 -1289493 -1803930 1543747 81020 -23845 -1014328 -8037451 4181311 3698158 -3560250 432809 -3019827 1633082 3959133 -4205645 2475961 3241046 6853432 2312400 353308 -5856395 -1322082 7240388 6463471 7471875 508145 1771935 -4804083 -7727358 -1881914 -8955582 -864757 -4242020 2377078 7946603 -10227350
5178594 6035788 2071905 -4641910 3502265 -2698545 2817522 5695446 -309522 -4169337 238324 -3241935 -7440867 -4356993 2444275 -5106899 -8432903 2161872 4083924 -8514502 3374211 1275856 4245351 2776798 -7817330 4555335 9249612 6098388 6992131 -3576881 5460321 11082933 -3913068 184979 -2790838 -1078852 3578313 6425017 -3261528 811703 488411 -2145849 -1787990 -6594744 -2020029 2919980 2082239 3687649 906415 3619083 -7133576 4200563 -1993771 5274708 -7788850 -831734 -1893684 9166407 5654909 -3033107 7251546 1831878 2565542 -6047385 -4419257 -1953827 999992 -47820 6830017 4065823 -4176141 2360527 -3137075 -4693409 768731 -1560717 -8298674 4599318 1330515 -1326296 2740553 -1773854 -5834138 12543665 7362150 526208 -1421151 -4417446 -2181788 -130146 -7138378 -1980806 -8558333 -1200338 1766074 3688010 2186995 -591148 944585 -7127483 2412815 -284722 8909783 -437168 -2980255 -4812783 -7446738 5159072 -984366 -321604 5080582 -13715299 -4579950 -10347229 1230933 -8084094 242371 -8448694 5221591 -1299299 5862528 3954593 -4659877 7281568 4226292 728935 3207184 -9676726 -6712603 319685 -2039326 3449562 -3902649 2096054 10872551 -7000702 4268841 245122 -4931728 -6392714 3611666 7073065 2560031 7776309 274036 -559598 3265050 -330299 8914679 -3295928 1774170 2631323 1156427 801083 -4381268 1497216 -3616203 642588 -482723 4483907 -4324074 -3640294 3933693 -3005104 4347210 8524860 -1509697 3181208 13551424 -3868343 3150390 -421613 -905502 -124106 -142755 6741225 -8158524 -7157041 3994198 -4802459 -1441207 -5478480 1330049 -2048183 4670588 3311708 6856369 7051653 -5401070 4847791 -2834018 -2923296 -2482435 4063655 -5037399 96669 1667862 -1011619 -8212188 2257446
-947483 -1131881 2170914 -9248422 37135 -2814631 4737125 3460476 2670246 -7909281 -4012847 -1330520 415727 -9789550 1634583 -3285170 -2887847 2070755 707991 2573066 -569982 1960015 -7097345 1194273 -4104256 2932700 -1404718 8763 386954 -6206697 -6372399 1288642 2158168 -5023426 1600210 -1474979 7142656 1543628 3649497 55636 -1794886 3147782 131295 4720141 389039 4894953 6000668 2364853 -9230132 -2569061 7555689 -1736844 262998 -74182 -2634653 5544188 -8169001 5080463 -3076142 -754216 -9077566 788204 2227066 5687107 1141376 4971818 1647693 -6136715 -5849033 1266423 5100143 4745789 -7618903 1362388 656551 -1077905 521879 -4395555 3612304 240289 -6267173 532509 -4034349 4942110 811985 7127058 -620895 4370632 5037332 1368042 7924895 2822424 -7930816 -4266745 -4780538 467734 -531773 1668060 -986076 -6413194 1681881 -3863138 820476 2345430 -7673947 603720 2912221 -5035062 -4586978 -1781652 5186174 1395050 -3820786 5397380 9258365 -5050606 -1491247 285179 1689241 -2450671 7211157 -2075174 497938 -3057850 7705707 12450483 -290045 -37991 -4375037 -382429 2004047 5729427 -255542 -1485789 -4057991 3138949 6383084 -2627841 -1888028 4656484 -1442520 5564458 -1878881 -6449706 -1291630 2348382 -5301432 -14770 -7832796 -6714518 -12688699 -4030978 -1821821 -7643131 -2038435 -4047056 4952971 -5674570 4859684 -421693 -567285 -3329523 3753713 5969859 2596563 2097116 -1191932 4670920 -508868 966184 2131258 -5415238 1678876 4379692 -5738277 -3724796 -2915276 5066238 -5066060 1616471 8414195 -3320240 -3838118 -9704364 6866857 5192286 -141743 -9310447 5172749 4283627 4791572 496440 4216850 -3411473 -2176269 9371434 -2673056 -1509570 3563712 1075680
-4474274 -3198519 2547754 6012533 3883459 -3186558 -725791 6910723 4523296 -7479171 -631470 13436552 3698353 2126228 -609350 -5273630 -2071171 -4916740 754536 1066175 843178 3398525 -7093244 -3054317 2687629 -1490430 -5909751 -10152259 -7184726 2732351 -2523554 -1215228 2880137 -813421 4050275 -1399235 -5389364 6159368 -1408169 2615980 7342149 211520 1861181 -4854494 -6399833 5039746 -1120078 -10855913 11414674 1686271 -3118575 1680385 -2051710 28387 -2886020 1693996 -2501338 -7701501 25428 7087649 -4862059 6146893 325091 5392428 5044840 -1448333 -956462 -11138587 1593988 -4284789 -9316365 -3588156 5563353 -2520188 6121386 4045620 1967406 -779066 -6112664 6893784 -6494303 274334 179560 -3974768 4543130 608872 9513203 -22194 -6855423 942804 -574314 -5293810 -7292111 5170027 3690460 3463331 -6895527 -8285567 -4829083 -926187 11641457 5001865 -1385445 -3167647 2771724 -854340 7956934 -2755190 -3308659 5588255 3773919 61364 -2605894 739481 2513974 2429366 2286302 4582 -684935 8557241 6570997 -8601235 6064435 -317867 -220992 8967054 4607709 4596961 2024569 -1156319 858824 -8893495 2023090 1032465 1245555 397675 3314712 -1487129 3650590 1671548 -2213582 -9952055 4430666 -7785636 1750578 -4939185 95152 -756700 -5899515 11018804 -3287076 -101008 -9767007 782970 -849919 -3487718 11105939 -1017007 6196560 1075964 -5194496 1848267 69304 -2155235 -312710 4295403 -2332118 -556744 -8390106 -3512799 -5585627 -2074324 -4248431 499212 -197681 1138673 6929557 9709106 -3048422 1749975 -2554659 -493099 2994063 6727216 -19285 2146990 -1654090 -1794271 5420318 -2129299 -4744333 -1848030 4060487 -9385345 2821544 -4025825 8260226 4774888 712184 -5534224
2454407 -1222212 3615695 -6352966 -515599 716468 -3928459 -8665879 -1133962 -7210419 -173448 1597988 1464323 -7276777 117735 -622010 -2077337 -2426596 -4006593 1139092 3883777 -5169697 5415850 2167038 -2312160 -2139191 4341885 -4092711 2939104 4755575 878526 9227129 -476225 -2139918 -7786557 -6973753 -3371099 -3258606 6534934 4772777 -2941103 858328 5551312 5425826 -1461374 -563457 -1304588 -4644952 -2220362 -2809534 4871892 461811 2458074 -1578908 -3216923 1308315 3912239 2600294 9844009 -3373262 374499 -475730 -2842718 -3482870 -8017392 439508 -2591103 -148501 7653158 -12826650 616670 -1938685 -8363395 4926348 816448 2598273 6066257 1260637 -1774044 -3237978 -934877 -3137782 -3539320 -1793104 -285730 6122176 3578939 5182339 3566839 2080497 2971749 -3331468 7167936 70321 3815337 4493347 -4066119 2824583 571544 276372 -3581664 1974365 1670502 4150062 -812601 -9228005 4959377 -4160148 9928211 985916 -2870826 -3401035 -4530824 -5665175 5504281 -6734216 -8282820 -3445156 5227316 2300080 5926983 3719399 5555015 199587 1625629 -3205323 -9827381 -4390707 -4882894 4472091 -5023781 -2114562 903114 7160510 4342465 4951317 1241762 4425740 -5114333 4182611 -1271646 -458008 -3713621 -606270 4988217 -9837444 728134 876173 1924600 -1193698 -195125 -3701737 4998615 -16304 348079 -606718 2498984 -1377740 -9586696 2074001 -560500 2307472 146046 8876876 -460666 -7736834 2240276 6623098 5233123 6704164 4672299 3326432 4557204 -5997601 -5493170 -2518317 -2036210 -2392068 884929 2668200 -1093091 4171728 3749526 4371418 3459047 6321627 -8921619 -1918799 -5348350 14082937 -3554557 -2599490 2337270 -890291 2599565 10414862 1407203 -4497565 1979974 10163623
13478887 2887906 1015904 8477275 -5618469 1493964 -7866294 -873142 -1639237 -1897312 -6026040 2310083 -841829 5031276 -94148 -3408633 -2156878 -3914280 7682302 -3560510 -858568 -5323413 4139873 -5144350 -9698401 5059809 -1591303 -10489147 -44039 2397014 2443565 1710161 882113 2373943 2229989 536726 -4691605 1574898 1271928 -3541323 -3671396 1538135 -4686185 -33861 2737708 -1818504 -2630876 -5444474 -4239192 2922220 -348746 1891677 -2239147 5369806 -6951410 -5623225 -2993400 -5227292 1874763 7157135 6835922 -2071372 6386084 4031649 -3546222 -1806132 -8027180 3781634 -675230 2438666 -7958889 -8167320 6775304 -8881729 6468121 -5807438 4986699 -633415 -1362220 829957 -301315 1350118 862529 -3137600 3288232 -9647462 -6305398 6555025 12161620 -7725230 1612128 807609 -1032428 -1392987 -5609783 -567014 -1590664 1672573 1658574 -2835972 -2204500 3680955 -2001303 3078978 2819163 -5941523 -191112 2433271 4490139 -8213468 6474623 -12520638 -1159412 -4820943 -6714946 -7711363 -74075 -2105580 -728290 -6865958 -1335633 1507346 224036 8747559 -6988404 -8350977 -4144176 4796701 -3778708 -3001723 -1006161 9115098 1847506 4822947 -228895 -530277 935577 1736561 4048 -2606895 887758 1285981 -2484565 -10626022 1834906 7006581 7541302 1623026 2284106 -770886 3254770 -363628 -5505037 -2114864 5265762 1448959 1858316 5154697 5856891 6294822 -11255453 4505296 7019067 -1376070 440845 4408740 5126626 419014 -5365327 -802867 2099879 552746 6941816 -1917838 -8767360 8689558 492025 -804937 2326616 -1810303 -3880660 -9168667 -1348716 3589945 -2678165 4371804 -3770004 2911746 -4511990 -15129 -8192960 -1176502 -2992671 -3804401 2667605 1236274 -366182 4091670 2332283 -5474791
5254760 -5626041 1262094 5172603 -2438545 -1756251 -291212 1916673 3119426 -1451643 -1885188 -1194746 6344410 -584950 -2252887 -541351 -3822435 -1075291 12087258 9072996 -9681077 -8564670 -4072828 -1085600 7030900 1720847 -9993520 -752075 -324482 10782207 -5012301 7234733 -6974997 3701341 -6640809 4598571 -530472 727470 -5779550 -329326 -6352708 -9953401 -2664263 -5006914 5309353 5499070 -3594340 -6019964 2199225 7164118 2704435 7071682 4264442 -2817521 -4191272 -4692117 -8594000 -3361258 -1721617 -6264503 -5111325 -3726195 2587854 5358541 -2596406 -204382 -3581671 -5651848 2295903 -3822636 1116340 3097796 8801902 3093360 5755247 -3463681 -5118301 762576 137612 -2195060 -9006217 -5442035 -5405507 -6073148 6023180 -377954 -5003113 -6525468 -1032969 2903844 -7860365 3882951 3464359 -2570693 -4971268 6988936 -5295534 -5403882 2411901 2190699 -2331221 7600096 447748 4230936 3557117 -3126707 4603609 2598642 -1499050 3961482 2120018 -4493756 18443 -3110957 800098 -2339160 1510506 -5829858 -6255728 -1122076 6435079 3247661 -7458595 5293688 1636501 1718587 -6880729 2393942 622893 -520388 576472 -2515045 -6647040 -781686 382153 -1356367 -2973199 -3110606 -7834876 -3819158 -4261944 4363876 -4386463 -3437466 -1303271 -6865184 -1609690 -5368786 -2947830 4605601 -3086606 -7578178 1284785 3310098 4010173 -657698 438678 10199775 5722043 2214951 557045 4584048 2477376 -4854293 5329756 -1636911 -3523769 -23558 8105652 4808414 3284401 1101783 4018256 6273727 4758534 -3211780 -2084126 -641879 -5829598 6661647 5001057 -1381231 2309397 7321121 -6120728 11013194 -2281080 -4610440 -2095980 642815 3257254 -2697796 -9035998 4482533 3548320 4165166 9086028 -4581039 -6465165 -8157636
3758026 1733213 -166860 -9003062 1229386 1491996 1981888 10961139 -7313316 6576687 -10612664 -2941017 -8577013 -3167738 1508164 7263006 9266110 -8820069 4352904 310121 -1788201 611961 4119297 3334516 666261 4697947 1844936 -3853354 -4490983 1492470 3098856 133848 6484374 1627055 4194595 -2618963 -1332878 3962619 3756764 -1123590 3650113 2882721 1106537 -82938 -2518388 -1402762 13195640 914867 -6651355 1541031 3686481 1428829 1598458 2910154 198702 5423236 -9587420 -7485403 -2957356 -2578393 -3968678 4377637 1905909 5357661 -8616350 2153293 7012755 5966902 -825409 6266143 1243705 3332184 -1401564 5621084 5194865 8322484 -53391 32440 -2383296 2494761 -6107577 -4198266 -13893012 5449451 5131765 397681 1071803 3640429 5006295 -1304077 -7382399 -10355807 129476 -4207899 3587230 4130883 7772871 -6276384 2924397 3871943 -5570300 -3001034 820181 10225140 -9804877 -3303144 9546021 3356700 -441642 -8012499 4240268 803651 -1966223 2251911 -2848416 -232205 1723583 358417 722268 -2081349 732754 2789640 526103 -472428 6987346 10623687 5831134 1305471 3581186 3845122 -2159367 -7039400 -5107407 -1327254 -4983530 -4050272 -2258263 405431 1776069 -1846951 2927002 2616208 890096 -213210 -356229 4988582 6575078 -1120771 4642291 510864 45511 -2032320 -3449018 5917419 -4213421 -10442055 -3780025 -925551 4565221 5464421 1637335 1356818 -5527169 -6495151 -8992980 -4606866 -1256126 -5739224 -4199153 -5934840 1110166 1565166 -4694844 5956976 9858251 699540 4521505 254337 -1590355 10211939 2313486 -2033701 1948672 -3633266 -4400212 -4399678 -2443730 -3011643 -8020783 -6815834 -4414079 -585927 1882201 1168807 -8634180 -4177520 708572 6294008 7536262 2904653
-967120 -1029976 -660818 -864178 -5644454 -3406661 -6259682 6310727 -2456898 2656869 6761942 2725699 1015646 -6354816 3137772 5086700 727480 -6181473 -9808787 2941707 8515186 -4454555 2072660 -1474386 5955699 -3592933 6696828 -373870 1122230 9728169 3451647 -1395263 -6884254 -64940 7623124 3176913 -987079 -4968399 58140 -6539462 -3894764 -1338303 -982871 -1727654 -7559973 -8895243 -325995 -8594407 10026774 1782158 -1286713 -544674 11197731 -7531091 3692346 -1305875 5516974 8048989 -5452363 1230338 -84972 8966447 1828592 6148930 -5004607 -1451721 2823388 -3594409 -1684762 5111194 4569203 3875553 -2322671 -7519009 2012776 1906740 4944795 1846165 1229913 1881296 2649235 -4019155 13590596 -3242600 -7063259 -6579912 -7924189 5033915 -1115913 5467069 -2703087 1376818 1221282 -2946242 -2515113 3203998 -1221567 5699532 420529 -4319369 -5114762 215256 -7209943 1546380 3025620 1134488 1891596 -2577870 -278273 5760386 -5316540 -933919 1407115 -3134416 -6739492 5160292 -10747576 4952432 -2823882 2651232 -1441971 -553711 -1506822 -4499288 8864788 -3512876 -2568711 2775604 794854 -134600 680712 -5849549 2391285 626838 -985366 1653008 -2552860 6470441 8424407 -1906215 12738522 1164714 -2553028 282901 -955094 -8649398 631299 -6279742 -2931402 -2611885 -1028392 -7279629 1820914 5182029 -10516316 -5445623 -2250277 -5069735 -6183498 -1079402 3212103 -6554814 -5213417 9507884 -4318204 11075677 -6681424 -3605044 -4324375 -271451 5308368 -13064659 -2046899 -8507297 -894317 -4522335 6232712 7867565 947265 1703299 950291 1546271 -876417 13205 -911022 603778 -6390460 -7812476 4913279 -481417 -835708 9755339 -2016449 2570916 -1952563 988953 1751418 213829 -7809368 -3745732
1504875 6013946 -819805 364935 -4167949 6623612 7827102 4465453 -4668686 5132690 163478 920147 2167658 3443536 4100571 -5865426 2805522 -1295609 -1527678 -1227064 -2196485 -2853174 3157553 -3802544 -5011838 -4847764 -2152882 1249575 3738120 1712363 -3942944 362365 -995259 -1830049 -2502835 72253 3479136 423595 2765609 -545376 -6989904 -8590219 -8232866 -667161 -2096099 3653127 2519423 1464448 -8432649 1614841 -1616835 4120332 -5508761 2975515 -5245619 373971 2524317 -6553292 5050532 -912620 -1465381 4399796 -722298 1735887 -1753442 8086905 -3945797 7013725 -4773709 -6839942 -428306 -362916 -392113 -4346553 -2732616 10305242 1025816 -9510422 -1911804 895018 3403760 4078066 4312983 323647 -6572994 671071 1174993 -1134241 2737777 -6236546 -4806734 -2264887 -5496270 1345790 7838022 -9566649 -980492 5630132 -7689252 2342531 1271433 2973988 -1305262 -821670 380682 -1082320 1782783 -2246017 606163 -7037182 4661868 11721426 -3262723 2456254 -2816277 -4654795 271926 1283517 -461604 -7795352 4245478 -7680727 -699636 931737 6007043 -699192 -872661 5160587 -4683278 -3852588 3422671 -8014814 -3119779 6981064 3851053 3057903 -1406497 1464689 2933385 -991623 -3680172 -5362111 -3404853 11509902 824141 491555 5346006 -905990 2094836 4581364 -3332247 5562459 2591113 1641996 6157223 6325957 -4604817 -5063453 14637614 -5844286 -5330402 -6308012 -4345356 3759559 556356 13466435 5789948 -1896759 -1150525 6553861 -4485993 4404262 2473118 -3531983 7396075 -5836020 -3211632 4687453 -2114976 6447501 718930 3869813 201065 -2126615 10282276 -3773471 -5355962 -3783692 -1147262 4606313 841419 -2688486 -3583987 -10684178 -1011739 494146 -752722 -5041517 1067926 -2895742
-6598785 -2768443 -894811 -1430360 412473 -1877931 2246863 -5767559 -5663753 6826107 -8813610 -3331847 1012244 8453505 3754702 1149727 470627 -5630095 2742 6284348 14516696 -11192329 -5575367 841154 1773703 -6614913 -1363166 9516412 -5728736 -4243263 1181727 4022090 6793185 2070766 -2085253 -111444 5201473 1164228 4115882 868645 1239444 -4628031 1583707 -1753482 1718794 6901239 2048950 8787859 7407295 -2269112 -796856 -3148154 -3410321 5076360 931336 1688257 -9479402 4659529 -1515653 -5186568 1830047 2170203 189452 -9080704 1198888 -3133522 -2593201 -3948722 -4644683 -2565054 -6217187 -1886476 7223002 -693718 3194688 3215062 -7693036 -1315522 -9454938 -6136342 -6071445 -533002 -352637 -2381431 5309069 212449 -11695064 190437 -454786 -3884455 1466636 798907 7250072 -837761 -291316 -547989 2792016 2791689 -8972691 4897689 -5480322 -2998656 5881748 7111778 -387390 8777791 -4814856 5008090 4325922 3120378 1617846 1282187 7592785 6985253 3392792 -6815369 -3693251 2221970 28584 -25128 1491766 1200828 -817538 2794775 3434894 2736256 -5089919 1370410 -5532451 -11618856 8827251 2903886 -4794909 3160083 -2512305 6866002 -9507288 -10051587 -1416289 5433524 7943744 1039141 -1708868 2765275 1070408 1491451 -2266551 3718022 3871994 5449081 -1249820 1692498 7051582 -1195326 3643818 941871 5377149 7195122 208850 -6873244 7983685 -4838966 -7837141 -5432024 1946424 876644 -7224705 6428707 3245707 -827276 3671235 -756517 2567978 4926852 3729203 701140 125101 937582 1928024 3077157 -253307 8815161 69906 -1963577 -2945438 -3893432 3686814 3156964 4578618 -2836032 -2552451 -983788 -7870244 -23303 -2143502 2882610 -2046486 -2019062 2139614 -2412179
-3947140 -3651103 -465731 8757643 -9432042 -3475885 721009 -1695476 -6084323 2803307 6046579 2999239 3825633 -2646936 -2163540 -2185336 448606 -669503 8156142 -4121774 7666724 -2394687 -4770065 -3270245 3058501 -3027177 -2653182 8090440 3963992 -9220797 -4335914 -2706157 4971635 313290 2971682 -6151463 -9188194 3424870 2627610 6849913 9221632 -10404808 138730 -1931413 -2441393 -1933399 2326302 2028928 3843928 9571276 3918902 896305 360688 -40720 2676713 2090279 -1206611 -1079161 -887745 11004159 4524842 -8376828 4582731 -8896868 -2930168 -2339766 -7202226 -1715934 -1337640 7239916 -10448896 1820584 6506666 -10160810 206472 -3065625 352293 9594567 1469038 9395465 -5018565 8366530 -2276272 4075679 842109 -8035955 -2850270 3787510 531163 -2618891 -1203295 1689627 6480795 -1195087 -10282823 787355 7498700 -2197221 -5537311 5668237 -476609 1621884 5687281 7377056 6707122 -920997 6107437 3299975 2848449 -2166689 7284455 2009711 6493072 -1537359 1953769 -704890 9272828 -1781824 529847 -1515113 -1154235 9294648 -4343809 2471424 -5077294 -3432182 -4200288 1989388 -3780525 -6024172 -484358 3232191 469630 559855 -460527 -1423372 -5690145 -616026 -2537142 -2679843 8978692 6452252 4280520 -490075 -5274295 2879484 3696691 2748599 7747030 -93749 2788112 -5788198 1075261 6030104 4329633 8372463 -2069663 10604446 -1463416 -409626 3411451 3466185 -349646 -4271488 2011649 -10105353 -1566402 -3103851 1196219 1261108 821777 -4489693 4417306 5718931 -139842 9701547 -2336360 -2181171 -5003461 -8144079 1053325 -5643611 1183364 -4961685 -65327 -2414658 -7117967 3780861 -3066223 3749766 1022254 -4174761 5459418 -2836384 4925642 -1029304 -1334576 2190578 -7321612 -6876601
-4932108 4932494 -2201579 750866 -1221467 474464 3100153 -1204836 4010615 5451344 3540306 2108528 -9999581 2623026 3476327 -4902501 9385878 3303532 -355555 732701 -3061522 6568194 -5787857 -919860 3439769 -4617073 2606466 2093577 6079901 -1192426 2706788 -5164396 2660013 1557985 2917513 8195235 -3177674 7562295 2260440 7792318 -1769701 2903583 -12183803 4423158 -4699870 -1984980 7766811 8683556 12164186 228563 2767753 -542787 4036900 3998353 -7084039 5299061 10729494 123304 -3544442 2207835 7019863 2628180 -10166993 1736076 -4081259 6441873 12047760 2293698 1595382 -802907 1029341 5095523 1065997 -2104701 -3883314 -5679303 -2488746 -6498689 724146 5230532 4557370 1523947 1251261 6959353 -1230723 -7636986 7488689 3727708 -3696022 -1308285 584999 -2021624 -4109311 -1158451 -3047305 -7699712 8306761 5761274 -4495811 -543063 -1794389 -792555 5208217 4363409 3903507 4274209 6866528 -1343164 5942847 -3196678 7301880 -10874445 1737943 -2720092 -4001455 683502 112518 -160734 655541 -6331934 -3736887 7420577 -5996759 312609 -6448517 4390555 3367588 7608608 1316117 1832487 6400226 -2319389 -1533882 1970782 -4762141 7475117 -7427657 6701926 -4137472 1630083 3694854 5957654 1947649 2387366 -4456837 8514227 889175 -3586693 -5056594 5039472 -3827777 1921731 -4741165 9027215 4096133 -3782536 228496 2666213 3079803 -1573515 2104701 6278201 -3457112 -3988162 1638236 2183052 3190495 -9755431 4691384 -3992995 -2175076 520060 2090887 1048107 5722840 1578617 -3466559 2578493 4105159 885141 -5733021 -252518 5525905 -2434242 -2757468 -3072362 3076037 7761879 4145774 766324 516526 -1779867 -266635 2917534 -10932723 -5970591 -4181606 -1890009 6434448 6597504
8106805 4427604 5446277 -1394450 4919823 1967111 -314501 -5404712 178192 -3777260 -6723531 2750676 1296653 2105329 4177430 9912161 501449 -2802732 7837368 -8043813 829870 1126501 2346908 8796036 -9482076 2205475 -3208909 1083869 -4641375 -5234865 -4628709 -1384613 6519328 1077003 774468 -3930338 2320164 -8636808 777758 -2526221 -5387990 -2599650 657776 3543201 8154995 -899 -3280111 1326501 -3864485 702974 2158392 4099138 -1830403 2061085 -3581876 1340365 -2321257 -1496098 6513027 -4437218 -7387510 -5023989 -4349889 6133807 -2511337 3077917 -1427234 4643806 1432960 -104385 -2365943 -1319102 -1292359 4435095 4775874 -6999371 3093759 2230693 -11433659 -1541673 -5155044 -3076629 -2244037 -3782543 1360882 2022316 6517797 -115097 5097891 4540530 -2413689 429369 4857517 3238968 -3537191 10854907 63899 2827781 3501853 336713 6315801 -109408 2685521 -5800021 -11207609 -666039 -1473582 11556281 7363095 -5748732 4531634 -764716 -4935515 4149929 4418421 -2667176 -5075377 -6361175 5719210 313941 2510860 -3794670 522216 1331683 5723967 844994 -6125474 -2049067 -1236212 5418412 4036698 -7155877 -201483 -1142747 218335 2912140 4763063 1288060 2065128 1072784 -5686994 26652 8023152 -1885994 -2977047 3804484 -1662077 -2920058 5396942 627296 -2028134 -2792892 -553776 4286099 1945316 -2128610 4434592 -5015921 -3504263 322059 -7165123 13716643 5438106 -2420685 -1665577 -8300149 -1243149 5945411 6115214 4022268 4938552 -1839256 5701845 422252 -1675349 2187189 4213690 -3785213 4393363 -1593005 1727678 -2407017 -3106008 10900726 5668377 6901497 6209010 -2850537 -2865186 12558234 -2116078 -14406 9098567 2507993 -940899 -611075 -5185327 -5841814 2940173 4447555
-2027328 3312629 6021001 -4307715 8030398 2190135 5431786 4188831 1434105 946014 7402863 7638980 4667567 -1069918 9903014 -2281046 2711342 6000586 -951256 -12843868 -386244 4339973 -13494941 -324261 -9570244 -69678 -9944402 -10347954 4208382 -2952862 8427587 2306773 -779699 -1401254 11268310 1594885 -2181259 3091915 -5821306 8761904 1961271 841749 6933184 -10673155 -2565253 2371682 2151548 -6073616 5071249 4461323 964710 3421868 -4775657 169733 -129198 5462242 -1108543 -15868042 2087105 -850794 487450 -106421 6548763 -2679862 -6205865 -2865957 -4581670 -3000382 5430705 4584678 -13088041 -2323274 -79503 6346918 -31795 -6901090 4349626 -3472432 2150645 -107734 6936209 -1426911 -10871050 1903459 -746555 1430365 6393368 626117 -4910903 -6203246 4317087 1620983 -17208117 4451706 -3847657 -7474068 7059290 -7416695 -1152148 1250102 3313309 -5372188 -4927533 -4406341 515850 -692163 1450666 4980725 2272927 -8692740 1659180 6627160 -198355 -4169192 -40499 -940726 574255 1512379 480940 7488935 2752109 8710250 5712034 -5061046 -3094530 -1064426 2634308 -1046425 -466804 6654796 9531815 -7190908 -2046069 3163803 -930943 -1109003 -338850 1723905 10183082 -5809016 3302963 -4539650 -1243025 4047952 5364622 861935 -3252975 -369490 396090 -5054874 3671879 -1990168 2310020 6390705 -3324445 -6457332 3519031 429625 2181261 1664148 -2872095 2871494 -10725774 12745775 -445091 202895 -7266037 -4836624 -6856266 -1237432 -6111475 -2637966 -2990601 -2104082 -4534041 10471501 7381945 -1247562 -3140638 4228835 -2651178 -4280752 5791923 -9725519 -482570 -1291952 -7576342 -6167667 4452926 -3420464 10548072 7866274 -3553401 6237436 -913392 -3020496 4720609 -5512289 3602796 1920828
-893606 -2149925 231734 -159203 -2943018 1142417 5942013 -13667601 12648042 1828963 -7122094 -880473 5356438 -2927523 -5938531 -8538829 -4329036 7427031 -961309 8055891 -3047209 565687 9978006 3078960 1057141 413933 3777547 3075941 7261410 2879957 -4815616 -7403501 9343003 -316337 968608 3810246 3405604 -2725053 -1332910 -836887 -6075073 -11108224 -2142936 13823446 2935650 3017962 -2154208 -130394 -5199468 4746753 6828991 3119052 233151 9180076 2171414 -4819347 2038966 2548325 7406761 -1402912 -6676015 -3548425 -8894141 -8639474 627198 -3084063 -2935048 1592573 2073463 1892061 -39491 -11718465 829515 1312791 -876030 -2941664 1648086 -2765282 -1548192 350563 5789835 89608 5315274 391009 2153874 6680002 5512924 3319038 -1155700 8437476 -2057577 -9007998 7507436 -2203179 8741495 -3241261 -7018626 826083 -3123086 899467 -3885534 -500268 -231718 -770604 -3114987 -2454083 2931906 1375857 2332882 -393189 -10324252 9226160 808630 7441870 -4261955 -6522814 3179040 -6369108 1041583 -6650444 5836987 -929555 -2172193 3028257 186914 6599722 -8605102 -1933840 1296777 1283191 -4857104 1445925 1569652 546820 7666338 2120577 4189040 11609552 899929 1031842 -2681174 -2292842 -7337992 -2238459 -4868641 -2099815 946917 4740117 -2619554 -946331 2122691 611545 -1244360 -1079422 7809832 5095768 -5896163 -3855747 -586320 -1251199 -6268102 5533220 -1569159 -643879 2554526 -7600423 176092 716384 4981763 2572338 1218750 1442247 1705913 -5042073 6079983 -4230657 -2854083 1868958 3202759 3311877 -3870559 -2487849 1568979 -89951 1280212 6843537 -1681033 -477633 -339434 6799695 -165887 -4183140 -3158126 696543 892987 -4827288 5579480 7768712 -2700665 -2934314
12586941 -646793 -121154 5774497 223544 -192196 -2732563 14973618 -16248103 137217 -5396508 -8981839 -356657 -4059012 40369 -3904380 -2424774 -6337250 2718391 -5263435 -3890590 -7270726 -5808040 1554710 -5075484 6147902 -4762231 -2507671 91966 -3162428 4955957 -2211214 -3506979 3974267 1591119 7307287 -2692714 296412 2682354 -5946439 3112096 5733077 -2554117 -5461040 281735 427820 -6214538 590281 -1675279 -5571833 -1225683 5022656 -6839076 9739537 2841797 3414390 -1110013 4319815 2765188 2738642 -4115778 3721888 2622435 4501230 4073726 -2820970 11305407 4863826 -1752903 -6581924 3173013 -5472681 -1641162 -1664643 -3145789 -7447028 5221990 -3416424 379701 4421450 -3271513 6658101 -1383585 761528 2972318 1388690 -1083365 -10269332 2950764 -3652894 -7831248 -1252398 -10855675 -3767685 5625232 -6790988 2440242 -5134334 -1491446 -205298 -1199036 3242997 -3690301 -3975453 -558806 -1198326 -12556158 3649146 -185641 -12431847 -2414486 7212290 -3698905 4729532 8485733 -1925302 -1625899 6045 -1587852 1390663 7119249 7307572 -2134601 -7155200 -325416 741419 -1174806 -4335553 -4010800 3389904 -1286163 -3686958 230352 5590457 3851331 2385423 4333051 -5734138 3909844 -1482716 -6023451 -975136 -3536910 4462355 -7433448 5961098 -5822099 209634 1955114 9246862 -980342 7778204 -1619986 9695880 899665 -975725 -9269012 -1447302 -8772619 -3489920 2979827 -6619674 3211391 2035348 1642822 2201160 -4943130 6350111 -1171917 10029931 1251953 -7026330 -8106966 -1974866 -6596900 -1756711 -6430627 -4130416 2097521 116064 -5213400 8557884 -2752561 -796732 3559381 4583191 -1314884 -429629 -3991185 -399867 -10228234 652271 63992 939288 -9620256 4030972 -4425455 -7120010 1219580 3397940
-6757299 7212388 -2292055 -4638768 -3026012 -7200371 -1664219 -3480135 6097232 -4576069 11763762 -6609142 3999414 5941172 3086864 7203244 10764284 -1768697 4754334 -1734189 442700 -2263108 12474274 -5243193 -5681542 -475257 2411109 5035075 5685025 -6650578 6081741 -565162 6781626 483423 -5686589 -1722538 -1005516 81501 4634407 -3149654 -3121449 -778765 -7054060 5895894 3281149 3921972 2356040 -93503 -4800274 5191072 -4801021 -3599437 2413736 1022600 -5921092 -4144410 6783181 -2372454 -4116795 1082778 11645804 -1039764 660741 9260731 502148 -3943526 8624246 3955225 -5227921 890925 3214563 -6915106 -14586983 -1878362 7597022 6880600 1631036 -661330 1086331 -845867 -1467455 1452201 -3578675 15181633 -5884843 4282496 404566 876004 1148441 60985 -3068054 -4615626 -578332 -7762097 -5735855 1925179 3512382 6523354 -3037372 -2313688 -2954779 -9624164 3502321 -4263684 2734130 6666893 5100585 -4307004 401329 -2463340 -2852885 -4004519 1379445 -202772 -8297404 2854800 -873883 966718 10569442 -7713818 5975418 7554422 1217537 -152803 -6619416 -1086904 -952480 6829157 4946075 3969688 6664294 3082303 1367459 10235864 1794134 3643230 -2978750 17576928 -5416298 -21584 5059110 -1265813 3450653 -6568418 1560058 -7976810 959225 -4372379 1416014 1857386 2876139 -7948354 172471 -3073187 -2262833 -3261088 -297132 -3146787 -3680964 -4826807 -8096214 2580127 -5801510 -2028204 -2826105 -2548344 -5048750 2416153 -10077995 3107520 -5050592 2388356 8779982 -2244521 -2078383 3287983 -2883307 10665052 683515 -81908 2936983 1117096 -1456707 -4383875 5279860 2820194 -5850493 -4502668 3211007 4197845 669967 -6725319 -3855651 82574 -9348031 -1970971 1470985 76723 7284207 -1469059
-7473144 -2002870 -2261519 78782 -83750 2280461 2736891 -4294400 4963979 -5582071 1284738 -6072882 6843931 -3484579 9761983 -4652296 5475992 -1332194 177690 3268367 -4129315 1917138 -6327057 -5684194 -606499 -4071402 10514218 -2135365 9698091 3951859 -2456330 3110643 -2644203 7642576 4824018 10868104 2426320 3353146 -120495 2932990 -999001 -4047461 7110214 3345302 -4835868 4912307 1524695 -865563 73140 1025349 2657391 4808970 775434 -5817351 -2320387 -1683635 2435186 3890043 2429825 -382938 3325220 -4315817 -218641 -7754840 15116 -7300471 6080775 8647448 6864509 -6956337 759551 -5031437 -24054 2636982 -4928209 -3426195 1362621 307863 -1273829 -8991020 -7981106 -3739964 1509249 -3665532 5720835 2452471 -10458358 3879989 -1779410 -2448945 -4241530 -2618432 2993749 3479878 -5827099 -4254574 1942159 2017582 1214059 145988 -1601746 3034559 -292784 -4836314 8587642 -3664618 -8485820 -4948098 5796326 5436813 -1522576 2443045 866215 -5623521 -4337474 553432 -3823624 -3063114 718434 1125436 -1884003 -2796575 11552822 -6622468 5538067 -1865708 -159239 1451368 -608244 4154323 -13498489 2202323 -4776129 -5598462 -4162659 -290032 -1174001 -8388986 -7004817 8256371 -2132904 113587 4601456 345556 2756412 -1162910 -3104465 -4574963 -6826881 1641557 2866576 8844888 161042 5701266 4051311 -7763307 12784181 2763352 -1287791 -3173101 3003695 8805483 -3305607 -7639680 5927592 -1017407 2107997 3955802 3658365 1497864 -2483263 1489838 2132273 -2678452 -805231 5608598 -2279486 -254266 7620783 -404990 -4369936 -1812468 285420 890845 7662577 6548833 2568595 -3498911 -3804131 -3638187 3857730 9733573 -5624364 7096970 3082163 -3986953 -11281314 -6856714 11516445 -2066478
-4672092 1700003 -1489255 208732 -9576652 246360 -8019156 -5365853 150834 2295871 -1534564 4356979 -5961220 -3928205 -8852998 -11612475 -2591137 3958916 -3494789 -5908952 3228007 9195130 -4935655 4692743 1894780 -7508507 -1422723 3309326 3150289 -159395 -16877690 -6429352 3410743 -7219534 224002 -6411756 3491243 887474 1707343 -3785076 -2690814 -5612369 6041475 4154271 -2690044 -1262123 -1638443 -1677309 -1979501 -2587253 8067863 -3121228 1110489 44852 3855207 541290 1728837 4498565 1415976 6678030 991687 -2131807 -5981302 -17010351 -2474046 9492272 -9567685 4267506 -7326588 6873008 -10244578 -1998446 1168150 -4835336 -5678399 -6347518 1724175 -1976682 -4726420 -397849 5242206 3830767 6381610 4321300 -384843 2413030 615996 -3058225 4127879 5331280 -2789890 9265622 865793 -23319 -2984616 -3447402 -1601366 6385733 2598816 4629757 3741325 535952 6864537 -932134 3983407 -4383030 4970606 -3388630 3145742 -1590264 4120623 4996401 2720120 14994094 6283325 -5125989 204446 -133104 -5851652 -6129743 9731843 -1331962 2488215 3020545 2477598 7384592 -7829338 5971403 -2504299 -1665801 6340492 1003671 -2174391 3502003 982470 3082062 3590147 -1442606 724703 -14279739 -698436 -3241726 -2719999 -4062097 2842247 7331951 559552 4080729 10201964 -7024000 1034493 8084335 887042 804560 2765536 1871771 -2902827 -4627437 3212846 2328866 -2271268 2021793 11526862 2847087 634181 -11078189 5885608 3153475 1497556 -926000 -3462386 -563857 2930005 -43859 2866695 372162 -13007105 -3836752 -2855467 -131069 2377675 -6599945 -7471517 -2731299 6839386 -8652557 -571637 1021803 6296752 8317834 7563830 4927538 6989789 -1566627 6064470 -2381471 -343046 6906651 -2102005 331514
-5284821 3731623 -2287689 6746063 1740792 1381107 -4668479 6081110 -2650913 13491188 5739375 959361 -822763 -3250061 -10148914 -6373533 6940867 1768400 -343696 -5462420 3997828 -287903 -6089676 -4839713 5559670 6475595 4850560 3447516 102283 -3870407 4769459 2081978 4015441 834989 -5484679 9126558 -10715467 2613694 9635852 -167269 1886705 -2971094 4264554 -2721295 2917935 -3590768 -2370403 -6787796 85222 3875942 -3164927 961674 -642261 2490584 -718272 7337023 -4691461 6244542 -1870090 -2313864 -990051 -5149127 3167725 -2924626 4002995 -10086252 1812032 -8852460 -4775680 743588 -8070038 -874344 -2247975 3667033 -2158907 5484260 882532 -881565 10358011 3293113 -562914 -5119703 -742560 -7345760 4003029 8037528 -797419 -838101 -5154854 4385360 1963641 5167690 -4931543 -2558486 2876326 -4325582 -1651344 6896682 823773 10389457 -1855766 4571241 4383900 -902259 6014886 2565345 -8277150 -2946840 -1442469 -2026783 4181155 4094021 4520109 9447334 650289 3597362 1140478 568293 -3921192 -2032096 1130235 -8647514 5068542 3018660 -3679606 1597189 1188504 2448333 -5570819 4280781 -11297727 1114438 -1409020 1034064 1987114 844523 -3016791 -6304995 -3678787 2377341 10639994 4056117 -6891471 -2379572 403021 987939 -2186452 910640 -1219732 -464390 5892141 10135945 5916325 -4998210 6905884 -2233762 2788093 -9841271 3645713 312947 1650082 -1295106 -472818 -13873300 681269 -4282413 -2233575 -996729 -4000320 2171772 -6766552 -9470176 -8683623 -2992570 377638 98676 2349579 -3993665 2371556 2519951 -6178001 4643007 1847536 474685 4066935 -6926360 3715160 105047 -2522727 284357 -745257 1341894 -4510664 -5208366 -4929249 2179241 1253838 -4016635 -5529774 4288142
-5690130 -4194672 -2474019 -330384 4730934 2278088 404629 6128324 -7762294 8248177 581333 -5624582 3778370 -1228378 1644258 306718 5904304 -2578796 -1856893 -5259516 4778466 -4174190 -926488 2237093 1298314 -7571243 2695463 7535595 -2706070 3255502 6591121 -1741874 1015128 6058491 -2095096 4596246 728536 3294166 3054426 1836740 4201975 1319852 1134496 -3829457 2543511 -9225272 1258395 -5105411 -2353028 1167374 -5642510 -3027096 -1476817 2251697 -198564 -3580483 -6454332 -7171320 -2402077 7187919 -1532082 -8928795 563173 -743929 6846215 -1693304 4897059 -5017926 -3440852 8618306 -4687458 1301284 -2886432 -3960791 1368939 3642419 -625654 239036 12226754 5590017 -317799 1053933 -4429378 5119620 2731188 7496009 7964988 -4429624 -1888857 1245175 3956513 -5095391 -2160576 -3388903 -1939077 -3436702 3978640 -764518 -280348 5726541 464752 -914203 -218843 4152935 -3694069 972781 7815269 -4576252 918914 1869772 7652183 5695845 2496414 -3995168 -3586840 -6678648 4302418 3561534 -4284127 8027432 -3838527 -3238088 -4685695 -298221 8868595 8233375 -6676053 134484 2508769 5249486 -3135803 -4069044 -4470160 619498 8370905 211683 692867 -4205214 2336403 -3066907 5289548 -50280 -3747845 7249864 -4071757 3360240 -255862 2721949 -2420349 -604173 4178682 -2621639 -244620 5431411 -8683950 -3774154 3282643 -10065907 -5907921 -2018954 5264700 657185 -8961472 -9404310 -6570176 5984484 2274973 3469496 772828 -6482080 3826963 -86702 -5374542 1250795 1901808 -2852396 -7042188 5056508 -2844424 5111521 -2529828 1686902 1567117 -1257566 3222023 -2640870 -531212 2386081 -3131157 -10622951 -1520499 4903430 -775242 -1943648 -978410 -1722561 -3114969 6306695 423780 6707969
-5622796 39911 1615518 646747 -7188424 -7192593 -1380904 7986167 -1153104 1232051 -1256600 -4852486 2583243 2473211 -7517583 1180048 -1734197 1940904 156711 -2655219 -4726424 4522133 -6261569 -8128998 -6978567 1302962 -1762416 -11600248 1650987 -5347114 1616800 -2140088 2254541 2098628 4264114 2401281 -5833757 5076366 -13014667 5197957 7715810 -16464162 -4169787 2131402 -5122538 4543834 2454804 -5989290 -6074235 -2416405 669916 2420460 5703184 953014 -3678934 5767765 -2431673 3050122 10290029 1282672 -2153795 -2110469 260267 -3239157 1343710 -11042499 2909597 4985964 -2261383 -6124596 9450862 7322730 -3280500 4364533 10139581 -4938339 6255608 3672764 4381157 4668855 9696646 -482767 -13009856 10752996 -6629466 7858297 6968695 -1381145 -5254550 -3641745 1864319 -4471333 -1738348 742348 1599533 -17209 -1290010 -1451295 -5882675 11925682 -730641 2067153 -3942252 -583859 973240 152569 -3783628 1578366 -787736 4890528 2345038 3559065 -10443414 -5202917 3993553 -230605 -5192565 1604869 3887051 411822 2672411 7880230 -1925403 -737279 -7881675 7281248 -3526595 6518573 -5621239 -769620 -8739075 7354375 4883318 4636862 6440839 -3413236 6739823 -40981 1859316 3131650 -1967072 -6487208 3405939 5340930 -1997187 -3931961 -4537198 -2536558 4601248 -1732215 3459005 -4235594 3122038 428754 2101900 1284716 682683 -2689136 2752165 4200763 2409809 4165699 299667 2381096 3418517 3887936 1150446 -2375434 -324924 545592 -6839420 2125702 657218 2050212 5498978 -5122334 -754737 -1306628 -6999960 2780954 6156982 993697 602588 -7602959 -4409383 970545 -2869001 -1345806 2256355 -4632468 1615868 -2282752 -1372119 7846604 10135868 2178746 6759004 -4323166 2537716 3874006
6143854 2765202 -2672252 10717726 265181 9459763 197650 -12298707 2354467 -8315912 861030 -1509901 -4438393 3531470 -3792691 -2801746 2662413 -2359546 2875710 -4750477 -4111589 -2649530 586997 -7303773 9219414 6027539 3849366 -2667901 1050145 4523489 -4594670 -8538159 -4612772 8639504 -4011538 -445034 -3075990 861270 4908114 -10483134 1379336 611891 -1853260 191344 1356810 -3471526 6617673 5390746 2749 -3985120 238174 -7700737 558393 -3584616 3628450 -7465848 6262515 -4021159 -511772 3101211 4778213 -8024888 -5286774 4708543 278433 4507544 -10108191 505932 -1147268 -2313513 -3493615 7727004 -987356 9604723 -796173 2046580 -3312589 4071321 6628169 139087 729368 -664401 3352731 -91579 1760264 -1012200 -3139713 -930891 5597121 -7656983 -9421121 -9005100 -3057829 6051794 8208994 1720273 -966696 1250462 349282 -2458951 -1111744 1728430 6714927 -2433400 5491678 -1286596 8688845 -4255576 7272591 -6515989 -3674194 4964380 759677 182481 369578 -6605971 6887705 -2613217 -2558920 1713246 -3362284 2906673 -4779512 -4405763 3204847 2744148 -8236203 593896 6126441 -3391248 460895 -3880398 5779474 -3208099 -5341927 2528666 -5440704 1577913 4642644 835074 1076994 2562914 -2413649 318439 2987050 -4582920 5813757 -5243755 -2589368 5140977 -972404 -2767420 446268 2834450 2704167 6304561 -6969679 -4508328 -4801461 9698989 1863256 5184764 -193011 -144235 -4572085 -4519956 3133695 877099 9909913 4910325 5815290 7884648 7787944 -2983847 -3551247 1982559 2911967 -5255172 -5656719 2175661 705855 -2930230 -2995613 127901 -3987234 -1405981 4260317 1801963 -5825448 11860051 -8661415 -5019048 108782 7303153 2853888 2392848 -258809 -3608442 -10665653 1147409
1664690 -4987568 -2832353 5747323 4125122 93979 -4979918 -2637395 3241757 1043831 2713246 -5891487 -10148266 329389 -5351617 -1217723 6533313 -3791975 7228025 -8352437 2195778 3414737 4202561 2525164 -3070045 7641515 875136 7506713 2075273 4650104 -1359565 -4759836 -3393091 1410651 5316041 -1371327 -284659 6104355 -30569 -5082470 5154686 7105618 525127 7013298 -5728378 3431391 3462801 -2380311 -2230355 -3329075 -2859899 -6094804 -2641773 215678 1400927 -1903556 9135495 2122369 2272485 512478 -5557151 -7455387 736718 -221888 -5086640 6097467 2067370 3457584 8486633 -4854767 2169925 2723837 -1170194 -1457397 1319770 2952719 -8598876 588901 1883835 -8088592 -1546086 2213334 -4464424 -4465285 1093552 2990910 6357062 -11847621 1878057 723363 877111 -5102823 4563764 -3929555 2660866 971654 6907480 1258488 -568919 -2520026 -3713873 1978496 1703542 -2399499 3021318 1229548 -2519516 -3617255 -272140 3421539 3367950 -7147900 658857 4592842 -1452708 3846332 1387535 -5383670 2664991 4075676 -6747700 5894343 -3011968 -713623 -2794881 3770776 -5640827 2770330 -5073965 -5059494 2203498 -559115 5844936 -5172100 -4382947 -3510157 -2590539 719429 -10950633 -2897490 5396886 2765116 5504644 -3001357 1843974 10296758 -5482281 99575 8104465 4708912 3191289 1376359 2578655 7093028 1389671 -2946906 -7589787 1493483 -7753548 398245 1545591 -7210936 -2748420 -7678982 -1842242 -4744493 -3026670 6170235 -698739 3027673 4070213 6138389 6929860 -372793 561420 7295274 1511553 -13172953 3212070 -6860179 -1241926 -1868129 -3199884 -10752103 -5666873 -3000510 12586770 356106 -388412 -3522034 1103537 -7046248 453103 7677034 4809265 -1401940 -4208533 -2600875 2493262 -828100
566044 5773603 -5131801 -1499581 -1009954 5265683 -4534949 -3977425 -2730482 2128862 -2757088 1923406 3578403 11743855 -864646 8396015 -2884297 -417830 -4062594 2762639 -5290859 -364583 -3107001 -2921718 -7694733 -1415059 -2649575 6744445 -8106534 -1724916 -261794 4712147 4569813 8065097 70034 -6211406 -158829 367035 -2601003 1195815 -1254833 204543 2265079 2373128 2077643 -13896425 -4293630 1401234 846603 214361 9121255 -2128927 -1872709 -3718421 -2153280 -1335716 -2422750 -2790745 -465485 -1030764 150079 39638 -2660767 -10150436 7034781 6487174 1194044 -2558538 -3354951 6671525 -4861293 1791851 6661342 2381226 -6919634 6383466 -1427669 -2762172 3746536 241719 -1388410 -7192936 6286268 -8795383 951598 -8318774 271888 11298615 3190987 1009502 9466380 -4955485 -3081114 6126036 2525978 -8184997 4513056 -8129171 9670155 3187622 3528540 8249899 -5733609 6305604 -3563064 -7680623 8444982 527490 2285732 -7123664 9084862 3495266 3086782 5839741 -1853245 5781355 3657857 -1026486 -6070900 -12561910 3150486 -7149812 -3185039 -7186261 -4328178 -2391835 3806936 -6092454 -5765112 -4800224 9284682 -3977747 2764449 281573 -2931785 -1529521 -3018170 4122195 -2369772 -10573641 4017700 4626187 -1427147 616617 -697356 -3135494 -4219803 2533984 -6358034 8172921 -3729255 2363315 -5305653 -1622633 2981797 -4046411 1130175 -3317965 327081 -3010443 1055675 7786565 1789442 8680170 -2149324 4355844 4095734 -3507048 6886519 -5788412 -991342 9154102 -4683443 -5596838 1853808 -2927394 -4667674 6915545 -194850 -2430821 -2534979 2334864 2966729 5310540 -4656424 -1228254 2553055 1659348 -6579959 -791687 2969185 -867699 -642956 8078776 -3511702 3404599 -2210183 5321791 786333 4034427
2789098 10064885 4586570 -5425193 -1702960 1357228 -3560581 12245405 -8430936 -1490755 -3653019 -5862349 -11464545 -3095308 621907 3412379 2249468 -7755197 -8737282 -4801110 -4827017 94874 -1403111 10739009 422894 12192714 -2982170 3671284 868365 639124 1446389 28905 5266663 -2565229 -4742594 -5749479 3626722 -5322722 -5444716 -9710277 -3330017 4568096 2126255 501449 -746250 6348813 8066526 533138 -5129924 -5229728 1585491 4554408 2557681 6179971 -5002025 5329216 -5120718 -2402123 2337844 -670844 -2289567 -2257492 4602241 -2621875 -5063402 4028875 1817432 -4184025 -288844 2898000 -3564451 1229829 8008205 -2188931 1922745 -815152 3226597 -341931 -853223 -3877827 4493797 -135877 -686042 1519376 -13249220 -201599 4370725 -152511 -1117535 10489186 4551198 918187 -3480242 776349 3038792 44355 -4474699 2104244 4503693 -667005 4558142 -8670560 3089948 1384017 -3473701 11260163 -1918360 4330484 -3901513 -5893610 1560465 10461376 2959710 14129887 8141091 -4635474 2565563 -1985991 -5366662 6511485 10291618 -265319 -3101512 568217 -2181619 -179938 -2621534 5777593 5724085 -5507836 9892691 4275016 14813504 9298674 3162871 -7174247 3440446 390587 5252825 -4470161 5213959 -85291 -190981 8485000 7826677 -5636951 5534636 -4245134 3951352 -8462276 -6566721 4130105 784436 2849448 -5448520 2751007 -715572 -5357615 6470749 4459777 5223834 -2746436 -3300212 -1173955 -6576938 -503709 -2063885 -125359 1400358 -4828843 5819890 -4136365 -4218985 557069 1689213 1816830 -1943677 3278366 2304500 810075 -1137548 221544 -5884589 -3035867 -5088871 -6773342 2746779 6860136 3152864 5302470 2385309 -5006264 -2997886 -3653847 1528162 -4508982 -4703626 -4985053 -484843 2772398
5217014 -6967872 -610405 -3200818 8594296 -1188386 5816405 3808143 6968820 -3869838 -1831866 522960 5532590 -5627807 2992445 -2032702 3221145 1250914 5394911 1723573 1180747 1109842 -4106562 -5166023 -4996398 3655523 -6085362 -8651495 669180 -2502876 -744084 8103773 -2000532 4680274 -5257653 -243144 1981202 11492013 -8847478 4180664 8954973 2155182 2620943 -1795308 -3486884 -6269234 6212871 1497872 1833341 899273 983324 -3145919 52707 -754141 -6380979 6329577 2588988 -1283574 9037318 809538 -1529501 6818542 801541 -1948402 -1723237 -6004519 -969035 -494390 5657960 -6639684 1532616 -3228770 -5497955 2000179 261367 18102 6343776 4082527 2651624 -633826 -4138607 5687235 -3901498 -3919501 -2586311 1888255 630509 319552 4455422 4421695 -3854756 -7440877 836824 385763 5800003 -2361771 -142192 -3978479 5676134 -765949 -7034899 6821897 4238459 -7223596 -5421304 -13445016 -1411155 4352663 5677261 -12079438 -328150 6711099 -2795806 -2570787 1273573 2256547 -3617244 -3901383 766119 -1635019 12507602 2532915 1475705 -332244 1497680 7393437 -5367933 -5561925 -11142055 -5313360 799795 -7356648 3471709 -429969 7470604 -493870 11729733 -1381227 -3703956 -1466415 -7843286 -2821073 1763057 3354223 -5806614 712493 1351531 -4548522 25805 2442454 -6394587 1947825 -4256843 7072682 -5422832 81614 -3318422 2350995 -6115106 3420432 2889393 8234615 5622546 2321900 -9925779 6771961 -285191 3683491 6860019 244172 5710017 -430199 -2106347 -10736475 3066521 -3636474 -4811548 -2351600 1439240 -2057301 2078274 20826 -1357547 -4409337 -3660060 -893942 -1039514 -1483906 -3080984 -3101979 -3203076 565007 9040646 9116971 4330892 -3054179 4526329 -5118760 6408576 -509721
3464969 -1445405 -2379963 7069445 -4106202 4011655 -3209929 10893657 -4054334 2252891 5333400 354067 4504416 -2546804 1882579 -1047649 28400 -2228268 -427759 -3864229 -3864593 -6341549 1982094 -3343062 -6999459 -1101410 -3969011 -6331548 -118495 -2764022 -5467003 4680201 -1090340 1933004 -3508419 3044421 -4769357 5546181 -1872822 4353320 -938300 -13213413 5691317 2218296 -5273362 53675 2879330 -4290011 -3663736 -3986914 -5046224 -1392901 -3094771 1213337 -4775571 -3864661 2928535 2759409 1098982 2608154 6395972 -603608 2817799 6420764 -622995 -4778321 -4705242 -4900919 -7174383 930649 1151149 4348846 526301 -4398948 3409252 6111644 7052197 5272619 -182738 4008417 4917078 4971512 -1583079 4108166 -994638 663463 -3849491 -2583997 -3087311 -418175 -6094245 -1254054 -446350 2302474 4128992 -1603428 3081193 3645577 -10002422 9855880 -2039069 7092002 -757657 -3612306 3156783 947940 -1680316 -2655196 7572497 75494 11431239 3226055 -2945195 -6908607 184123 -6931455 -1730936 -7312059 -957424 4097699 -2988296 901906 -1856215 3630567 -6856185 3510348 -1526657 2720801 -388621 -3851178 -1333760 -7493067 -11112966 3707180 202661 12957543 3677199 2473797 -6502595 -3523657 -2178427 -2169723 2309222 -6235686 -1183819 3332348 -4796707 359472 1241312 452050 -2367031 -2589648 2873530 8108428 485683 7567337 -4420255 -4682884 4367146 973538 3690022 5845135 -390246 4367958 -1998104 2401632 5392525 -2799882 1255152 6856989 8805084 4241653 -2613424 -1799874 -2813955 342138 622896 2910783 -1271266 -424793 7210814 -2558927 -3404943 404734 -8552845 4464990 -882709 374503 -1855914 6554919 1922499 -7061785 5231015 2285723 3635067 -3296509 6021580 -5392770 2307242 3786022
2966149 -1491527 -4312128 798958 1171414 938978 1763655 3072102 7332734 -11633792 905135 -4222200 6621328 -1397564 4969415 -891561 -4463274 -6157864 -922587 2413740 6718967 -6700187 -2463944 1015987 -6674018 -12912 506180 -2435386 -2087378 21021 -886378 3473831 -5048894 -2773848 3296785 9738624 -1235760 2756838 -115620 -9250847 -5451757 13250546 3528491 2757025 7091971 -2110704 6812958 7043979 -1021169 -3160275 -6711265 -9987898 -5344069 -2925015 -9857741 -5536377 -2331755 -2524544 -2973144 -755704 -2377684 1389021 9283244 6548450 -1021128 -6914748 5811082 -8459650 -5770850 944153 11084 6952643 -5560395 -1740702 -3447738 -4019905 -4458635 5085934 -2707302 -5537144 -4877871 12661416 2484166 4962674 1984258 1008176 1574161 -1589878 4476057 9994248 1597604 727759 -9732843 -7808105 9944488 4997179 3711920 -2978043 2307503 -532600 1731816 -3672128 -1829792 -722790 -644611 -6954838 1763781 -3831069 3831545 -6783573 -1534563 4355418 -3879833 -5177337 -1083420 -6833394 6085649 1268863 5035319 -6147719 876954 4996031 3054591 2914773 -597097 1301348 -4363163 -1690131 -5940915 3450343 -111472 582628 -6134703 -11315 -2879069 500251 1566875 9464454 -2623274 -4252659 -11727720 12275732 -1699614 2219360 -2466602 7147303 1513557 3432218 1455490 -4312245 -12638920 1744335 -508077 -4463673 2464553 -2771354 2210560 1479278 1909832 -3442700 -6807439 -3457982 -954513 3793722 -834362 4509257 4013986 -2573750 -3093382 -3195665 1610699 845733 7401008 11033367 -5804414 -6037511 -13707 -430278 6875662 -4293833 5088769 -13417726 -2678306 5415609 -1064071 5434973 146759 -6361545 3015069 6426712 3773242 -4789810 3537687 2832171 11965036 3412822 3249056 5085870 2521069 4775276
637814 -6463922 1383276 2975301 1474310 6506056 -57102 -1644206 20364 10583081 -1298012 3324673 9486772 -3555530 -5515470 -1632193 4815524 3647865 1542859 5669271 1884777 -3934690 8402476 -2646710 650703 -573179 1842461 -366477 -1149301 616067 1252926 -6274181 -2413320 428667 2196668 5324597 4533162 2944718 -1093915 -4812329 -8738398 -9016895 -8266093 -10428068 2739769 -5729315 1368874 2731132 -6316943 1514051 -5219994 -601121 -5739247 7773725 -2311338 -440151 588354 -3984542 3848173 11729546 -3258400 5293520 88675 2039920 4398349 -1535232 -4212289 -179953 -1821118 -3836904 172275 177925 -31063 3716893 -1308735 6437624 9301605 2730809 -3255354 3309358 5744101 4595105 -1694674 -7421314 3016641 4266150 -7310182 3042212 3683974 3857809 -3032928 -234082 -382708 6819241 1395278 -6417149 5178431 -3248286 -2020443 8626178 -1525981 -1645895 3171636 -9064514 -1860554 -4980952 4329629 -8256104 -1907996 -7177394 4470046 4859020 -499686 5163656 66253 3365142 3990015 -2373197 5418786 -8006065 -2556947 -5489014 -3586547 9912439 978802 703847 58171 -1703116 -2785651 -1861703 -1432545 7149091 19159840 -425978 1775229 -1701796 -609487 -2609930 -868272 1915533 -5372688 -5686595 -1798670 -4879882 -3628910 -4253587 -497022 -316638 2800087 315222 -1782008 7357130 -7390284 11150986 112923 9055236 -1522189 -2771692 -10020048 -7296090 4215830 -5841126 5232645 -3840243 -1291159 3723640 645089 -1139799 -6471790 -654583 7039731 -12930437 4956440 -11114899 -997899 762583 3904228 8673893 -4839606 -595441 -6568605 641331 227811 10993108 -1224609 6967963 10391263 -2038338 -3928771 -2630892 -7850935 -1366540 4832179 -8362661 -4840791 3648146 -6184638 -1184092 -8930111 976590
-1446016 -237986 -1903491 -3683452 -1223878 2852318 -3220140 -6889611 7519397 4780510 -4541890 3656038 -2075684 -1081506 -8088955 2107720 -211576 -4330017 -3004769 -1580098 2742958 -4268421 2846405 5831902 -1447331 -1522696 -5058171 -5597045 5174734 116305 -2070751 -1427482 -4312838 562408 -2590548 -10419706 5994671 -3576682 -6291788 -4235214 5333132 2154127 -298523 -4252646 -5996717 1591746 5673670 -310076 -10495776 -12897147 5383738 3825658 4017317 560636 7401 2397573 4186431 6300685 4504802 -3688188 3711116 7067734 3823980 -2270689 -5562397 2186122 -5491533 3528763 -7888821 -5194912 -5456875 -600910 -7912104 9974156 -116387 2412091 -8151604 -3359868 -3469202 -4442067 1387299 2481529 -6749402 5613575 6153755 3504898 5562739 6284670 5221114 196782 2302415 -3603636 258356 -3521187 3342505 8220188 5501654 -2829691 5897055 -2042109 6853129 -7327126 4123636 -2567961 756094 -4272147 1762527 -2542307 2816531 -1311800 -3425197 1358945 2442448 2255347 2230129 -4886781 3686970 6246122 1803910 -3824672 6293969 -7420361 2865891 -2403928 2905871 4859233 2863428 -1186082 -1551872 -3515081 -6816018 -1715292 -3499382 3824293 -9168368 2583936 -193003 -7686912 2651132 -394899 -11982684 706492 5805569 -4234190 -686187 -2275107 4064271 -4294565 5200372 -3318231 -3456119 5265269 -6236758 -3147922 2827689 1027967 -4114257 84542 -2278275 9605688 1148401 6351200 8671317 -1946699 -2813341 1197506 8406907 -1791186 -4153026 -805311 208435 4925359 -5745204 716627 -873325 -1198656 6588503 -3597716 -5044314 -2500608 6458482 -333543 5127562 1244391 -8277375 6547249 9343505 -3104339 -649108 -936766 491640 3047240 8755278 2619250 1273495 -3002246 -1644942 5458408 283065 -741926
-4208608 -8086578 -5243827 -328185 -3879460 -924384 -61079 -720909 -14409398 -182496 -4071329 -2194433 -4236273 1315054 2223489 -1076722 -1567492 2231166 1659526 -925137 3490101 492505 2006896 -4689143 -3706335 3863775 5311971 6858191 -3375531 -3802580 -527027 594244 -2240717 -6318494 11047620 5531983 2964514 4295148 1233063 -241141 -3725919 1778583 -2313535 796332 4780233 6351820 7750656 1542123 300020 -4296695 3329755 2307251 -2196878 1215032 -1108833 -398261 -1802701 -1580864 -2862149 -3089768 7016954 -1730365 1865684 9901970 -4304590 3332191 6660514 5507980 -6568287 -4929429 1735553 725476 5024577 1961257 10885396 1188768 -6848544 -1701944 -3674157 1573109 3813999 -612463 -1407440 6670379 5794308 -301705 1662341 1248011 4521961 -4320939 1803296 -839303 -5437747 1455569 -258598 -1234365 3153103 -926186 -6292884 1541126 -887819 -2979682 -1158973 -6630035 2885084 2344819 8149261 -984690 -3216444 766651 -421045 -2234300 -6336632 -1172319 -5151809 -11068447 3437503 5690163 952920 -2606416 -2431043 -9094879 -2014084 1747843 -104545 1194507 7201317 6591947 4405808 -1368156 -1615897 6272503 695317 3950645 -5450275 6989695 -11605535 -3847590 4081727 -410290 4551705 585055 -3759120 -1683751 -822920 778804 -2404601 -5926537 -2369980 2316613 -4942132 3008266 566571 556329 10491173 -1853550 -6270589 3682038 3292891 -4921568 -1018904 1033859 -3769538 -1797878 -1057073 6001060 5321709 -3425061 -2968681 857097 -1977932 -9409476 -4216371 3578128 5411235 1504689 2029099 2811712 2589455 1830830 -5024668 9029292 2882432 741256 959727 -1852662 -2045616 -811581 7667186 -12921875 -496612 1153186 -1950742 -1169765 -6197438 -1322613 -3615800 -9180470 2974697 4983052
-187836 -519998 1243580 -838279 -8449676 -1273099 3644949 4137766 -5503502 -4135266 -6303695 -1040684 5996227 -6204469 -1704429 6222885 2406848 302353 1789214 1421009 9360719 908067 3882394 1477072 200575 7166804 -1617811 -2739966 -8587403 2424722 2416814 7576828 5431674 -2683789 -610922 3636663 -3037015 2364822 -186785 1866542 -998193 6413179 -6586905 -4050923 3833922 3656065 -6922689 -2533620 -2514381 -3587210 -810526 -1107488 -3683275 4822660 477251 -1348471 -4331906 -4573187 1216236 2837761 320712 -637909 1227763 1484662 -3073744 120892 -6966856 -2405675 -494230 -2113058 3060518 8251423 950678 -2707247 6070021 5907263 1492501 3680913 6183275 1280380 5446799 -2656297 -5348169 -2001456 -10036880 -2586515 -1785584 1244781 2101278 3839810 3279950 -6484989 4832762 -1494879 -2212268 562463 -7217645 3253207 1807590 -5197679 993465 -3906288 -5267408 -7032183 -3494446 489435 -5104363 -2243409 -6363130 833285 7745698 -69350 -6026926 -4359793 3842246 -4099838 -400596 7797642 2297262 -3654479 -6817486 3141929 -17314 6469411 -32298 -6068 -9779841 -4734843 -2949873 1883871 3957522 6914648 -1635773 2053688 -2733540 -386494 1772006 7116878 5633474 -2309273 -2138731 -5372773 -1230693 4101544 6634744 391147 -60371 -4451146 -3747152 -2424012 -5785069 337906 4321990 -2081234 -1475439 5176613 -4406559 -4260379 -1102539 2923288 7878759 4143993 5505785 11222833 5065843 6569388 5156675 -426141 4206913 10215307 -1500971 3614220 72567 1525858 2186802 5276895 4693205 -5923642 5247876 -1820494 -1912119 -227899 -6690426 -1315599 2767248 8007182 811703 7841441 -1443338 -4959785 1127201 -1637841 1306626 -6384416 -2167770 4654564 -2800690 -11303346 10113687 3276102
-2462691 -3901076 -1014759 9259943 4487030 -7936107 -4790119 -2600047 4955980 -6616779 -2248669 -7673243 377482 -10673471 1866028 1704098 -1088458 8411835 9272595 4877915 667084 1791297 6703269 -703293 3485844 1844168 -30294 1449288 6133680 -169819 -4630089 -5661828 3266760 5312051 -6058986 -1225425 4281336 2819276 -1951665 3889828 166095 2681025 1610021 -4889355 2562728 6777961 5388701 648540 -1951620 8122084 1912202 361820 62533 -3608120 435902 -3983726 5380112 -6128542 -4782803 -7327490 -3818746 792852 -5499372 10809619 -1325787 -8366115 665078 5032718 -1410070 1546024 -2841238 2708472 -5145609 -7474091 -3080177 5907336 -6372387 -4444613 -13999722 -7560924 -4838820 -3506796 2429001 2972227 -1248173 3268411 -6670325 7183465 3921166 3666132 -135363 869539 879378 -7461390 -1112751 1042001 -731520 5793358 2974352 1922572 886522 -28688 5707823 2519674 457891 524449 -2552037 81002 -7486308 349691 -4376897 6606567 4856684 8078097 -4223548 2742545 7313806 6306718 -4329680 -2946579 -4462081 -6012596 5749505 2217844 -2255841 -3603647 -829989 -5387093 -5319643 -2814069 -1415999 -914494 -6747353 -4505821 -9062752 2220590 -9460975 6581092 -178655 -5440647 5999841 3151377 8935521 2069744 -3684123 -2734132 -3357664 -2450517 8267807 -564268 -2938144 7181093 -1615190 1099818 -2166570 -2527064 2415132 -1121949 1061344 3026244 2430671 2114677 -1404589 600494 4113777 -7042234 -2156058 4780426 -3812470 1684205 1402640 25295 -1677865 4782534 10442618 9481556 -4700422 -8418228 3417974 1220169 30723 -20304 -1714433 3704645 -4468503 430816 2533664 -6970727 -1385507 2251520 2994432 3008284 -6257516 -5095328 1208502 -4114585 7446154 -5760732 5146943 -665082
8195628 9427047 -2140208 4002997 2624507 5912299 -5431333 -3054442 -1873526 -840675 -4144106 -3805129 666269 2688413 5064754 -12393589 2548074 -3603158 -1206713 -8227884 -3259776 -1072337 1781704 -5088594 -8842187 3094488 -6828828 5445310 -4331875 3349571 256189 -5487759 9040402 5037072 4826325 2674379 4567770 52516 2537438 -6448380 -1474550 -2623310 2850632 920150 5038073 540981 2559679 856428 -1742882 6548752 4599857 3092707 3268853 -38859 -629805 -11364236 4917582 -936550 -756300 -3235248 1808325 -2900019 -4979113 7029722 3893529 -158953 9704147 -1959760 -3516498 7276714 -3155690 -3859028 153837 2689322 4084837 -7580850 220547 -1593045 -5024966 3756313 4035403 -7687396 1064798 7204227 10514738 4639791 -5667314 386770 5004527 -4101832 2140066 -1614115 -8843119 4510752 9653464 -1059886 5806936 5315306 9958466 1473342 3377031 4034019 5955375 -10082853 -7188765 510955 -4574527 4218456 3954627 -4721573 10161716 -3830849 -4813030 1711856 -3571754 -4762426 -5205922 6198149 397435 7983432 -1914058 429872 -6041783 5660587 -7979454 1416451 -4842685 3458136 3668316 2964822 263690 7143083 -8224181 -8096816 -4811949 9976622 873773 5845394 335964 312438 -737912 -2359316 -1523181 -6914032 70149 -4951362 -3086225 21186 -314765 688952 -4842270 -2926806 -1829007 2880719 5051327 -665453 -5692810 -1741243 1271838 -4814567 2257542 5817952 -3923844 10019569 2505773 270687 -4936575 -1833326 897440 4563205 4645290 3480293 -2407404 6119297 -522950 -4794139 -3238157 -7703745 -4626468 -2625813 -2849062 2175001 3163405 -6293502 -3046352 2971382 5756971 -2619522 778602 2073483 -1453762 -5854285 3291888 5173548 2246838 137265 110209 5341292 -2892599 4795843
-5433022 386441 7994658 3372932 -2933420 5891323 2698860 -2224533 3771851 -10518750 759408 2925942 -651019 1641884 2447589 -9024992 979462 8176308 -6600538 1775885 -4639141 -691572 2287243 3077231 2057588 -1611042 -3901010 -1977967 6409956 1952152 -5880377 -1116533 -3827588 3937995 -6502023 -6754653 3792957 -6835183 -7736980 3643065 8457404 213721 -2907692 -933102 734672 4616379 4136581 2473139 -6629671 760596 275981 -571340 -2863891 4778887 -494171 -7190203 7607856 -1457944 2890866 -877179 7983697 -7505479 -4321370 3438040 8900270 -215084 -11299162 2573439 -1637806 1326819 -690734 -7143439 -279765 4182744 -8614773 -10108009 -5190156 3284182 -6450794 2834658 317765 -2309241 4515938 -8059257 -1326607 5383078 4092834 -1660634 -6115780 -533515 -3582976 1332271 -4663868 10669833 -2723235 -53426 273796 -4647474 -4878913 -1227582 7151591 4840518 5784542 -688323 4074837 4087527 1577910 -268220 933248 -61009 -4135273 -2867602 -4229406 3428063 869311 3106604 701957 3744128 1404679 2187696 8650892 -1099470 805385 339852 5500576 8948205 -711382 -3321503 7675140 300722 111007 905141 -1679129 -1710638 -11053001 -918330 2164035 -850578 -4150685 -286571 -4071934 -2250134 4939076 4235882 -5587349 -4794453 4703930 -438899 4047668 7172857 -1703935 -251054 -3690707 1703765 6324680 -525926 6116052 -4627438 -3101665 -2311310 -4651490 5306445 -1670409 -749072 -3011262 3486049 9509924 3421902 4070240 1811673 491442 12809706 -210798 9762795 -3284799 5293351 2180638 -701974 -7225186 -2074766 2689700 -1693521 -3908565 12249918 -5572938 -4081276 7090656 6868313 351863 1451959 6125014 -6828589 3933893 -1414312 270633 1491132 6063416 352518 -3690892 -3956068
-501655 -4464658 -13415421 -3460613 1459791 1568850 -2827076 -1809263 896077 968204 4744128 8149737 -8670958 843798 5903766 3649581 -2700430 -3523432 7200344 -3426034 6149910 4460276 3038201 -7013691 -2805941 -4283381 3486494 441320 -1958915 -274085 -8297101 -4166504 4480048 1004671 629261 3956867 -2029163 -1202003 -3895581 -1292450 556601 901056 -20872 -5764032 -7817610 -12352245 1553365 2322391 4684089 -4210314 1622236 -8674144 4845831 5120488 11110116 -3318108 3639462 -1698138 -1909077 -6430769 -9632457 3605481 -2805668 6955083 -738218 4960741 -954707 7054263 1334885 3939778 2714389 3139132 -9399981 2178485 2984233 6803028 -3281286 -4994668 6773534 -1292756 -3806073 -3715860 -2953319 -1742609 -4989907 -3157944 -59402 -26696 400553 881711 6143826 836177 -464180 4233761 -1298192 -7967574 10101284 762634 -606715 3681247 1741167 535825 -5001729 -9921273 -807492 6105837 2979448 4401717 6882848 4503011 2751592 -7505927 -3160437 611296 2420790 4841012 -1140049 8230601 -12063778 -65996 -5579115 1521967 3875565 2254346 5113866 -2803478 2847872 4094614 -5761040 -7032837 -3043146 -6998902 -10840368 -5668862 -217674 3745777 -4309809 5784113 5605429 -1658144 -1129599 1032241 -326932 6410665 4537771 651085 -1414661 1690817 5485540 2768636 7391925 41677 -1738406 4304037 6687020 1633233 631262 -2715514 -350198 916874 1942065 -3249879 -2256658 -3498454 -4465537 -7635732 -5574961 2099080 -5540370 -116025 -3930638 10421039 4978976 484657 5919314 5886284 1500757 -9378241 -4944732 1164087 -9749159 4941009 2992082 -6565068 -3468948 -5487817 9520121 2950492 4299343 -3455588 -6286641 -1817151 5843030 3242681 3431410 858180 -9465636 3438433 -1425472 11409440
3458835 -6245698 -2259747 -2540246 536796 -606390 418460 -5465258 -5578071 -8393486 9050120 -5938700 -7209746 -5693066 -4708122 -2326955 -1766737 4644884 4794473 1877026 7932582 7243170 2380697 6339481 8048741 2362338 1777986 735704 -6951023 -4000765 -7174124 -1587014 -262098 3706762 4676083 804682 -3844234 -412635 4895333 1863852 187887 -2883797 2259679 -4335090 2854342 2542835 7286380 10465477 7387684 -485980 1521127 8332470 3046544 4605540 8105798 482269 -1793374 4587441 -2150377 -2570768 13972090 -19411 -3929218 2233446 -4979416 8259181 -240942 -2883713 2451231 4615119 -309012 -244808 1331328 -3340551 -7647052 4722936 -6377334 -100618 1558299 519109 -6736992 5674711 5739282 -5283208 -713029 303148 4426234 108555 896102 1040693 -2760509 -9301313 1693136 1065376 2984358 2804106 359929 -3105545 4001621 -7778795 2430577 -5539051 -3733220 -2951718 2072694 2478268 3130018 -4237695 -3374960 1492457 3854357 -2535029 -7135603 -861496 227271 96934 -5412148 -4350563 -3170286 3973947 2648123 7392473 -10900701 -1198454 1117280 755751 52772 -2431888 6870835 3244004 -10634468 -6344780 -9270360 -3574676 918667 3226532 -5587885 10732579 140278 -982507 1021762 5842526 -4295147 3218695 1795805 -1542746 4481625 -8019677 2191080 904742 5408059 943758 6433583 3039421 6071540 9328599 -8456502 3050486 2028391 984951 -5000594 -3585784 3293437 8006945 -2256261 230619 -2834767 87971 5583507 7160400 -2601934 -1991112 1637338 -1604235 15272135 -9435212 -1315187 -3025007 265673 1979723 1659208 4478594 468996 3244566 -930490 966109 5265345 4586353 -181475 387531 -699570 4152222 -3077667 -4737659 -9283180 -8329544 5385946 -1656168 -4811243 -1728147
-3206798 10431720 100977 7643412 7825070 898959 -5170504 -4055309 5209929 -1804338 2077194 3234447 510007 7181908 -7595737 7046610 -5912100 1835544 1479016 1198047 5529788 1604136 -4165630 -759927 143528 -5283322 -1914468 1861554 4087939 -1489276 3863692 1265355 -3954815 4454522 -1106433 4827504 -4464284 -1617369 -1449688 -995202 -4757724 2254288 7074584 -4467472 -7168382 9595454 5855642 -550723 -4379139 3235069 -5591060 -1134696 -52770 -6210409 723778 -734497 -3930380 -5013542 -1592326 -1291098 3574279 3674774 877338 -6903480 997185 -5029250 4979431 -2752090 6626018 -12363306 -6450139 -1612041 31408 3001720 4654716 -3453282 -2084141 4560481 2568705 -891697 -5204237 13595902 -3340612 -471175 1953375 -200165 -2307692 -2720066 3940213 -7352901 -5932508 -3947475 782706 264247 -2375403 -1294162 -2168135 -4482923 2493243 -9461760 -3632524 9125458 5817695 3146882 -182262 -1248351 -4248659 -1680257 2021599 -771128 695761 -7611908 4782295 -3516002 -500440 5192106 2758084 3984181 -1562396 5497853 -182603 -397661 -5418368 2933756 -7109550 -6859961 -3384833 -5281716 1706255 -1342728 -12512249 -7637815 6329661 4834996 1542054 -6760845 -967565 -4530829 -9586073 3566945 -3111099 4418899 -1770735 -38983 -2160217 -2009977 -1472612 4478375 -420141 -2510122 -709943 -2942647 -3208255 1491789 -5200090 9548202 980059 895671 1141861 -2921378 4517186 3344479 913210 -2242880 3494476 -249471 3591071 -1136206 -3442879 1908175 -7075143 -7255893 -1579225 12390830 -2553714 7173047 2013312 -1606436 5404788 -1978180 -6407533 -6118159 8496450 7410640 271554 -1731757 -3441146 4816887 -4585208 4380499 -6148135 -7037461 1656160 2047598 -4686443 -293143 -454423 -3567812 -9626958 -5643084
5488942 4436022 891264 -2415427 -3037168 -1078866 -4157336 4024380 -4666028 1696105 -2968301 -5613090 4930055 -1518978 -2082054 2620814 3948175 -7869945 2844479 3839728 -9768549 -11268343 1290252 4279297 -2361101 -4020811 -328717 6704503 7896709 3639753 -4890995 -1524822 -7938597 405623 2916186 1780610 11407771 3358846 -692054 -12329304 -3102361 -6790262 2834363 -3082813 1933349 -2254414 -3039916 540836 -7500036 3132420 -2718323 -1590446 -4107932 -5463433 -700508 -5098110 -4266578 391003 -5788271 2503735 2630846 -4931957 -2714467 -6383874 -1919285 3747609 -227206 4383319 -4585408 422455 4071742 -7895290 279009 -895000 841018 4151256 -926158 -4948392 733804 -3915964 -2294670 1408904 -6160994 13650553 3161944 23253 -10419844 -765314 -359652 1953445 -3035294 -4061322 -166092 6247261 1619452 9682348 749557 -3385373 730374 -510552 -754944 -3951252 1701710 -4104804 -3259113 -531166 4089777 3628385 5641389 741669 855663 -1283650 -585432 2600166 3845794 -5908293 6203170 -683569 -653131 2396947 -808933 -2517114 -1482095 669959 9776164 7927377 -7288459 883411 -1016183 -935729 1249708 2768536 -126606 -2501744 3651931 -4615014 590277 -1267022 -681677 -327775 2747722 -5625569 1582631 2156067 -3283247 -9128993 -190459 -1833009 -1366201 -4204874 2332055 868437 -2475694 -2361867 -1366137 9384817 2175711 -83928 -1158698 -6565373 -3420994 -2276757 -2445058 248649 -3683220 2994540 -9090564 -8207000 -906793 -3209460 -822633 -6669994 9354028 2689740 4623928 -2631284 -8982457 2834830 -1147905 2285194 -237253 4467014 1511647 -304711 929872 8082242 -9170001 -10459618 -7157513 -6917886 -6292009 -2134557 7580417 6083087 -6984302 -835650 -2344309 1849645 -2145970 -1549621
-837969 -4342036 7918982 -2258155 1028228 1728314 -1339709 2978897 5888781 7631033 -3534721 1919956 -6712784 -4736506 122281 -5135546 -8327276 -1261003 -6343593 6655552 4201072 10416192 6667168 -1269114 -9259451 -897507 2798607 2485595 3223241 -2168 -2881251 -4287125 2713066 -4065855 -1493176 3476427 1585457 -1982573 1513263 4956471 -4848615 6903526 -84902 7899195 -7521068 5126216 7536848 561414 3394219 -304571 -6330149 439958 429803 -2254327 -778650 -2247513 -4732871 -197068 5292349 -1182519 10314821 5671579 565398 -3332948 1825700 -974442 528815 -4585517 -4098647 -293618 2103005 -1330468 -2641805 9763363 -3642613 23040 -439905 8381151 6648153 1961863 -1052169 -1642188 -6621230 2602930 -5909454 9781033 -2065415 1011582 4348191 6351922 -9673644 -5512675 3766448 2847346 5965468 2120008 12878705 30568 -8956273 1389201 4097022 2694930 2053159 405320 -3980797 1914131 3240893 -3938533 2473966 -1697155 -1593929 8129987 -7719734 -4583985 -6921964 -2930079 6276322 1568616 2899002 1090121 -5955706 7001867 -4043511 6710623 1676447 2753987 -889018 -7495709 433152 10106277 1655721 3207986 -447574 -5012056 3479 1854290 12572959 -2019644 -10557964 -2153950 1150718 4046719 -6673882 -7329254 -10633066 5441804 1570065 12562330 -140484 722103 -4438100 -5574606 4744031 8966253 -993265 9768947 -3638695 3772466 -3437859 7381273 5008888 -1280662 999162 -557311 -6235960 7254945 2986155 -1203334 -6939153 10143815 8611947 -1088148 -6577062 -915194 3995720 -140745 -239873 10577043 -4602362 -3121650 -3495938 -201116 2672822 808037 4083422 -3022064 -2111859 1558138 -1318431 -3688712 5426673 -5211345 2360029 2043737 -4405873 1514363 -361486 -3450508 -2950636 542189
-8708651 898235 -3500179 -3617024 1637880 -1691086 -8106200 -7750816 2535938 2934098 5201860 -1267855 4782776 -745492 -6227861 -4109799 -8109856 3146072 -4125791 2033493 4113347 2571391 2222586 -220900 -5934824 -1838960 6695388 -1860170 -6868672 -4816837 8456475 -3109808 6843153 3549189 1812930 -1843933 -1052496 2630996 774693 1332255 -5313011 3062462 -10831261 -388157 -2155906 -7726020 -1421656 13080513 4630983 3195363 -6480565 -8168097 1480349 3230575 2954216 1089051 4577112 -5905331 -4137013 6673953 -904936 1620089 -829025 6223651 -3712596 -2716227 2695401 -2022819 -463339 -2933632 -3184414 7931239 3344890 -1045909 5215389 3635349 2143341 -2094004 2107442 8161458 1490380 -3003352 238573 -436116 -2873513 -4252544 3180614 10929877 -8245164 -6066873 3258973 2717617 4532446 2645926 6332031 892018 4367054 2129317 -1296531 -10060632 -3155178 -1200867 -521592 649443 -5798673 2914126 1358918 -9111595 -2312997 -7081760 -9154811 1046014 -6457140 -2547196 2678038 4349514 -6231270 8450718 4225915 -7009748 -12809642 1101937 2378431 -798270 4734078 -3466004 1572237 -3773411 -7071130 -1885336 9442997 -439075 4681058 -3586351 -9434962 2558029 -1703911 3481175 -1373154 6374875 8875288 8678332 7535800 3871487 -1385860 -7090657 8074106 -2447440 -1811090 -1124542 -3955565 -810009 -6796882 3432273 -4450522 2694169 5579285 -3027255 1486 1066512 1183059 -4084483 3349241 2488747 -5931843 3005880 7258286 5328438 -738477 -7227345 -1406995 -3291385 -2477233 -8915484 -11780663 830325 720774 7292777 2904439 -7202381 -229133 1066582 1744466 -141764 -4947763 -1388170 -5170330 -2768194 8437132 2747360 -4525313 -7286618 -2238179 -208340 10005639 -5298349 666686 -537931 2139719 -3702512
3276838 3215363 -803220 -2545471 2176594 4871022 -3934354 1272547 -3043684 -2261748 -4772041 1962049 -7627668 1770133 1893015 9316781 -178797 -8411879 -8840291 1307945 8707506 -1010437 3426264 -1535230 -6038983 5386991 4085301 -1124066 -4906421 -565820 -7791930 -3304326 -4732577 -5957735 3930110 -5115364 3441330 -24224 681486 -4098408 2671437 857264 3081911 -5187402 -4536566 -14417960 -2177521 428929 -3231431 1136801 -3478251 -7824607 -4744355 -983964 2237632 2066831 -2994659 -5269739 376762 6569301 -14189548 5793181 -521351 -6248916 -5465849 4217031 2633426 3138767 -3642042 106861 3286672 11063353 -1609995 -2488399 9119632 3125062 3885596 516725 9279139 4618924 4603368 -6307800 5444075 5053523 -2332016 -3770366 2513103 11606810 5466481 408234 175766 -11340016 765465 2018684 2255696 1359677 -546509 -432742 4564488 2659125 -4948634 -873932 -8254266 3623338 -2647095 -1202659 9798445 -272703 10434124 3282364 8175779 1317524 2468486 -695128 1703395 2786166 -456118 2381203 -1966592 -5065127 -9541681 5713438 -1387487 -976593 665852 -1907948 1130968 6798640 -4753248 -2803502 7792375 -6566716 6321957 -7748977 -2380441 1708725 503865 -2817359 5243406 1057029 5095290 -8753308 -549894 -2811070 5267976 6808720 756587 3507065 2173075 -982399 -3915843 -3679349 -6849446 1536277 -5840606 -3353579 4980638 -7361524 2716557 -6564646 1302543 -8398057 -819199 2721722 -8457550 2169060 -2472587 -1481495 -3441096 -4680998 7194211 824913 837728 2733792 -5954308 1873048 4635894 671108 3397782 662980 -7661417 4351078 8289734 -6549461 -8836687 -2066251 3054442 -2406518 -413855 -1239396 -2471800 -6072213 5334528 2526906 4355539 5631927 -8221184 -5441181 1452572 7890838
-4002783 4985771 -8526160 2607001 6332188 4075022 238071 6144942 2138047 2536264 -1352542 -6046832 -5601134 1024238 3333693 -6845301 4944784 -2547374 -2778652 3733413 -3437575 881228 10636747 6644834 4947921 -7993059 -4602174 -3767821 137649 -808964 1285709 153784 3520105 -2953948 2544964 -1688799 6703978 3386325 -9508513 -2015091 7800492 -11152510 142862 -7707211 -5165481 -2406449 6912319 1344091 -1221651 1076011 5537149 1970833 -1794067 1651644 -1866886 -7739825 -7792476 361304 -576483 10697611 -4650244 813160 267209 13262101 2894866 -5131944 -3221167 -1727964 -2043527 6372068 5081910 -3936773 1250600 -1695020 -5315161 -8194681 10077467 -775442 -3805711 737903 616560 2539021 -8273690 5043924 -2914862 1962581 -1293278 8168026 -4639666 -599374 -2074820 11164344 1768450 574261 1665244 -157861 1195506 -1720749 -9047888 3371437 4139709 -6631062 -2709178 4481999 -2611713 1855433 -2012429 5852193 1499458 1993653 -8189088 -3557149 -5002527 2195043 -3525200 3585520 -4184128 1634778 -5706678 245549 -2309044 1476061 4174260 -4032811 -2401752 5538821 4015471 -3707783 -6153732 4156002 2869528 -7028076 -6959875 2073905 3749804 -3705968 5159426 2121989 5618519 3925020 199758 3685800 -3026479 -1427633 -7123502 -11096364 -1430964 2993929 2474630 3603536 850244 1687223 -7198018 334004 1644087 2709622 371277 -871938 3030609 1055928 -12081829 -6558633 -1373099 3094733 -824508 169665 6014733 -6673626 7416184 -4352496 -6998885 4253211 -6280443 50982 2147043 -4669690 -5358434 5526433 -11318659 -7776340 5412453 -1233391 4623077 1591531 -8159825 -724183 -2481005 -1861711 2771759 3307523 -8900126 -4555173 7157885 -5957585 1431442 -8875206 122065 11188258 -1293366 1012656
4125737 -4698276 1952652 -6987701 -6401459 950142 -11861672 -1505393 -907233 6223801 -6184723 -6631710 -5391501 -8339278 40444 -1369146 -8864502 -3933203 1518114 807554 2891853 -4114322 -7986099 829406 2255328 -4508814 -2271257 -2223392 5484112 4762822 5668527 2535666 -7223213 981619 -3487283 -1371312 113132 -1100102 7305508 -5836242 2445352 343783 -4715521 -1567685 4622670 -2201416 6839966 -1917163 -2002020 1177565 4491258 1870770 10213466 -314995 -3114856 -58486 7829217 2828845 1438278 6744962 -856550 4576643 4428481 4900214 -5301122 -6477978 1194340 -7911030 -6574799 1716879 4757027 4619382 1615260 4498477 539587 4125272 2881322 1500353 -4289129 7356931 138689 -2317250 -11260083 844068 -2519161 -997813 -376449 -2061981 4642261 -3270070 5490576 7050934 2929671 316431 -4650088 -1040901 3459655 5220178 -158068 1049764 -675579 -337120 -5466477 1197368 39581 4520901 4636452 -2007524 -4283607 -3137921 3028711 1473788 2167640 1802775 -6028258 663122 -95412 5227492 -6199466 2874304 -2347548 -1058050 -1356721 -2702881 1402299 -8277491 -3697776 -10920750 3341655 220039 -451881 7099294 -245099 -242600 -704175 -1771768 -7801632 -9452727 -275657 -1664814 7165036 -306426 -793029 5301377 -4865995 789072 1810158 -613662 3159349 -1894057 2403628 -10280281 2219928 8583212 1500246 -352807 -6130512 -3561977 -4685209 -4104243 694189 -7681807 -2574801 3720768 7396211 3710353 1034931 1583015 2109377 -853799 -3945233 -3486026 628640 1989578 -2057615 10446136 -283071 2023398 -1777672 4448110 -10129242 -3588206 6081191 2796372 -6273302 -1774560 -62751 4388606 -1102762 -4597926 -8471207 -2693346 -605198 2011571 -1005093 -2366019 1807611 -499292 980612 3635328
4332717 3101896 4181467 -2927579 -3453275 4446490 5447100 -5911049 2768437 -6845117 5330848 1415186 1475967 -1316651 -7259484 -2335613 4439861 3386897 -1144381 -8293523 -2338808 207884 -141503 2130629 -251066 2993623 -4659500 3249916 5035010 -3292702 1496762 -6582512 -1853600 -8070801 -1464630 984901 553055 -3111480 3530746 8188893 1481583 6238501 -7463309 4287443 -5335327 1222191 -8852189 121959 2710909 6249180 -1933749 -1070655 1930624 -4868985 6871937 5413683 -1524728 3407009 -3582904 -5398697 3332621 -4921870 -2288208 871526 4577386 7156419 7493173 717582 2153885 3639630 1539949 -3698128 -19423 1950351 -1973374 442179 2599092 3285000 3462471 -3684371 -12666852 -215507 2941582 321267 -8102060 4057341 -4264009 -5737350 -2123369 1160481 -3344281 5105439 -3647336 -5198895 -4342818 1837379 2834083 2211816 2246860 -8322067 3134284 -522853 3395392 1452815 -3014870 937506 3393766 2410636 1570752 2496507 -3818066 -6236832 2784591 6756482 6484872 5061792 3535710 -4184608 -264491 5442489 4904174 1726434 -6997958 -604591 6624251 1288769 -2063042 -4408870 7115493 -2541006 609855 3707020 -1111958 2961724 -5794242 516231 -8635294 -6298107 3018065 4993737 4336551 2231884 177838 2215398 1164219 -4764831 -2044354 -579176 -18120751 -3831719 -4132554 -2681663 2981502 -563552 -7551711 -1956883 -3535129 3125115 6420999 452704 4725659 3906906 -4705628 2899147 4696030 -2515860 -5936002 3982966 -1082476 4350108 -4067257 6446521 8853186 5430327 -1746614 1431108 4769824 -2329524 2656911 6266352 7939735 1162349 -4611321 911931 4510308 -5129949 118024 -667053 1259344 2575604 4678958 -3921201 1424910 4914391 -3765515 8042964 -3816971 2076657 -1971441 -8769314
11592090 5884034 7537187 4277320 -4318725 1919145 5386076 -923830 3577424 3420222 -2517278 1052363 5320390 -3601557 3575585 9960590 5843020 2064689 -3213164 -7326170 -6834086 2015561 -389616 2893251 669764 -4808852 388695 -4899965 -7082103 -7279012 -285317 -1448854 2984558 6137066 6552735 4671006 1429357 -2839650 4296654 1146062 -3099407 -10723095 -10981122 3435483 3297798 -1259348 982065 2430531 3188647 3508859 5450260 -1255604 3163119 5265616 -22296 -1365123 842391 -6196154 4054766 -5936500 -4873424 -2006764 1043621 -3078937 2527419 8373710 5237366 2923123 -10669169 2540731 -10384501 -672873 5489940 -1641344 2653765 -6712777 4671604 -6742940 -5601458 3267657 -6788775 1283940 7303701 490717 5552771 528141 2861657 3585387 -1235077 -2237255 -1567449 -1773164 457937 8535581 586087 -303166 -3421904 4108832 2490713 -2195956 8215495 -1362509 4985698 5064750 -4770508 3648262 2469649 745174 1620099 -6908294 3327016 3435738 2883420 -6836318 4044538 414120 4301213 -827195 5307505 -3977788 4623931 -2437161 -6271079 -3579283 -1897309 1582114 -2549356 7643291 -1408607 -1309352 2548189 -362002 -7550677 -1096745 -3758796 5711976 -4712276 -2137190 3709450 2994047 -8072855 3440290 -1994516 -6439706 -2238417 5085826 -3177044 735823 -4252242 6777720 -3187913 313891 -1723568 2455095 2041467 4022136 -2087687 -3857789 2528533 1179130 -1239559 1055973 2540249 -2864929 2788143 -4298108 3183489 5695618 4252182 -3002489 -769679 -1728518 -4050348 -1943885 6804165 3117457 5622212 -2222587 -7218365 5002944 -4577504 -5054773 -1043290 3573871 3182753 5025114 540859 -6144991 10600876 171764 -757202 -639269 182070 -1400075 3515505 -2291739 3455953 984570 -866430 408049
-6735043 3370862 3563134 2611617 970117 -9043252 6110194 -968534 2834999 -646787 -3248347 -2044391 -329280 -3115728 1341693 7868788 1997576 -6793949 -9605470 2448468 4404951 2374923 3138417 -1572558 295364 -3876059 13810373 -2502480 -6655171 404164 2244859 4750222 -1392836 -6559616 848782 -5815807 2992792 -3709668 6453073 -2098930 -1196259 4163156 2533470 -8532643 1525651 1575846 -4068882 -5061630 -2451214 -3261062 -5350895 1144830 -4706136 686048 303392 -3578332 532116 -5926555 5439453 2454783 3581342 2662110 7880133 7248862 -239585 -7838115 -8674979 -5628761 -1680827 -44563 -3622508 2026043 9388955 -1389806 9199985 694893 -1350601 6288376 2326422 1831044 276494 557475 -10755531 5180803 -5378556 15161857 1359132 -211354 -1561398 3338711 -1212210 8308220 -2463016 -7427101 2771071 -482384 -5125786 6941996 609671 -1819923 2977102 -4054508 5984347 -5718737 3695026 2773880 -4255040 -2637879 -9111061 -1228688 -4743086 -4970815 -2841564 3689838 3149455 -13312855 7140874 11603950 6833164 6111413 -5149787 5118855 6326865 -2125848 5318853 -7451720 7158372 -1992643 -1651286 -3640893 -3155901 8599374 -912262 -1489097 920610 -1674765 -3129311 -2656162 1118865 -970220 -5456490 -7710870 192705 -812710 1068691 -1069351 -1826196 -574948 6597862 -9008996 6034629 3405904 -1129034 8994795 -5604860 -671326 8501601 -1744283 -214679 4354665 -4127391 8187428 2750192 -10860618 598057 1153535 3903856 4677013 2654730 180279 1715021 361294 -2283115 1919321 -856710 6566031 462716 6595652 5087871 -7013273 1985288 -895888 -11992181 -6494498 3103997 1966367 4433486 -215560 3666017 -5928422 2148066 -2063778 -183941 2143030 -3972538 -5041661 -2898052 -3594838 5793846 -4014981
8592254 -654502 -4736819 -1212637 4153999 8398932 -13164541 -2389312 2460094 -862594 -1399384 904704 -8271090 6902094 9344718 1737754 3984125 -15851706 549369 -6016689 -2311803 -3401133 1030400 1145551 -537649 -4402967 834085 -1504862 -4141637 2415358 360629 657896 -101300 -760647 -2350409 -8113943 2086162 -722351 -7156386 -1882487 386396 1187003 -3972958 -4120439 -1155722 -3911333 3692201 4426272 1490994 -2187079 3148595 5393509 -2990892 -1140353 3718571 1276426 14875032 9479398 -871114 -5030184 -7645765 4247047 -3251837 8465739 601372 100626 3780716 4016042 -3759677 5028227 -809499 5568758 -1561127 -4419168 6195431 4856627 -1941128 1282839 -5794197 -5887789 5521949 6496325 -9328088 -1976781 8662983 -5303311 5635154 2756560 2776895 -471316 -5459872 -11591399 -1701851 -4183883 5714432 6654697 6927025 -147577 -5841408 665555 4772494 -8893231 730164 -733020 -8892919 -382707 3504766 4981537 4158950 4669422 3215933 -6099470 -2466880 1631494 -2062905 -994976 -4944778 -9500639 89596 -3446677 1127782 5536544 -249394 -1305351 536041 1171096 -2660428 -6159101 693635 -6591333 9032309 3431793 -10930800 -8433641 4181448 -586133 936888 2416483 6401811 1780106 895195 6436350 2167207 5755925 -4808010 5352186 4886186 -1009389 7580802 -4264765 2357045 -2044620 -14193008 6683709 -6949621 -3297397 -10342802 6975462 -5030999 3732491 3827259 -1464712 -4251062 -3117742 -2134729 -501855 -16069947 876210 -1054748 -1998697 -486461 1858551 7088656 1009785 1006129 11236464 -2759910 -1396570 -1016066 -3261280 4838227 -2001711 1422470 -9835502 -5792468 4133699 -2136783 2014212 1691359 -5078963 -4722667 -7983678 6540399 8046238 -2295196 -2276325 -2546595 2559596 8406612 9022236
1189302 3788851 1815407 -452165 -1488900 3866213 -3267789 -6993659 594267 7897616 607175 -3864756 5858491 3395985 3093547 5923763 1449564 -3241164 7202287 1486401 1618315 1691756 442016 -4947070 -2432123 -7040722 90520 -4578152 1629267 3870007 -2021854 -3378612 493882 -274325 -1946300 -3753387 1485345 -2128299 736646 -9324137 -4813241 -7999481 -6733295 -2412676 206266 -1351022 5604486 1028019 -2350325 4089764 -1007694 6418714 5751487 3407688 5065616 -2592030 -10355176 -8590574 1995500 3570454 -595919 -10235716 -1607281 363458 -2036970 2430321 -2888167 2359676 3623822 -10347474 -2787725 -1054777 -8713365 1009779 8009627 1143401 -1752673 -9700433 5592921 1438639 1433162 -1287900 -5107614 -1309996 4028287 4644896 2555311 9499243 249779 -8073421 -874564 -4466739 5634759 2057236 -4191575 6468366 -1420677 3768487 6258247 -6392591 -2664561 792912 116733 7300362 1564332 -2070939 7550829 -5872768 -633136 6702900 -5807093 5032987 -1199130 2440102 -2357523 -4971522 4103444 5191860 -10709481 5266871 -4899491 -797285 2192576 377006 1527798 1541331 -2043785 3564083 -4505152 3057800 -5504469 1452171 5050676 -5608055 -4042333 5914627 2092014 -2088908 604730 9736308 -4757405 -1481638 809701 -6218547 -2294955 -4425387 1917690 -2016608 3932463 -4667219 5367125 1572951 -7982090 8160665 1145085 -1384011 4386974 605597 3245681 -2615817 -6335055 -1214472 -3851946 -3435767 -93737 -3151542 1480310 10638990 -8854484 472485 -2513888 601812 -2004785 -11597799 2094297 -4354000 -2981434 -3042101 1118842 -3145365 1556986 6371343 2538971 2465002 -3003440 11085394 -302634 -1780254 4971364 -978511 -1130650 8226021 -2881183 1647260 1170736 1230046 2730146 -1721308 2715095 -2427009
-6996685 -946505 -4875188 -4532082 -6219326 -1033659 2329381 -3348687 2820658 1151538 -6344356 4435922 -7385614 4942372 1228239 3029971 -504896 1688854 1565897 4859027 1805330 11020873 -5716883 8014987 1061406 -4527299 1535336 -1121514 216896 -3495894 -5353521 -5210797 4122448 -2835542 3587512 1994794 1030136 -81741 4267967 -1251927 -432810 6046952 3803666 -5195129 -4592440 3277646 7236852 8569554 6030186 -1722058 6099044 8323587 4029279 7203122 -2735227 815036 -8503427 3527452 -901966 -4856696 5179028 9686606 -8152022 -6629984 3311396 12060323 3301671 -2872641 8408812 -5989422 -131599 3439979 -658481 6794380 4262781 -779873 -4111354 -4923266 -5470669 5805946 -1795068 1874583 -2215163 1645174 -4481535 5327329 -4071985 -1478293 -8362867 -2084306 1311996 -6798606 -3281305 2951578 -1211215 1024788 565889 -2794470 6230154 290055 -1538926 -3275070 6194652 -5480525 -5114053 5695059 2353337 -1812318 1527203 2252023 2584052 -6227706 -664021 10756599 3401818 8169916 -8808867 -4241927 3330919 4182223 -2915288 1698037 -2357247 -6138982 1533134 2151168 -1807989 3815245 823705 2789929 -3524020 -2790248 5848622 -7020213 -418392 3470389 6504066 -7293835 -3320050 4918823 -2299066 -5473252 3858470 -9880886 1324996 -4986963 -7035186 5183226 -783458 -6608961 -4545175 -3571684 4208487 -4574463 9525714 2425823 8520486 -4523932 4434893 -4484225 2809762 1148878 -3794485 -1793503 -1848950 -1382005 -3292492 4844208 9983041 5579209 1165139 3297261 -402810 -1320664 3998383 4511458 4498909 2023684 -14471790 7301891 -3313210 3274263 3788969 1383766 -7135840 3443669 15452005 5489786 6068493 8436934 3188338 5920621 -4429757 -8006338 -1932289 560866 2952957 870944 -8771769 648361
1267476 332094 2125441 -600412 -6429051 2915250 -6392588 2526189 -5142478 9292239 -3144620 -3571436 -2034463 -4589640 -548060 -750058 2188402 -2844232 1924565 -1628332 -485742 -1990573 3084501 2231419 -702544 6366536 2919803 7317807 798408 5383547 10569158 -1220310 3647239 10116415 -7609658 -2111428 -2912048 -3787092 -1221934 -3769491 -1033012 -2602451 1939433 4900157 -1893172 6758155 1565110 -5685503 -3481960 1878931 -1547645 5029913 6865013 120466 6339302 -2638843 2565972 7763421 4488741 2202812 9744169 5930024 5658377 2480255 932440 1169068 -1683413 906152 -8814418 -1420325 831618 -6989523 2373500 -659699 3502080 5791667 3608834 4209895 5778484 -4071834 -3017350 647447 -7511104 3806658 8120040 -1388688 1456931 -1801867 -803643 -5111265 -4456003 326429 -2778081 1699091 2882308 -6940431 2151025 2588545 -2619286 2288752 -2573382 2968840 -2627916 -11757771 1636526 342011 1161189 -2504453 -2302577 -7166334 4897952 4359791 -390779 -6771013 -7486583 -6195220 -6768280 5283882 -763208 1983337 -5916205 -5505144 1431357 4041353 -3420383 -1766880 -1312327 3945295 -3991025 1724747 -1502029 3496855 -802930 1553042 -3504704 4905351 4729038 -852541 6845361 -3508501 -954428 1021676 115107 -5010680 1673383 7063 6055614 6552180 1596011 810977 3132666 -4882007 283237 -11620 2293193 5789661 -9452337 -4224770 -3819350 507377 -1419720 3051791 1418711 3491356 6919716 -1524875 572150 -6362389 -6058642 9662516 2246075 -5346338 -8155566 -812247 1642527 -2697280 4644593 -2855823 1694524 -2029402 -151771 10973088 -1956101 -3844986 3438723 210836 -8334487 7540927 -1223562 -2774139 -6120752 -646740 6000186 -4584784 -10013601 -3627751 4055005 3246999 2893882 -7925444
5028743 259846 -363383 -7617483 752710 -8601705 53826 5624515 -3180784 -7844532 -8942195 -5192732 23771 -5012121 -1686643 1818188 -2988427 459210 -1062541 -1543980 2327899 5960897 -2829918 -4032852 -449096 5744110 -2167519 -1438952 4816766 -1596068 -1857427 -5706302 5225360 -9029439 6125911 3583927 -9667862 4208362 6012959 906869 8276857 -1527322 906167 3487467 3094512 -4704480 2758344 4074717 4061937 3017606 5091311 -3678822 -5834732 5312717 -9179648 14405035 -7180284 -2717606 412504 70098 -6931763 5710650 151 -5178702 -2847349 -288522 4585606 3023202 1378033 -8804359 -2104551 2016258 -1786391 1862648 -2850545 -968896 -2137239 3681246 11809484 9899952 -6028696 -803065 -6075876 -3626715 -4171392 8554469 7022480 3467021 -8908759 1181729 -7646549 3576890 896629 -801479 2032241 3099830 -3016492 1482269 -6378673 -5962511 -1338671 -945586 886262 4207121 430028 4741319 -1240496 -437933 -5782161 -6265791 -506284 -2249060 -6639848 -4184107 8364422 -345640 -714790 -4122598 -1603853 2149341 -293218 21203 -1343212 -2138996 -7151623 11285442 7197536 5296683 2765182 1229219 5748797 1759998 1338485 -935881 2647078 -7769948 -5482344 1351700 2887296 -9154167 3539826 1706093 1615245 5971745 1619416 5808133 7641931 -9324289 1532247 3892088 -5725679 -3322845 3703513 -8612034 901774 4865847 516031 -3766151 -5377314 10654817 -2789485 804691 10604875 2184634 -3984243 2803103 -177376 -2569768 5195399 -1080288 3253631 -6624587 -944686 -4302184 -3273938 -2958718 -5722102 7201196 10380908 3651287 -6055150 -1704794 2994016 -7781410 8511942 -1710205 -832482 -6440835 3746847 7898851 -2364477 3554981 1530979 -598447 -2236595 -7077714 -3997738 -5592527 3760221 3352928
1414878 7012457 3445830 -32711 6932965 1494636 -1058588 -6766880 -4452638 1160542 -1628010 4785444 9632183 5231456 4091980 -2292229 -2702974 -6219883 -10104635 -1823087 2296713 -490536 -2400031 -5239430 1507623 514355 4365105 5989850 -5369004 -3585929 -6044592 1320034 1359300 -6799451 -7030544 1339398 -3683677 3810756 -167713 -2253581 -10254383 -6209736 2183358 1356474 -3108635 -5184631 2214827 7521122 3199936 -2516135 -4050712 2211711 -3135254 -3723139 -3137964 -836586 7593637 1944139 5052369 2101164 -889837 306085 -928564 -344630 798408 -9395518 -471274 -12100543 -1077552 762832 -579003 -2760423 -11311480 -8001924 5466554 -4986568 -1626364 -4351038 444560 582435 2462319 1565778 1953896 -3014986 -2840615 -2263325 -3845662 -1994115 6337150 2377365 3822275 391810 -7794902 9873964 -7175846 -6311252 2952413 -2739661 -12221513 4665344 17425 4092849 3582119 6533112 1093174 4411244 -4137515 -1987670 -23667 -8245472 -5943371 8038511 -6144422 2016944 1411055 -6351735 -8228426 -2645048 -1991985 -984791 -348627 -5646983 -4717895 1730569 3428910 2747625 -4742788 -182549 -2645839 3467913 4542515 1730898 -4853120 125285 5327103 2097775 2379442 931351 -1611290 5842026 -278017 3053464 -3212384 1198265 -2549437 1788908 -3535866 -971091 -10277127 -2332434 2264516 -4843695 3725110 -5759231 -4774419 6073889 248199 2646594 3172097 -77756 -1035088 4413024 9330074 -5441365 -2823141 -471945 312063 749624 5444589 205267 5870766 -13920909 7744435 -462713 5427757 -6282586 -2050376 3600569 -732711 -9304506 12491335 364861 774258 -510956 4439111 2007803 -5671281 -8300519 210765 6780211 8965630 -3804047 1208864 2741487 5713749 4859759 809709 1121943 -5437718 2651331
-426324 -939557 7425379 3808433 -4712296 -221113 2319144 -6122919 9715737 -2257569 5062294 1812656 7256746 -5734484 2516819 -1644591 1596239 6933151 -2092647 3041597 -6845855 -1929437 2368561 -461814 -4556083 -5505747 -2677628 -6398192 -2472983 -591558 -11930638 -3335630 -7275043 -3485236 -8940988 -2136800 -3285686 -5182188 -4378451 -2996770 -8693207 4353194 -2060351 808624 -4041844 -8416329 5547957 -52193 3846473 -425425 6398354 2923768 1003869 -7193499 -3048505 2703218 1322856 -2804804 5017731 184584 -7692088 3895824 1218463 -1993894 28224 -298454 -3644759 -392904 -902847 1400350 -1187042 -270138 -9948132 -8253376 1033798 1933739 8910211 4601975 4417723 2300074 4391920 164023 1951354 -4476510 -10969189 -8207927 -3014291 12413745 -1557562 4858865 -737948 2132600 6130660 5596882 -4007217 1987672 1363051 -3149197 3466891 -1759087 -6111489 645712 764912 2323653 2613174 -3946668 10249159 1088414 1661409 803948 9070869 2807978 2389342 -2738239 -2311349 7989002 -2579986 1899434 -8398426 698168 -6017547 157148 6999670 5259474 -1786817 -5424923 -2760782 -5019565 -8894275 3407168 7573339 -2717889 7233059 -4492453 7396575 5714611 2349559 3970420 10476724 -5474214 -11911986 497560 1939537 3245759 695099 -5479454 4716982 -2439384 4604730 3207700 2394858 704438 -3811518 6768236 -8877986 11280780 3252027 5528382 694926 2669925 -12151516 3974248 4251401 5178414 -2754187 -2289888 -408178 -6220910 -3924722 707324 -567296 -346896 9371335 -7314447 643328 -12969043 -2399321 406247 1511853 2391130 5456033 -1906570 -473772 5737466 3655065 -1345733 -1660457 -2038275 -1805271 2233917 -4783812 2571667 9138929 7393671 737296 -4446381 9899109 2358070 1219109 -400448
2436130 -3757464 2329557 3629284 -5896119 9132423 7539130 6276949 2691198 6356109 -5718799 1885037 1169869 4925657 -8829833 6248971 -6356171 5018928 -7009327 2572790 -11882174 -10186060 -4152110 -3892682 1549612 6716773 -800892 -1994335 -1978391 -3460258 -557959 -3078425 -6758842 2394073 283159 -7745231 -6377350 157683 -4127188 -2573071 -372085 -3376951 -4145782 -7480265 1240328 8347674 -2989477 4785234 -2196689 1597042 -8520196 10514759 -3892347 5304977 -8007759 2809664 -2818031 1801796 -2473537 -657898 1894370 4433655 360949 -440220 4816519 -6497133 -1678779 -1379807 615539 -6188827 -377735 -3828143 2695516 -4476705 8343191 -3533709 -480157 -2096556 8252458 8549816 1962107 13374007 -2768598 1852224 -7508503 -1465933 -5688611 -3878126 -2025862 -4079360 -3470331 -2966441 -2505812 -4151794 -463340 3647961 801866 -10365652 2323341 142367 -687872 4998423 3921621 -3596739 792398 185094 6549616 6030164 -4856091 -4409016 -1740558 -530249 847714 -147865 8913424 183586 789981 -2920982 -1793588 -799581 -486087 2257598 628466 -4686587 -3784688 6504594 10404637 4355657 -2126646 567645 -1092970 1893606 3758130 2462696 6887222 -720789 313594 -3564549 -8663721 1279040 -1140711 -2394805 -2202417 -1310492 -4848165 5078310 -4360212 -2059837 -3942639 3854053 4059335 4927611 -671528 1290447 480139 3005397 -7940971 -2519492 3746819 -1742433 -4544678 753430 -2104523 -2627217 -1944825 702485 556415 -1205421 5219243 7296309 -8369037 -6611420 -979867 -1259833 7332730 1147990 -3001149 -3542450 3949951 -1625756 121572 7448530 -1893227 2991694 1460994 1350220 3759304 10214934 -6571065 -3602885 -3844506 -6082224 4133886 768382 -8119670 -332437 7838936 2120964 -8217003 -3804845
2122778 1428678 6504220 4253456 -9709063 -3164319 2638711 -6014947 7893524 7933349 3760330 8479015 -8281642 982539 -393796 1568759 10291674 -647432 -1552986 -7288423 -556316 -274933 1121072 3809142 1758298 5981388 3290758 -276844 6574067 4808883 -3234392 -1470220 -40782 -2503521 -5980729 1956710 -8928550 -882060 410037 4196097 -2600709 6400084 12776864 2114470 411431 -7595895 7877234 8917905 -1250453 2152580 4088668 -2342833 -1750873 -2130075 -2220479 -1678890 -456479 408800 6666261 -3665941 5045899 -3594267 11870 -6795486 -3401741 6458363 -3319751 1174194 -7872692 -3267559 -8720114 -4516816 -8252401 2796876 -3259795 -10172276 5880719 -79840 6708539 -5083899 -3082510 573929 5002944 -1062642 -335301 -526437 -6507777 4732443 4807940 -3363174 749423 317614 4890804 1101018 1194042 -1243897 172749 8649074 2329358 1836107 -3787921 -969388 11096747 201340 3906428 -8822106 11872769 -446647 652589 -737355 4033877 -4764291 3960594 -670466 -3177104 -6510516 3055871 -3463472 2726367 -3604476 1618522 -1790015 1863046 7510135 1669650 5291372 -2060848 8375993 -7824724 11577338 -121521 -1664833 -970650 -3827642 -297631 3660103 7531654 -3906840 -8659144 -2827846 -2914126 64410 -5750749 -2354008 -896277 4687226 -4586326 5836 -1802243 1224 3212335 -453835 -1187647 7270745 -989167 -1194680 -5488406 5543433 3116240 -67878 3178106 8577387 11012879 -386966 1137788 -8492524 -5450423 -3352738 1852687 3399667 4285066 -1756537 11435294 -1240000 3478157 1071780 -1774988 -4171877 -2417189 4745365 2091146 5540217 -3979920 1404686 3812498 1064844 292291 -5707540 -8047935 -808829 -4601741 1349157 3785449 -3962327 -2500839 7305289 4604751 -1250391 -6050855 -1542717
-7974001 -3541444 -6107753 -3214452 360978 -2547827 4032064 -144966 -1533885 -4199373 -3544710 -2648821 -1591696 4725886 -431100 -555360 -1938691 318755 -588310 274987 3142406 3241664 -980700 3667212 622875 -6050842 -879763 6524204 -7327743 -2041856 -3027416 -5220811 2328979 -1162411 3115155 4966083 10866608 6000649 -1298913 4260811 3767087 2462387 -929886 3780132 -10066914 -2479547 -2690381 -1314014 -5533598 -3628722 2533327 -4472760 -1882938 -138652 2022157 5384963 4104575 3579933 -3515353 -3514412 -3460200 643933 -4610024 -5863389 -2732879 7654177 -6191834 551488 -380965 -11804206 573048 -2694182 5639150 -5668480 -1091198 14851423 -2299138 -7086047 -6711525 -4150779 -8085767 -55103 2213337 -5541627 10032032 -3870423 2034384 -440128 4460773 -1811644 3043641 7210167 4365367 -5148431 -765214 -5015877 6988252 984713 -11510628 3919510 492480 -1310455 -2589069 7492462 3717670 95901 -5779472 -5990875 1908212 -1495696 7927491 -1751173 -2936548 6741469 -3741284 2721561 1224220 -2788087 4429359 -7886091 -483744 -4748869 10668433 104936 3341306 1665598 3600233 -3843541 -4217218 -5879424 -4908922 -5658486 249415 6085248 -5468178 768929 -3467164 -8167689 -3811127 3599065 1820017 -3616044 447728 1093708 7741539 838687 7992784 5412027 3560852 6350363 -1531832 8162547 -6191998 -9422471 6162232 -1431880 3003352 -902452 -31665 -1486272 -3456164 -1573897 2995630 -3650817 363900 6328264 5019161 -3589527 -3981030 -1073665 1345703 6100366 1313532 -2433299 -6638005 -936111 -5448580 5766597 -1559026 -12667097 262825 1916636 1086824 2321777 3102701 -3146279 -1272855 4156873 5868544 7266176 -3556162 485720 1373252 -10219235 -6667313 -4093924 -10385468 -552530 977439 -703527
-84013 1347627 -7045225 4670444 1792807 3843462 -5214590 -3259553 9027966 3563323 10240264 3163796 2891042 38898 -89096 11484244 4729875 7433102 -2277271 -3806823 -3890896 -446136 2196686 4147340 -2475297 -5876535 4948414 -1791057 -8991362 1541039 -13077727 -3739758 -3045975 -2050426 6164590 -3616867 -5121086 -5513656 -444623 1056446 -931460 10860719 4445795 979756 -59475 -7197067 -3346078 1537900 -3318729 -10451128 9974829 6082334 -303776 -10818090 6516843 -826062 4574823 3757902 -1215905 4018910 -311586 -6276451 43520 2245855 -3834886 4059480 -4042310 -1058848 -6396887 4096123 2146650 -3270509 -4275993 -167197 1941035 -6999512 1090746 -5990089 3401081 4831471 -2171000 5311587 -6372819 -2321624 2811540 -4130172 1568705 6668310 5268094 5506321 4123736 410724 7630842 -6750035 -278126 -1129022 6008314 2730577 3007674 794011 719713 -10278153 -3315249 5078990 -6001822 -448174 4263752 3251072 4435235 5993901 -11643146 11142181 5157853 8574258 -288534 5533084 1663575 8016920 -1796016 6403707 -9349992 -81291 9204168 -12738054 5188508 2710163 4606995 3684859 3934429 12131467 -2349319 -3730714 3161313 -4650563 -9959793 4150344 4116402 -5789552 -459772 -3592671 1215140 6456 2176143 -6020081 -4158547 13444095 -2589507 2077938 3652881 849146 -2546296 -3692050 -348443 -5281364 -985621 -10263653 3699060 5769471 2192289 -2759552 -8761581 -3392883 4092978 2196782 -764371 -7109923 1239404 14271 -3006376 -50400 -899957 4507018 7286307 6875724 -271889 4004175 -3179192 -3782872 2075194 -10303802 7730819 -5369275 -3103936 123039 -9098663 8177011 -2616965 -5425314 3722839 -2399189 -2286157 1358990 10841198 8466567 -5402305 293231 -1543878 -2640819 3040348 639041
3039047 -1301121 -3068353 -5177188 6225790 2947337 -2379889 -7714619 -576758 -3299906 293812 7378077 258204 -854725 1716852 -4306101 2172569 -1205061 1639533 -2564387 -1581671 375932 -2365515 -2565077 5063170 2938991 -1963785 -6344306 -1995410 -91727 2803612 -7901531 -1751067 -4991746 -2094194 4561326 12017650 -3183725 -3195965 4574057 -5289344 10551194 1753842 7094662 839126 -8391942 2334837 1017031 2303160 290239 -4026531 3443820 -7308162 -5552622 6148664 -266973 3142039 1996592 279046 -2950315 -1632249 -1122043 718155 -693602 -5884317 3013137 -7917945 6073271 6542693 -2485868 -9187574 2648083 4425404 -12811588 6017856 244841 792582 -832948 3042778 -4109871 -3301685 -3477380 11808106 -54902 -1804293 -4836481 3915992 494427 10605708 1879282 -3245345 -7315318 4985105 -2356005 -1260155 1502057 2754824 1777763 6892702 -804737 1771014 -152102 1010003 -4773381 2332867 -3820903 -38438 -4583027 2051393 -3811796 -407010 4840099 -1189663 -2532216 -788632 3576059 2457555 -4404234 3565613 -6358016 1818873 -2556718 729458 5336688 6464440 -2069364 -1003598 -958818 3498760 3426759 3593360 -8811269 1886715 -526853 1336626 4221058 91039 1047411 2978603 -4954636 -4040272 -4251736 -2139644 -872597 -3395606 3327282 -4775663 4122666 -74141 -5726375 -6170589 -1292414 -5873101 -2184279 359395 -5367656 -31893 2262283 -4158527 -3160886 5037831 -255202 -4424502 -427618 -10390523 -6327412 563679 2751151 265949 -1169693 10768997 62516 -2281518 -6824664 -2387909 2263695 4706676 -5714660 3473073 -1754652 7267171 4887296 596252 6723419 1898668 -3379426 5958082 -3944224 7031098 1821449 1930037 1405256 9113864 7758868 5094551 1125987 -9700958 -207094 -9940882 1988882
1800689 -372940 1175415 6334100 3058835 1867584 1141149 4550385 1497095 4947545 -2403903 1228819 4407759 12119465 -1222358 -4907447 3493722 -6927907 -3058517 154818 -4079630 -499534 -4528093 2227304 6208434 2716923 -5388891 5914728 -1989330 -8566986 1337494 365743 1602857 -5897993 -625683 788966 4049300 155386 661440 -1843965 -11064420 7110016 -1611533 -2712915 -813753 2628407 1514396 7308898 3057948 -5453508 -5239159 8382926 -4577227 -490551 -7383988 4018004 -151297 4340239 4518230 9150517 7279823 5866288 2267961 3177967 961888 -4927176 2583610 -7046135 3985393 6912282 -2749740 4849124 -306207 -12616644 2384068 -6927144 3233058 5313722 -7769115 2591528 828210 5289667 -3916013 519459 -34379 -3059531 -5838027 3085286 5558534 3568431 1505932 -2323110 -339961 3811618 1091727 -486572 2897199 1810948 -1540181 5557855 -555578 1017502 954316 749650 3692654 3505119 -2867003 -2178317 -2594964 1093473 -6818716 3197131 4863422 1821860 -3292294 4040621 -6077807 -6863866 5421686 -2699464 -490297 1321355 -598865 -6417688 -1571195 -9933773 3023432 -6846004 -5849109 7442479 9479481 5102311 -915233 1400605 -1781885 8651010 -1892175 -10731732 -2155542 8202013 3206227 4022923 5674473 -10859461 778272 6246769 487731 1999407 -6043863 1224407 201222 1214453 -5429323 -2258934 7769931 -1283712 322061 3107497 4018342 -2331395 81010 2675754 -273562 -1850350 4111296 -400512 4641414 -1691839 3841761 7489440 3983269 -8160072 -4148903 -8094140 1944836 -3687658 -487922 2472891 2917584 15279 4247362 -588535 1284417 6707283 -748007 11713078 -2248946 2928650 7704999 1253534 -149949 3321201 -2192938 -3762810 -988152 166663 -3361574 -6962387 -502817 -2347866
-4435943 -31436 -3993460 1105159 -185931 -1264174 596725 1133563 6026230 526829 1722953 10854749 -1455782 2795127 6315540 -4714246 2458973 -4536324 1113326 2336759 -218468 -6931885 9923 3785336 -3990357 -5716157 1004239 -2990056 4996209 534014 -4544772 162758 -2740706 -1462674 -1048792 -309831 -1465829 -4314890 474073 -3721147 6085337 4358358 -841564 4054863 -2705727 -6980317 2629516 13664709 -5183371 -2493125 -47101 -916520 -4346684 -607910 5370648 -2612686 -2426912 3711058 -7496201 -19475 848708 -4226979 -135243 5373263 8477068 -4923508 -1856084 -6797068 706156 -5596348 -1685155 -4025788 682591 -7142235 -7636702 -2124047 -4715316 -5321046 1016039 -1369974 -7045744 6139040 -5636663 -724977 3767043 11715817 5097525 957261 -6642306 -6245684 2311187 4271775 -8162596 -5842539 837935 2617376 5387646 491243 261439 -3489235 -239180 -3604846 -1912943 839150 5703118 -862974 -3441961 -3314701 4618726 3464418 -5416533 -4860864 -2456876 5370602 6234734 -7789519 5568568 -1011486 -3972299 -2933864 -4876395 -1267229 663609 4235486 -357294 8506725 8824578 6863489 660936 1952688 2819936 -7551714 377523 -4453861 -409607 2158192 -40701 -1815819 -1127211 -592892 -3396240 -1387448 2565107 3444179 -8360130 -2031736 5209748 7402789 188427 -6586418 -4811209 -793802 -12136805 -545954 4766517 5240814 6709693 -495821 -2125617 -1557786 -8836020 -8402155 710408 -4052206 3137175 -152545 -1584434 -4152093 2761731 -5861048 -784745 4626708 4450322 2659742 4602179 3210610 -174315 -1199027 6948513 -3568391 3545478 3014034 -3934900 3027328 1665128 -7292359 6021978 -3469015 -2239562 3183599 -151395 -4469700 12446584 -2523194 -1862290 4978073 4651409 1714789 -5092156 -647158
6237580 -2231621 6552704 2008196 -3170809 -2431228 -3237383 -1152050 -2279100 -3404076 614177 -2284068 872368 -3083392 -4406506 -503696 1317982 -369808 1099107 -1609217 -6499106 -15176168 -4284055 5518214 -2565285 1676911 4863425 -2077342 3864120 -1014725 9103129 2509065 486530 7086554 4905190 -2522376 3223534 -7062628 -4009256 -12361594 -3147339 480063 8312228 5267748 -1729317 9462962 7550847 -3418708 -4337293 -3604772 -2620285 2242292 3708957 1853831 -2852192 -404442 -1616961 -2729221 335172 930960 5203472 -6810383 7788086 1420618 -4277849 3176979 5618672 -28615 -4047829 -1190390 -7120593 601380 1397743 -7924420 548963 -7213353 -1640552 -2032209 -1132368 -2341624 7655237 1878071 4452030 8292888 5219984 5438204 -2135737 -10671250 -357937 -4852284 -6047726 -4277369 -7976282 735134 1333850 -1492195 -3122921 107577 -9273076 -4519168 1118214 -1212038 5420724 -5081006 1856025 5235897 -7246424 -615527 -409920 -1476446 4876070 790772 3989118 1367475 -10498299 -2190812 -10551701 -5730909 6444043 1659532 -674025 -2416380 -8407471 755401 161028 -1877636 -4282757 4519019 -5492404 -425709 8967102 1255504 -543032 5916136 1401776 491161 4664396 -7235987 3412006 4324380 4697718 2026038 13883314 3709782 4859542 -1950933 10085800 -4277051 -3171853 -2229883 -6344764 5863902 7515351 587106 4619002 -3039772 3547809 -1077443 460406 399529 119204 3228124 -1854275 3363809 -264604 11046244 -1411470 -5722446 -2332016 2746313 11417266 -1898999 5700511 -251118 -7609126 1658463 112238 -882550 2570890 -2578720 2362791 -8455215 -5828971 -2502240 -1836393 3989858 -9954074 8476499 -8415928 4400256 -2316441 -129235 -1793510 -663538 622942 -860767 -4620241 -8778061 -1159345 -9529649
1626518 1172548 1965129 -1583669 2809014 -8443570 -3623247 2170638 -510090 -4814809 3941099 -6403245 -11604197 -10325524 -3672543 2042956 -2028837 3876771 4981113 3465056 -6157319 9190644 6671552 -2471379 2640286 7395339 1314597 -262949 -1875778 1135654 176564 1953862 2521765 -4810572 2100024 -1352894 320325 -1587272 4065512 2072153 -6143207 1483515 -5481688 -5915947 -6780331 -381755 6044348 -3830501 4448624 8097334 2178670 1389390 -201062 6551279 -3838713 2211606 -1176778 -1906091 3544464 491796 5133485 8599590 -8967988 -6630855 -5245380 4011851 -4669734 7776980 6820266 11826614 -2745196 417909 -1479939 -3282039 7439579 -620100 1972329 9965770 5886172 -1640823 -222395 -10221213 -7459846 -1914980 -4679963 389041 -1281330 -342477 -4599785 8866996 -14524980 -710121 1009913 7674217 6924739 2333257 -6011854 -1896281 5909702 -9137708 -5907640 -3358538 4572323 -5468541 -6839719 -4350149 1924229 576166 -5438476 -3624081 -15174639 -1555228 8193794 -6317049 1575063 -1643689 -2353796 -3149561 8347891 3709332 -2962655 7814476 -2534041 3867243 5491430 3214894 -5098140 -2156286 368596 -4837799 7543619 2865823 4356083 -4818645 3230436 -3582312 -645380 4906155 -1346657 2842899 7886185 -2483200 960627 -6228216 7768692 3914482 1256661 5220307 1607744 -1834462 -1065376 -1737693 7071546 -1661403 -5584885 -3032532 117805 7030106 -4506685 4845892 259865 -1209842 301488 3313950 -5412908 2923128 5160866 223604 -176836 2357488 2744175 1815964 621909 -7071491 -5862284 -5223729 -5945472 -3178684 4571726 6251859 375408 3971009 -2400918 -12413034 736299 -3201558 -1441312 -1079487 1527728 -2061800 930676 5564760 -3513384 -6832714 5705869 1923852 -7703498 -5309442 -636461 -262108
7900440 -3010068 5462490 9186306 -3375032 -920365 6974773 -3098958 4105252 -4234783 -213252 -1498402 4229625 2891157 -5211918 -2948259 -1207924 679452 6940094 272882 -5132467 -11717413 -4636505 -3781992 3102684 3468803 7818 -6470536 4128044 2880637 -984506 5055322 -385654 7597775 9509860 -3687625 -6858568 -4167162 735134 2524075 -1740005 2176258 8228877 -935028 -8241569 10334920 -1172859 280483 562214 437672 6053004 -424495 1943078 -3478563 1377744 -7022967 7108399 140819 -7359477 -4012533 2305450 -17630435 2683784 -1336943 -3248622 -4174267 207501 -2665379 3839326 10641210 -2566033 -7724761 -7733309 -2063204 -84351 5503314 -3112851 -5210776 2482481 -7906614 3191663 -3356334 2476708 -329203 -135447 -8499195 -6004099 -2042300 -4745088 1233324 1227987 -3658650 3387948 -2302524 2866250 -3004059 1944805 -7694149 3586622 -7258635 1879709 -2686151 -846198 -777718 3851490 -3967136 1865327 396449 -1780873 90668 -7550381 -3123072 7173405 2113290 3083475 3405085 283211 624588 2281502 1521667 -1383658 564382 592989 -1003574 4364918 -15214 -1862224 -4803112 1465349 5987739 350956 2062621 -9465709 356149 3482772 2580534 -7433278 3632645 -725053 6835132 6567933 318971 -2581335 6474400 -1033656 1151210 -1727001 -5474463 -4816393 5902569 16443414 5162916 2574933 2211935 2683116 2943263 -1664759 2322362 -184845 -1374084 -1624420 -3888430 -190105 -7639797 -3934492 -1576145 2439589 -2172854 -2880512 -1148844 -1748824 634189 9313004 1521760 5920765 4213622 -77157 -3316672 1417152 -2204516 -36527 -4094619 -6741526 -1401136 4595424 1421321 -1761772 -629273 -6771026 -541066 -1264258 -1728731 -7862731 2206544 -3621734 4155380 6073786 4161022 2098446 940076
-4227335 546726 6304611 -6513103 2348079 -11184137 2981100 384128 8546186 -1414048 -420837 -4063697 3658494 972478 -1033074 -460799 -6881539 -3249176 -633350 3755856 -9551941 7637311 -4269101 -3371369 -5302223 5635224 2700978 -1286464 777026 569067 -3241138 -627586 3490530 -4513076 7752806 2396974 359089 -4636688 -7370565 -5310750 -1889518 3082008 -1793391 3783117 -6230331 -662271 2477515 4374178 3661303 3829527 -2323489 -1533228 -7864015 -1373071 -2103228 4777842 -6064319 -2627851 2172639 -1243772 -3758457 -553764 -4262091 -5693309 4321651 -2397238 415178 482766 5261188 -5383910 -8173573 4149036 1781637 -3014696 5496541 -6064136 -4930574 -12192802 -5185357 446189 1617583 -4440465 -3049980 1426816 -2114389 -2281629 161989 -1596641 -673214 2185238 -5911472 -6706782 1524441 8208663 1477039 -2961617 -655121 -1432455 5182755 -6395739 -9718227 252108 -1003443 5887286 720996 4801138 -4030060 7166525 -5488285 -3512293 2998243 -218684 -2454953 4850285 -7414303 -784343 -1137839 -10814593 8460810 -7266067 1249879 3998017 565509 3693178 -1523707 3918626 208785 2277558 5961454 -6572062 180501 8158207 8785690 -7992194 -4472925 -1296441 2580984 92368 -818113 -6250656 -1895104 -1746141 8058604 -7617923 3175386 7297941 5825027 6127903 1723526 -5124887 6057913 -1131452 -1795570 8438002 -9790499 584578 -643952 7852043 -1181423 6680151 4822591 6089202 1395032 -6120439 -5182309 14995629 -3136029 3778999 1289538 -9284293 2522225 -1869733 5780234 1880120 -32887 1141854 9933124 1545619 4904117 -2989977 3667058 -4515173 1076865 -166639 -7208772 -222658 591542 618006 2774726 -7111625 6106745 -159994 -68087 5098717 -7270516 -852181 1922274 -4978945 -4601615 1931675
-6410156 8512244 -1820931 5397087 -1026306 6290259 -6717 -1709425 -2413917 6986629 2797636 811710 1607727 -681342 2531001 420160 5380781 14887107 -9593892 -8961528 3869940 6339014 7121082 -5076455 -9710812 6760728 4929345 9258021 3604821 -6882328 721536 -1925822 6109162 -8612581 -7952325 4469618 -1607159 -6084223 -1339890 5400616 -3779540 4746576 -7258462 4298388 5340561 -5188141 -7743081 -4452920 6606421 6654338 3079178 7267760 3786123 -2458875 -5661823 -2128485 -4154459 530585 5933717 -35608 -5580122 -7821889 -1742465 -821665 1011125 -7245171 -1399484 2309714 -2299278 4341876 -2079143 -5419572 -5949610 -2416091 -1580300 -1396748 5795790 -1213193 5517588 4279126 10263549 -5996767 -5197158 -7456655 -4823452 11508542 2011747 3661005 11431035 8968411 9129580 7680875 5243165 -2298503 -1448411 -6595846 2749134 6536739 -1212615 4509749 -5989507 -6314397 1934637 2916174 -3379355 1623689 5077040 2611760 4319291 5190648 230724 3901411 3611730 1931190 -3500640 -6615986 8688809 -1721937 -361010 -386566 3739492 -3283806 4645825 7435956 -1345284 -2452116 -3347646 2591486 -4158430 -3581050 -3083114 6914372 3986547 254235 8560767 -1729894 5545570 2756427 -1773858 -2171656 6192627 2682692 -10258267 -6630318 -6092775 1908149 -3087387 5177364 -5252755 -3128782 -3501331 882894 423582 3109311 6506177 -3138121 -8642992 6716734 -5623808 881690 7165123 -965154 6653675 -1584801 4932667 -8867495 -2727904 2496774 3812047 2919104 7630085 893265 7963769 2493208 2924405 2054702 3994678 -560610 3613319 3282097 -2768926 10046922 664780 2888499 9460453 10904495 -410639 -7619948 -2611867 2138883 1144625 -695451 8173964 -1413015 -411043 3846146 -3399554 -7773553 -1581592 9601453
2175 -328911 -1074700 -4776073 -2828326 2274074 -7003953 7796956 -5394853 3203809 475727 -1963024 1204978 1337765 5461512 331094 899616 -7040475 -3911047 2908573 -205963 -2196685 3443888 -3758914 -2238936 1605160 6229065 6466968 -2156449 870301 -9007135 -890815 -4936175 7766733 -8337401 4910483 7189399 -6788128 -8596455 -6669786 -3297644 -141621 8307929 -3521256 4860022 1180461 9221814 1227681 -3781469 4742677 -9031948 2818745 1481365 5837686 5909845 1618293 -3638419 947001 3907057 6303583 3127251 9905565 661093 -781231 2565384 -8962822 -10526378 -3511360 -3084303 -413191 567533 -4679697 5708567 -560947 3351232 1112376 9247200 -887492 5241948 1827740 4374500 -1119179 -1562752 3341944 8298284 -980293 5536675 2943592 2223620 -3064176 -1253461 8819631 1573445 3948310 -1206731 -1497594 6346707 3751227 -3415371 -2327005 -7390332 1984862 2493722 -13931046 -705406 7364503 7740331 -4290665 4193376 -4546890 3810987 2031335 -1455613 -7705557 -2650500 -9399941 7717594 7087753 -1198870 -2039172 2899792 -7332529 -2224848 6051346 515693 -1065661 1457997 -165406 -8693750 211163 -2728876 -1431588 -2151651 -2618857 -3145674 2194534 760586 -4279628 8209567 -3501307 -3598832 -4938441 -2458900 2950386 448317 2069135 335318 40782 9258020 2906571 -3589204 714307 2307458 -1255892 2035005 43777 -2006207 -1056279 -4618105 -2457446 -4474944 -1430147 2377963 -3716781 -457518 2113325 35179 -5282590 -5447646 1044987 -9012356 -10162946 -8270882 1246021 10024365 -6208762 -3981628 -2767674 4877167 -4099241 -1455940 11496737 4057956 6925873 4719405 -3262236 -8786907 3722288 2636186 6037381 -8911157 3368001 -1547651 -418500 -584436 6263994 2012666 -1088552 -13652377 -5228791
-4374951 3469572 -537831 7430212 -3447343 254737 -9743161 -1919898 -7123824 2633468 -1718056 5743139 -10166603 -3287718 -3522782 3504284 4205330 978480 3855331 -3465186 -2371793 1024246 -2720517 599772 5756576 -735161 4846129 1896917 -841218 2310737 -7075353 -6307999 4653947 3849606 4068347 -518816 -6821232 2977022 4023368 -1615499 3390578 3634756 657335 -358960 -638217 474805 -1177095 3049572 1538523 -1097900 2300274 -11120164 -6155203 -4632237 -1518847 835624 10017060 1397196 -8065617 -1494966 9539751 6191442 8308776 4059211 -3743607 9696912 -2744797 6197516 -11726055 4726338 4238389 -2623368 -2872348 -4406786 959794 2716215 3082286 1575868 -4890874 -1229905 1878885 2849306 -1325745 3959276 2416037 -9181116 697800 -554498 -952975 692647 -5433488 -7213660 -2192711 -578033 -3213102 -177952 5211484 -2000991 -5549597 6916384 -2975685 2651674 -4861042 -746516 -2984819 5869338 35502 -5165555 -4772286 -551342 -805381 -8892827 1204157 2559478 4238271 -971423 4574120 2435134 1033146 718596 -2861858 952097 -2206318 4719357 -1669518 2290398 8450466 2475197 -1094109 444695 4955599 -6568665 -1428380 4190784 251516 68390 -6878516 -833932 -2948413 -3601158 11626147 -37327 13640626 2157388 6884862 5713402 3486579 1722836 5077589 -3689558 6037721 4790039 4283332 -6696560 3727328 6647646 -3849276 -1056853 149442 498169 -3663452 -6141506 6088397 125803 -1469989 1743488 3256154 -7609489 59545 -1008928 2491874 4824045 4559469 -3137819 5916364 2818168 -1646462 5269366 1913927 -1475161 11359953 -2915125 -1421903 -6391746 -889815 -2487747 -5085220 -457783 6630267 -197626 -5849210 961909 6284879 -5433199 -1713098 -13130269 -1915795 4728909 -249605 2758192
1493247 -5698196 1967118 -3818940 -258826 5299006 4862467 9511312 1065931 172516 -6940162 -6517077 -3402708 6863844 5572675 -2270131 -1968391 4609891 -9783325 -619198 -4362300 7994197 -2517040 180877 -3911500 1698860 -2258539 6316007 -3875420 -7961744 5558760 -8870643 607011 5545033 -4997932 -2282095 4839625 -2542534 -2272265 3641123 2919196 6877573 -886161 -4508532 6265106 -1118372 5992280 -2677178 -1198069 -1838523 -6258452 2365932 -806495 6810367 -34657 -2378326 -4311020 -3886191 6733247 5266373 -6240286 3242965 -1543567 1863230 3518135 4454877 3245106 -7017925 3820777 6734853 790175 -178841 6735993 -5782544 3033820 5888371 -7101243 -5067766 -1253611 3361897 -7092976 1090399 -1966080 3683850 2242638 -7199696 7612044 -2783523 1871003 -3311860 4637783 -2210815 -8820446 -3044060 6810232 -123292 5956980 2444483 3220938 -3571664 860272 285804 -2898016 376127 -3182700 -1621471 -1485007 1219485 -7079058 -1876315 7562643 -3562963 963379 3238776 -6795607 5559450 4426279 3897151 -445211 -14262025 -2518944 4232868 3922401 -9359985 -4587078 -112822 10792275 -11535263 -630916 -7958868 1553466 3586526 -3657334 -4732404 311281 5516860 3985139 7670286 134389 -17929017 -2024767 3595363 -7041471 -7872524 -561496 -341985 -8504080 4211780 -9217882 3699717 747368 -949764 2977922 1259220 -187660 -2371607 1023534 -4352217 8865502 -4368334 -5546835 -5289344 -3437313 -7034665 -142058 3879220 -3050663 2095678 -2149112 -2323478 -9905222 1313475 -14598239 -1514424 1937352 465605 2416537 1091675 -1977549 6280229 -3315606 2270237 8815942 273281 -4952781 -1451274 10305391 7664288 1654996 2139855 -298725 -1048266 -10612357 -1449414 -749458 -3766703 -4031795 5964655 -4236750 -2764139
1475902 996335 -2372597 1940713 -4883494 -766667 -5594374 -1205960 -3682505 5761369 600093 1408501 5515035 2663726 5860321 1805620 2158714 -1323281 3003023 -7086847 -6249154 -6402929 1607315 -1691700 5852787 -3023861 951544 -2093332 -2093810 -3167127 -140990 13090685 -3850459 -4963364 684471 -5114783 -4085402 -10015913 -3268631 -4647224 6365767 2431963 -1218243 -8134619 3644271 -6413094 -2680666 2057807 -3960752 450835 2381216 -2771148 -3701349 -9661469 5597847 -5809463 -2650379 837433 -738579 3926484 -2817956 -1575804 -3396566 4756803 -2072701 -1506350 -614501 -6272603 -5487318 2647418 5021478 11372993 -7077068 -4601293 -3809623 253584 -4186557 -1187067 -721616 2204479 227531 7021219 3514163 342437 -8970704 168948 -135890 -568344 221677 -1324523 3616292 -501921 -3534200 -5181727 -538259 -206449 3401460 6496858 4422872 9277722 -4084701 -6583499 -1468359 9297166 -248189 -2814964 3455615 3476604 -11961473 -3169170 1258808 4435620 791415 -3835273 -4976891 -1639139 3081230 -1526651 -6617702 -5217303 8017673 -2034512 4281216 3471621 2687135 8976864 2149554 3415151 5388370 -1045320 -2905420 1678886 4555140 -8594415 4442726 -6637872 9543378 4745821 -3069710 -11611528 499183 -1801788 -6848876 -1556399 -3471245 -5016349 1819303 838372 1229096 -2684201 -608769 6440354 -15085780 -3509736 -4297795 718284 7543890 -2982337 -168144 6005928 -3098950 -2805174 1709922 -1927109 -2108631 6100982 -5174706 -3110817 406727 -9073849 3723646 -899555 4640406 -1130019 3860742 -3454220 -2110395 -2524017 4160378 2067953 7133138 -6251901 -935402 4661634 -241921 4942597 -3997483 -6456561 -7683423 -10758819 536089 2306311 -1715154 8004411 -2662813 -5351226 1312246 8270258 5811164 4649198
5338750 5717523 3041829 -7415405 7200025 -344834 2052208 4363897 -4756191 4245542 -2274210 4162254 2090391 -349499 -861789 -138676 -3693586 -12299187 -5443531 -13788821 -3214400 6730622 -4657433 3469959 -4989521 162156 4709981 -6190814 -6571913 -4381849 3759421 -3988057 919447 1873946 4299178 4000199 -7540460 -792762 -2134527 -544816 3015662 -1988243 5167161 -3399874 1876982 514550 1865570 -444768 10697744 -3366379 2364164 8178906 3264063 4339252 -4519317 3039885 -5049243 -143521 7284082 3852940 -6698497 13416912 -6191053 -7572746 -13152373 -884954 802571 -772366 3078442 742700 -6281014 3174712 4977174 4301943 -4702047 -8644787 3645512 -4008218 579896 3774139 3037800 3265304 4789377 -7760906 -11924822 -5170535 -2308908 -1867005 363148 8277229 2684945 645196 -7719039 10198072 -5309949 -1399305 -2760826 -1805451 2034481 -4217043 -6822135 1507532 -5388573 -3279235 -72897 2083617 -8721108 10572090 1586263 -2897093 -1365475 2475600 -197418 5150913 3664288 -478401 5223279 -1645377 1097651 -3707292 1962856 178903 3200846 -6640934 1178513 6767872 1122724 928170 -3909308 -1513910 5195135 1505529 4751765 1256272 -1239934 731729 5659028 -2142338 2860707 -2826286 -5866317 -1004724 -390974 55234 4474794 4827840 469983 -6937385 9895398 4261175 -809144 -345503 6458240 4654711 5581125 -359488 -3432512 -2067104 4563659 642630 1290056 5169622 3424696 -2428548 -963672 -6583387 -3945279 -1703331 1059206 -5820811 -3959338 -3027733 -2829022 -11108 4115679 3894700 379677 2269593 3130835 1750235 -4156407 -3861534 -71495 -1042419 3319071 1786378 5968313 -1980687 -6122750 -2697832 -902962 2081576 1077605 5459284 5800822 5583744 -3150587 -7625055 5759990 -2679103
-3259022 -10034643 -1374985 -3467392 -811905 -7786968 -3500087 -4735912 930822 78139 4543830 -10766180 -3803572 -5954246 -2890744 -3867292 -981725 -6673541 -1615366 9329667 -2142519 292121 4787867 -3226411 -8768723 4061843 4555004 -2056087 -2949281 5350793 -1887126 6904771 -764317 -2424272 -382817 -3420706 -155900 7010774 -6416914 -1441321 7634 5710352 2826667 -2509715 5256798 1426768 4109634 2762576 2469249 -8063044 -2065824 -3764365 -570302 2201092 1951742 -1469952 2259135 -5773672 -1341983 5553311 10380516 9842507 2193997 5906572 -8258174 -2748188 9761614 -2497510 3451973 -282795 7522578 -3636941 -2613383 -1257829 110231 -2052027 -5869558 -1809535 1665145 -3589306 -6101034 6064716 8794325 216269 -4541095 507320 4193466 8251396 3948381 8184182 -3488235 1135839 -3088210 -4231534 1613660 685551 -5833702 -1452274 7327845 -10509456 -6074978 -5660755 -4335767 2136156 1517770 -8792659 6973207 7314298 868682 -1374686 7551003 -429081 4976312 -4819688 2322134 -463212 -891420 2122075 2677217 306106 -8812346 5575679 -4839858 391369 1073007 -2831188 6851810 5108595 -485739 -4730955 1485450 -117364 8373637 5995871 2099588 -2169911 -2713215 1363646 3532769 -3872702 -229303 11106704 -470050 3364226 2513654 2153284 3524720 -10461064 -609164 8624600 -2368497 384666 -1798294 2050148 -1991744 -8189161 -874703 6227881 -6279907 2260091 355989 5721617 4092165 7236214 4430545 13133266 1265811 -6331396 -2791616 -4664282 -2621035 -7979103 8315707 3786723 1528760 -8222336 -2524115 9709501 9236557 -722121 4488786 -813804 3535169 1570947 -4015807 -1764891 -3430948 2083970 -6151544 -1783927 -6205793 7536335 -723611 -1823757 -3442166 -1683218 2039376 -1338017 4862218 7585290
1060895 11014793 1162336 -5691695 -1036850 -6535693 -2240918 9993837 -4224834 4877097 -624402 -4021844 7292316 -322260 -6896134 29926 -3258008 -4172109 -4122432 -3505008 1012929 -1259060 -1186202 -1683677 -7251716 -5738539 -885006 3254716 535459 762697 1095140 -1997044 3887244 -4683389 4674670 -1176679 -877132 -3791522 6773729 -4881660 -7730402 -2438314 6662514 -4667178 -12152748 8873450 7363295 -6131653 2200824 5570754 2769676 -1514049 -2313768 5072823 -2172689 -1804953 -3940362 4103910 683347 -4180080 -3003458 3641139 587043 -5745285 -4709393 -1622922 4065453 507771 4366475 -2265012 -12649803 773046 390455 -2505735 9853937 2724579 -5084325 -4546956 -1706001 3732611 5099857 -3563628 2214637 6093187 -1886049 3147522 756087 4408072 -6598493 -3167100 -4055064 -6592004 5469623 -1158504 8125491 1939258 -2170836 -2693436 7056954 -3855575 7376939 7914224 3873212 -524362 -7577883 2443920 2203213 -2038609 2146074 1148828 9194188 4942548 -2313680 4435521 683245 -55159 -857448 -339666 -1912787 4597854 -2154801 -3458923 1155606 3854917 3741557 2669799 -4153195 -9908749 -4088899 1881579 2791568 2570476 7611601 783196 3705059 -2625047 -2062547 -6708971 -6729681 1995061 -1108336 3703989 -4265545 -7709062 -6825898 -10169475 4662772 2725461 6527409 9026121 -7108507 -2648860 -2595205 4110911 -6156035 1892289 -4326102 -246058 1350424 -1246975 5470457 -1565452 -1552303 1727428 -809590 1376280 -4929886 -1159348 -270914 6020830 -5629547 -11291526 3923465 5135033 375977 -3364984 -3844739 2321155 -6575785 1688512 -419377 -5758065 7474193 -1398165 3198435 6727408 -2234100 -6992005 -711379 7845356 -6645973 -5608043 1478260 -893922 87594 2175863 3378019 -2669183 -1397734 -1700902
5990256 -2001353 8068905 7905866 -6512692 4223557 1253456 -15447545 4472499 -3487954 154997 -1969475 6017685 -5623628 -6324056 -13185 -780621 -4697928 2456292 -39470 -8035351 -9745302 -10399784 3412715 2999937 -168828 -6547594 1056934 -4832640 2372813 5515189 -2230376 1911123 -6730996 -2878898 -674891 1196225 -12104253 3061448 3033013 3384843 7090638 -727631 51809 8889291 -2889380 -4255923 3443267 -102039 -9007449 3541929 -160555 2729889 300954 4889794 -761415 187308 1039614 -1078742 3888300 209165 -6078948 3045025 963309 -4250649 -5473628 4376710 -1366010 4449800 -2403535 5258108 -844831 2930589 1042447 4936956 175760 5571147 -2103342 -4328448 2756072 -5631280 2937385 2304820 -4890374 3518241 5090506 -4172560 -4578855 6953533 -404403 -5612447 519918 -735661 -4141779 190374 -7299133 -1330048 -2549806 11447643 39821 -1182006 -3869933 -2544575 -13646016 1210702 -2873750 -5721919 5135539 -3598083 -14810224 -1288047 5165373 86819 3918186 -11405983 2716270 127 -4394934 6177554 -3211548 -1147780 661383 -2427966 -6294477 2553218 -16136028 -1365774 -7564704 7757680 4489979 -2344856 6083970 912461 7310882 3238830 -2187006 -1812025 5797455 4963337 6584642 -9780547 -3683335 410444 4523426 -2941122 7057139 4685417 824495 2169243 -4375520 5784079 5648124 4357153 1561927 -2800481 -2607010 -4352560 2650670 -2692850 -449892 1879294 801522 2287814 2591848 5757681 -1511147 -1388814 809147 -6250136 6249168 2745358 -2432585 1824510 752145 -5467454 -757702 3349609 -1303855 -2898521 4493395 2442130 -2897589 -1327088 6132728 -4888292 -5290814 2202667 -337210 -3370436 6221391 5935974 -1167508 -5124807 2585616 -10191221 1556020 2891591 6502649 3239856 -1770622
9438969 -1294318 437438 1386034 -2130108 -5319602 -4684843 -1463294 7056467 -2664449 -1357566 4464386 7854196 -7940371 -2849091 -440942 4402305 -3590141 13478439 4669552 4541175 196570 2315293 -4055078 14528134 8717874 7256968 121486 -3323086 1562455 -2730626 100593 5472516 239730 -2125275 -1249823 -990357 -6019789 4484515 -2741124 248525 -6332709 7510748 1000217 5089280 -6569972 -7253721 -477481 2609731 5779662 -860567 -5205156 3617808 -455943 4192716 -3155085 1125416 -3138767 -7757774 797582 -8411864 -1944979 -127481 1317731 2282800 -3581354 -7436843 2668893 1041607 2167565 4072 1070869 -505212 -1710642 -5434314 -6446151 4827360 6321895 -3679209 2252184 574828 3851866 3724096 -6869472 9118379 -6582513 -3813741 -2797722 1418672 848337 -2162601 -4345186 -1179202 92806 3917705 5374589 56411 579709 -2034731 2449885 1691196 7573418 1942883 4949762 1967103 -785493 -3563597 7993167 -6322892 -825925 -3371607 121841 366690 -457925 -3247534 778260 -3995196 -9405419 2785441 4097055 -7112858 -4475401 3116392 -264590 4883958 -1308772 7273483 2770946 3191836 6380849 -2338684 -2170895 -3141480 -5595702 -5821698 -5111762 -7876220 4938606 -1561079 912177 6503708 -532716 -2565798 3482701 3461920 9043653 -2047448 -2863175 4054857 3607282 6379506 -8364685 -1687840 3626485 349041 317133 -2271103 2820832 -2713878 -1097540 -539729 5610183 1988105 -10924397 -1525633 -6702911 -1866841 -3801402 4187973 592850 5713878 -1901176 1867638 -5914586 -9606410 7373006 835501 -3969471 478029 292083 -271509 -7737974 -7116396 -681811 -7716256 1131374 -3969329 -2358267 -4947445 1455472 -2217224 -919216 4460049 3628445 6002112 -10066 -733088 -1182791 872239 3215549
4873384 544556 6322172 -8073741 3341263 -8240778 -5278841 7506639 -4264068 -1208687 8516293 -2600619 -1442025 -3308596 -4620739 330417 -2599957 -5404239 -10556409 -1879604 -549030 2373483 -11432479 -8168173 1290174 260140 -694904 -7755244 -5259947 6007110 -2520096 -2665324 -3099786 -2071667 -279759 7618569 -2061195 -4127274 7901291 -4477089 5183199 2190248 7431398 -2212724 -9716336 -3853020 -789940 -4607801 -2964857 -306462 5059156 -3613501 1378998 -6885631 3152361 8574944 -5857871 -3331826 -2889770 3379940 -5192135 637197 -3919904 -3888563 -5986310 3373777 2759703 -3292994 7354449 -2987841 3111390 826427 165057 -4223189 -59012 4735586 4183799 187493 1447320 -2970174 -10463510 4140645 -1200676 -4812499 -5604330 -1699460 -2767396 -1824356 7061271 534394 -8597556 -432438 -6190319 2272742 -958264 2831295 3902384 -804397 6633032 -7296997 -363294 3761660 -6091214 -1345743 -4334652 -1100837 -9400622 -40730 -4239752 41108 8423659 -1630231 -13852720 3792151 1700470 -3854212 -2106929 4580575 -5894508 -603925 -4591654 4696739 -1194205 224134 7074056 2893389 6538807 -52987 3100103 -1678383 2196586 2043211 3400391 999461 -6131639 -6905701 -898581 3029383 -2023626 -1313636 300090 -2078821 -4373859 -450833 9742804 1574236 -412626 281747 1461376 -1565709 -5511205 -4358341 6241638 6518853 -6547789 -1114453 542999 14379118 -3763471 2164770 -1164979 -2666661 1506945 -341925 172125 6594084 -1526259 5455945 -12643668 1610407 4144408 -1304811 -5427714 1959042 826454 -2452389 -5026965 -3651045 4939004 -3128620 -2674291 6121669 -8334073 -6969918 3902079 1080142 -1587859 1404751 837308 -1168981 -1069284 -4125692 2445355 1511169 -1270079 3663082 -9104451 -4950473 5923028 5277384
7770127 -1223661 -7094357 6317673 2976223 -3663207 2382002 2058213 -366855 -1386835 8866201 2937334 -4802998 5730533 8070845 -5419264 -656053 -8678208 4415837 -5776229 3517099 2678612 349210 5360270 -9736815 -9522300 -1334769 -1148753 -1870420 6257503 -409804 1730295 1635206 -756820 1611090 -8411368 658932 1737877 564542 5169885 8891608 2614086 2064051 -1993716 3541607 -1788583 6354956 -1863320 2002748 -5977271 -2115219 1300396 -4731813 -778356 608320 823123 1284242 -361797 -748725 2503285 4955555 2230434 5908779 5654086 -1860289 388712 -566712 -4265798 8216704 6570148 -2942250 -594368 -5405399 5673493 -2526977 -943721 3672839 -5585178 2946622 1861220 2140160 1393945 2277567 -5751665 -5652658 490450 367774 -3999705 -239578 3895097 -6728860 5580099 5497460 -1449397 -6467148 2260048 3474585 -5812996 -1317746 -6066365 3323940 2666228 -5378250 -4684338 9553184 1589097 -3282958 7854233 5713806 2269326 -1584391 -8342036 1930710 -204706 6104254 -2717224 4637753 10248250 -1136990 11767041 -1594018 4711085 4375105 1817020 552792 -6122885 10990504 203296 -6179320 8111309 -59177 -9524792 -14343633 6248463 849623 2312601 -8184056 5630657 4884448 713017 953727 3284434 2841941 1492398 -4267760 -391829 2384194 -3603596 7687386 1097912 10375913 7961431 -2213102 8032622 -845188 -6775652 -5961191 -806546 -708318 -1019240 -2247048 -3289927 -6986153 4601091 -6919181 -7960252 4603796 -1897356 -6557243 3006530 -2011135 7693016 -2119981 -2472727 5346236 -4923082 -2622627 -5298005 -2929291 -8957369 3517508 -9011455 -5756016 3362446 -1207401 -6283196 3703658 -4235445 -1782542 4286424 8917619 -7461158 -862141 6057304 -2935648 -1217272 -7099838 8988853 345224 3614820
-1226758 -1348605 2565293 -1160496 -2697122 1005604 -2635265 -1870017 -562915 -3910075 -2724817 -746022 -3696607 -6076040 -6246737 -2334803 1079337 3019375 -2741177 450517 -2238512 -7977390 -2729336 1609036 4583857 -881875 -7696136 -9299118 3446562 8428349 5380709 799476 2023168 -2281323 -571308 -251051 -2851637 -236547 11964857 -3088601 6306487 -130170 2402811 3669521 -3992550 2540712 -3748261 -4556585 -2156564 -6394049 6040919 -7117393 -2568551 2614320 -6980983 -2060333 2350649 -4174323 -2870978 3118559 2025960 -2779219 -5359119 -6275351 -9591301 8518527 -2119505 5757697 -4020028 2557963 -7344287 -3135550 805416 -7418691 -1165211 -1421496 3160508 2917889 -6280269 3931477 -641333 -550403 -2216899 -1968798 -1124992 -770868 -1806273 3898020 -3665189 -279513 867480 -12445421 3428653 3792879 2771411 1874089 -3224825 -5371396 -2967903 -5109155 3808507 -3929526 2445886 79168 -7551790 2782320 -452082 -7047876 4647113 108421 -208067 -1062105 862706 6348583 -2145722 -7039065 -6266627 600326 3313820 2079968 973156 2749626 -334148 -3455546 6740469 7592061 -8165084 -3313314 2520915 -12300973 6707338 -7254613 -2631002 3542213 -2720960 -35332 -5712609 3228349 -3838155 5838815 5176739 -871842 3015524 2706396 2160548 2071186 5824640 -9440112 -4165901 -3136605 -3174444 -1059251 10125513 7795086 -378846 3236985 3307836 4562165 -3811536 3759671 4880813 1810914 -7178124 -2782290 1104641 3802199 4451520 7031736 -1520857 -1774796 -6595483 -1490482 -3700034 1030732 -7290152 4939340 5068905 1526677 4682703 -64469 -5617813 559340 -3926560 -3599508 -2694795 -192007 -5543675 3293204 -98506 972671 -3500847 3627849 165675 -2153717 742583 598357 -5914573 -7383731 3487319 -4314478
-1918151 56510 4443414 2116896 830463 -4293272 -2360215 -4390074 10139650 1641771 7098468 -1277683 -3052170 -9450984 -3985586 179998 8599046 334781 -2715406 -5991180 -4273605 3945593 3291778 1640410 2287982 934793 6695096 -5619995 2955597 -1681573 -3501957 -12474943 3904429 5208166 -2664599 5764983 3388867 -3316450 -3902767 -5438068 -1523896 8029768 1593863 3945249 1674520 546806 5151323 3824557 3881120 -2747945 379738 3064133 -6533445 5259761 -9443451 -1694062 -1500966 -10094951 -1997760 -1900701 5216566 2614683 -4229249 -3720384 4230450 -3946310 -23870 4635116 -3950219 -1362945 -3534566 -1424105 3393174 -10252045 -1360567 1698641 2899238 1227576 5722929 3086717 9891306 -2113024 5372946 6025759 -10862991 5902427 556623 1598295 5145980 2737982 -8221751 172985 10671825 -6346673 6855144 1943787 -5231724 -5366303 2976010 1500995 -3864764 -4587394 3792150 -10921713 6335825 7709299 2775612 895035 -1724565 -4204322 -4043145 6045263 -1009097 2857949 97440 -11871479 -822755 3258500 14580748 -2477106 2083527 5090705 -8885854 6695130 -4837471 7045670 -2695005 -1223233 992185 3769029 1972016 -1308687 5215581 -2562865 3061991 1631754 5855655 -6640380 -6846074 -4628249 1878912 2396518 -2078561 -4516582 5520807 -3583812 2840 2843594 2580889 -2881313 -3282967 -379282 9129192 -4773095 3929079 4596788 -8042370 6565224 -2881407 4197783 2886443 -2810037 -1976097 5898331 -4324880 2559975 -3394934 4451979 -4582392 6300567 5396985 -1202399 3752575 -651421 -3099574 4640168 913542 639257 -1808254 4325315 -2352309 -646792 -8061448 -165287 -5185641 -2266531 3741232 -1175257 1420895 2695217 2180289 -5218502 -7271965 -3467838 397641 -103396 -1267732 -9259538 -4502948 758264
-451069 2457822 1980819 8712625 -2639555 -897627 -510495 -355763 -1681657 -2264053 1468155 -2134045 7821488 5954718 -5129343 8893096 2349372 10148535 -5223509 -7182739 -29723 -5073122 -9219535 4504692 -2513022 -2794479 -6336926 -4102566 7173283 4382843 -3672624 3548751 751812 3670156 1136330 855 140246 5762040 -3739290 7116520 8638304 -5758437 1935844 -4590288 4076194 -2857258 -6484015 1106720 426886 2846679 1985603 -6593013 -4321060 -5032263 2451214 2030011 4740026 -4679434 549341 6974804 2075705 -6823961 3997367 -1609481 587095 157 5384103 -3161289 -9535739 5398790 -7587603 -2694284 2993784 -984330 3980524 -4623071 7392032 6387775 -7649783 4679506 95580 -2045036 3340464 -81640 4415437 -90357 -3290762 -5595524 -3861559 7930243 3219760 -79058 -3059415 2818501 -1058945 3741968 -946453 -3994314 5491284 9566154 1125718 1718063 -2171754 -3721954 8484441 6509710 1943914 318127 -276005 -4831313 14652660 3969444 3439912 -3148777 -10143619 -3435893 -902740 3822477 4131347 -111493 5468208 -711677 -5378566 6858603 -11422885 1893469 1490553 737517 -707053 -4342985 -6410091 2152171 1325512 -6164287 11570647 2343727 2328483 -6310719 -4555420 -3968605 -5772930 -3295772 -106242 -6759201 -2023649 1138650 -2540589 -2768668 192987 1436757 1163762 9353498 364913 -1809992 -3775184 -2068979 4943494 -4327308 1802625 -3328063 -2357227 10728514 2607043 2352861 3480333 7281174 2011202 -4029878 -3232328 -9904422 438845 -7878199 -1217039 656891 95880 -3814778 8109774 -1780331 5768026 -4311355 5736805 3659652 -2989021 3944515 1165719 -2851002 6483204 -3712868 1192940 -7668099 5554652 4299585 -2024716 5465748 552999 -1388912 -4353116 -2935034 136990 -3652822
5993149 4472695 -398554 3184151 3494006 -3387581 1073654 -2905528 3541113 7652347 516669 50750 -3840186 5087441 -1263426 -919574 2621799 1426007 741084 2253932 1031110 -2386180 943544 14680986 -2845062 148708 -5337263 -998487 7866131 2358495 1440809 -3143736 370327 6448238 -4778837 2468464 -177900 -5253477 -5927152 1746385 -156820 -1233791 2568192 690705 2734949 -3772379 1868230 8128312 905515 2212564 987763 -2496710 -1164941 5716247 1561080 -946016 -9901464 -969366 -5132649 2908952 4868514 -8623997 -4390101 -6847239 6773321 4241535 4225351 -3683474 -2687784 8800130 2259719 -12269016 -888752 2829075 -14383598 -5385163 1428386 -2833709 3575453 258748 -1494666 -1792853 1031758 4079962 -5398753 -932422 -3406116 1202778 -2885672 5908920 -8005549 -913717 -1582767 2274404 -6506104 -3666532 -503523 -1854180 -2780678 -2786488 -2789666 -1863382 -2565633 583368 3219144 4942300 -715648 3513086 1345646 5977548 2445861 -5430140 -2751429 8421429 -5267758 6792168 -6360386 1754513 -6297191 -8596632 -3815058 2686024 -13523866 1727624 -4095437 -782909 -4914011 -3238063 741119 -1756144 2252823 -2061447 3228800 1085151 2813859 -10660355 635700 -1097550 -7064736 2816950 2837344 4496121 6200133 -708385 3921463 1259274 -3207767 6776101 3072107 -2141437 -3418860 1625014 2138713 1021866 -1258715 -402891 -2555865 -840806 -4698887 -1466986 561307 37977 -2445326 3743434 -6087258 -269274 -573226 1593620 345017 -5197869 6104047 8229007 2827563 6638632 -4305266 7170617 -5613536 6236730 -764913 4697173 -3725239 -3007123 -2272214 -1014085 -1841547 2174501 7368230 2965489 71126 4979294 2019454 -4660633 -6923535 2004512 -3177664 -683168 -3137009 11344780 -79021 -4816510
-5815917 2009534 6143005 5921868 -5104000 3313956 2224412 -1520943 3704454 1180539 2987586 -50678 -3165181 2504579 -4151345 -6256141 5464580 5975084 7651481 -6536682 2194145 5041842 -1289705 -9193013 -1027758 12679526 79023 -2081390 5751972 -1584523 -3064013 377352 6513713 2705904 648197 -339334 -10401844 340787 5779411 -1313381 2782433 1785716 1420254 5260824 4263778 2865246 -3867138 4969883 7697955 10700503 8395335 2788489 2977989 -982783 -6297070 7861850 -4698403 794397 1796909 -6329639 4634526 1391914 -1000655 -1223670 1911261 1272852 8410214 -1894937 -369305 2874311 555929 -3234285 1601833 4362007 -4979170 3600184 4409492 9161606 2963488 2345198 1660971 -3374082 6375049 5230690 -3985034 3519307 4568832 -5779909 2902227 950333 -770781 -2786466 -183749 -2508316 11124923 7056351 -5109326 -4177361 -3188599 10688289 -4587850 -5443957 6841799 1093656 -8423386 -3168733 3134678 5158711 -3688103 4388940 -7541068 898878 -4156080 -2286128 -6106131 -6668161 -69271 -12070938 2863944 6770623 6302652 3997600 -3440927 1044066 -2711000 4038265 36237 -5382642 3229226 9930722 1226293 1246833 -5701649 3951444 -6442717 -6806129 5418696 962350 146335 3861395 7103040 -4664561 -1135782 1346575 2697460 -147942 3260460 -1038023 -6748125 1110861 -1306636 -9054880 6503741 -10198709 7272246 -4663072 -1240182 9893187 1279623 2085282 -431009 9379271 2036934 4367543 3050630 -5703210 820474 -5943272 861245 3054756 3300431 3621462 5338597 4164276 -602260 48186 -2940260 2281711 -6224615 3610068 -273474 -3243639 1506796 -10121293 6089450 -4217090 -5430393 -4770734 6808775 6946359 2884096 867983 -2106640 -5836691 10292063 -2284856 -1943721 5204681 -7052675 3076917
5173943 -983065 753646 -7552275 -2052378 3645368 755882 -9576364 -2964927 -1542336 9316114 7202886 6923797 281258 -5034614 4294132 848214 4789361 -7905342 720689 -3052331 -8307453 4475276 -5059090 -3227053 -4099767 4869473 -2817249 -7996780 5336518 -11799643 5733699 -5990029 -11025299 5014025 7208995 -1160063 -6305751 -2526157 -1760426 -3568285 -3078199 80272 -10038351 3283915 2836002 -827621 -2176057 -2129420 -3578743 2483136 7852714 -1020537 112987 3833448 -2972840 3370356 9442347 1513807 -2239481 -592382 2072746 3156980 -3493170 -8838743 -4111616 -3182384 605552 1406197 1888621 476568 266930 -2465538 570227 5417564 2123359 3011630 3649245 366808 62139 6686751 -745269 4467014 -5241417 5503635 -1418124 -1217590 3463423 788953 4559555 6004014 930256 2492139 4782156 -2738131 8247525 1243710 -1534519 14277681 134332 -45140 -5934700 -1179446 -7923361 -5744863 4246682 6402674 -216016 -2533376 1187289 4920378 -5154772 1287654 -2463093 1084273 -1089346 -1897398 1062966 4471292 -2549942 272960 -1383440 -2558931 10171216 -1490535 2565014 -4157539 7819791 3048151 5231808 -2904969 28672 2524491 -4227893 15478135 -3425435 -1636669 1318653 6820745 -2345047 -5266199 -3017622 -4530797 1564480 1506831 -4322616 -8857396 -7586063 5047415 3705266 -3666741 -2379117 -317946 -444464 -2147148 9113020 2212524 2072273 -3289898 -851180 335525 -5958645 -603066 -250636 4632055 2210774 -3136927 1872452 -2275602 -2295237 1355674 -924055 1268439 2105837 7174742 4958624 2462634 1574986 3867220 3063950 -2088070 4036078 -2410304 7222587 5567080 16836981 5162446 -3752900 3527327 520984 -1380822 -9289629 12093732 2737506 -4351111 -4086458 10952197 -1660044 782703 3277771
2547752 1725038 -2115465 -3127377 6632773 -697415 1149973 -3779252 -1939103 3617873 -2557081 3520698 2546447 731126 5103791 -854249 211308 -2327982 -5059546 1834413 7499200 -3867825 -2164158 -9427142 2181436 -7779181 -3311196 1468141 -9631618 -8136027 -6963070 -507757 8918319 -2205499 -1977078 -7334056 5942266 1507923 431831 2013550 -203197 3896276 -6123300 -4415286 11014221 -7476047 -265351 6205131 -3575711 543346 251210 -4990570 -1474107 3659077 4703396 -764694 1104535 1845777 1253953 8421792 6829276 8931693 234326 8050327 4634740 -6835922 3922783 -3091948 1654783 3302785 -3457974 -514185 -5769607 5129331 9863633 -5202850 -743650 413942 8527633 5413262 726877 -10048096 454850 2028440 -11382548 4309301 -7694136 9184845 -166674 -2849233 5395338 -1157542 -4512643 2406370 576148 10050111 5920130 8237858 8032557 1027546 2496253 3981849 4094375 -3404689 750779 1716920 4370952 1348780 -1797951 -3424138 -996631 725874 1811733 452206 8197850 -4172456 1614643 1469871 2207982 -1123105 4635932 -4061419 -4232753 6747158 3631181 -1664466 6325751 -3840481 165962 2506907 -2775117 -6402470 -11798544 -6736849 9019069 7042463 639243 -5347092 3418425 4129425 834052 -3903668 1201631 -1226817 -2304228 6269485 933072 749010 3725435 -5494213 -5450588 -3181179 1638114 242881 5771979 7784741 1416312 -507892 -3199224 -9130639 -2296056 -1697521 8922 -1640534 -14129294 -2194829 -1737301 3426854 14191 -839492 -4601007 -3837848 -7406347 -10643584 2414964 -7438584 -2131839 3421245 -3654323 2205884 -3686054 8606991 -6221444 -1487481 -2468744 -12087802 8265282 -4682819 4259282 1854491 -4303798 7192725 -7492676 6476159 -314648 -643327 -2261072 -4449149 -3544623 3053560
-4312584 4074383 664844 716406 -3384077 -6043484 7357344 4516951 -1687910 -3216179 6544365 2041892 -2802464 -1614706 -8712161 3199053 7683350 3746267 -2719641 -4646352 7357554 -1036694 -1891333 348576 5556676 6831217 10828959 6641233 -1893957 2646026 6149118 -6284382 -5559629 4477736 6426855 -1762429 -5576289 -2296079 -294443 4452047 3329232 -3346005 3254033 1667231 3686547 -1251623 -1949461 -5180190 -2604115 7136851 -7613945 -392860 2546895 2855673 6369621 1001419 -9767805 -7387326 539909 7068063 -2096721 -4887915 7560334 -1924793 406496 -3163566 410407 2131989 -4268586 838534 3967252 -9491952 5898098 726258 -2492664 -2406899 -7064059 15002 10551716 -8333540 -3357955 573271 153422 3366045 -9196384 -1613361 11235244 -9874556 5004950 4485527 -875892 6982354 1053383 -17811482 -1864925 -1084580 -8406953 5922539 457556 -3474308 -847965 -5964038 1719017 2302525 4997651 -4196733 -2135485 -1348625 -4407660 2794872 -891123 -2150364 3532570 -1797430 3103786 -2170238 -2523777 2389216 4045657 -845514 1682221 3615392 -41557 -688674 -1360455 3526577 15186433 1286667 5028247 -2597801 -6027749 6782986 5728528 8359322 5390202 -7467108 1006483 3380963 1900896 -3023262 -1108583 -1464439 -4773878 15322182 6041552 5701050 5499088 -3278377 2063337 4337200 3643892 -5309098 6812883 4011662 -5861212 -3634566 -416169 -2514668 8913180 -1851223 -2463067 -4377276 1294395 -5323149 -6973288 3908859 -1765423 -4461942 -5481910 175004 -2860927 -4242435 5835225 -758939 -8790963 -3427226 5337985 408912 2805266 3004649 -1927131 4217900 -7255152 -5352589 6969300 -6373109 -1747901 816916 3361957 2582929 1070900 191817 1566136 4081834 -6269908 1958102 -6201166 -511377 1231778 -2980836
-325005 4224629 3949069 2553848 20029 -1005556 8089986 3015993 1717617 -2224771 -3127807 7242247 -2475664 2125017 -3447366 16467508 -3723838 789480 5051344 -2449299 -891272 3688135 6667356 1741319 482580 5721441 -5334971 -3126083 1494784 1553417 -1482047 -4240752 -1883367 -3382762 4428903 -3566746 -4077819 1028847 -5373925 6057738 1045445 4602748 1729157 8362126 6923575 -1528320 -1128173 4256098 1129496 1239977 -2752211 1724449 454436 -4763179 5559571 -2681788 -849130 3906287 3603444 -2552580 -485794 -10291877 1701343 -3477880 6496305 1614222 -3799580 9952125 -2805274 -2469977 8046389 -11478943 -5627592 375612 -5238421 2957285 -4383098 -1586411 1683990 -11212596 -2467383 -923349 4897425 2144091 -3549274 -1058088 2581246 -7221529 2097096 5901217 221577 -1864646 6042960 -8362683 -8618296 4259734 -2453122 -3506546 6184264 793572 1426386 -3412307 -11815 -3773489 5389851 -926649 -10128766 2020245 -4696735 -574747 -9397893 6893202 -5958489 10430923 4881034 1358959 4239892 -1198135 4696472 -4441131 -954509 -1256255 3233273 -1403275 -450539 5385831 3971332 1899389 -834632 2813495 -6854020 1017947 3939111 640561 -753248 3426436 1066607 -4741878 3533986 -3872520 -7286290 -626678 1014252 3674368 4563927 1543010 -10355983 -5927280 3747706 -4408340 827979 4602962 10954537 -12395915 -2403728 -3221733 -3046557 -7417620 -1301841 4602592 -6753369 3856314 -1722100 1731598 -2472033 -4354241 -455922 4848867 -6043110 3688271 -1453427 -1711401 3681191 1126153 2418875 1685947 3327442 -2221183 5368034 -2805913 5805668 3102324 -10746619 1381424 3845230 -743757 8859991 -7738031 1556168 -5110310 10395480 -3068174 3543907 7793284 141490 690853 -3160378 -524812 5618106 -3221657
-6965325 8614999 -4894637 4184843 275437 -2293599 -2352368 -575988 -2939773 -633811 4628339 -3442763 -8340169 -363088 304683 10345862 210648 -7331257 8412672 -58219 388496 605034 7854132 2701268 4153734 -1501703 2810724 7392955 1691837 795641 2704319 -1674915 6503593 10533508 -9320433 -3668956 4201376 -5473464 -3843903 2337737 5007584 2322711 7039546 2548181 4296991 -2190472 -7128752 -270097 4148004 3553261 3929045 2399678 7684612 -3527626 238198 5371943 -413619 3200670 5233873 4335897 -8521539 6716719 -1782141 5607566 1717695 -7498141 3684002 3893140 122765 921773 5698340 -571083 3805461 -1394497 -992298 1514611 -2465685 28683 -1093695 1823262 -1212222 1984771 -1025596 -2073089 3889746 -3236938 1416443 124116 -559524 1907240 4862451 469658 5706100 -3960859 2344235 9478965 -852791 2840828 -1191409 3661359 -2712515 5255227 257044 528677 -1470645 3151914 -1913698 6949957 8641378 -2358158 1816645 88037 2917108 1484494 -81297 1355156 -635613 1919198 -7785745 3995319 -135183 1732285 1415111 2330977 2202349 -12598963 4487840 2573689 3989559 -10617842 -2694777 -800569 356378 4784942 -5077286 -475520 -445494 2902370 2341288 2149836 5237505 -2228158 1738585 3434391 6719201 -4856379 3146088 -10105684 1680024 3044699 3422357 -2003229 5545665 3915134 352950 -2340856 -6693873 1404912 -6604083 -4349433 4558905 -4866877 1393300 -777015 -4441914 -906248 1650121 -5548670 -414594 -1554341 -2377836 781364 318026 -2948263 1569030 -8658503 -3092600 -6855330 11225255 1254899 -3123047 8153338 -1834897 3726358 -368449 427519 -32053 1237593 -6279585 5447448 -5969021 6793622 -2966824 -168849 2260814 -6194362 -9599930 7929673 -1842307 -3687420
-4539647 3754918 3726595 2666094 376843 2122160 -8087734 1440252 -1098592 -1736766 3918281 7590479 2254082 -2979604 -3220780 -10330160 -2339778 -4329434 -3951689 -1907989 4065972 3821798 413427 -4437790 7066377 6750207 -686476 -919586 3936114 2289410 355319 6023459 -2249583 2362841 -1380999 -5376626 -7180679 995579 6113454 6071499 2422584 2021496 10281445 -1376639 -854998 3585911 -3270568 -7172894 -580366 7336751 -3530942 -5211344 5943719 -6906054 1810065 3180868 3773639 1545465 1966019 2572304 1598568 6605505 3643693 -1135664 -4016658 2813729 -2654867 -7637052 613006 -7759705 -1130111 1220656 2263667 3239042 -4608175 1658716 -5975359 3184574 -3474898 -4409584 -1927738 -4850815 10012202 3793995 6791961 -7704132 7022458 1992778 -1398533 -2788979 445002 5669383 -1394549 3166127 -2469543 630016 807869 -2278975 -722245 844381 -2523281 10430557 4583841 1901496 4845622 -6651471 -4374848 -10756566 -4244353 2953814 1359919 -2972864 -3513855 -2427204 3846678 1911100 -4045392 4274327 4161555 -1362759 3155037 1906285 581490 4315325 1757303 1604966 -2122162 3211064 538970 -2029131 -5712447 -7238332 5400580 -1052512 -5048595 -1552346 4863261 1144587 -2481885 -1805670 -1394194 1475727 4224257 -1248891 7718076 -4283801 811070 1228050 -431830 1540764 -3151386 -2267 -4193741 -7553525 369180 -1819834 4582124 2689674 -417241 -2493619 2901591 380982 10414440 6908872 -883870 253928 2835648 926417 -2874062 1919361 5146594 -5051442 -3987889 -113320 -7327936 -1019543 728165 -2825476 269980 -2872718 4142575 1459672 -731631 -3783495 199095 -5027419 -2352539 -5406006 -5880370 -674638 811300 1662991 2174602 -11993179 3834264 3074472 2273458 7590704 -3423293 -6501775
-622432 5238699 -1907007 4808600 974072 -3161819 -875456 -5273554 2069518 2475199 7431916 -6800885 -83312 -2193173 4773692 1871537 1864660 6563066 -5203612 4787110 -2378243 986779 2246088 -9357504 -6279493 2844140 4188691 1076339 -3476981 529417 1207996 -90384 -2425019 114601 -5603729 2661665 8665560 646318 -1128216 -7733938 -1907696 -10355303 -1168172 1178301 10349560 -9401379 -3900209 -874780 -2410050 4618458 -3340817 4422277 2411990 -5366052 -4882009 4848583 -3681870 -7129088 3358118 7304764 -9023680 -4403331 -8852174 12450457 3006082 -16722165 -2131516 2685077 8763494 -4524581 3371705 1441380 4064123 8790921 6320728 -4023415 2037312 -1593126 -2387467 -950086 821907 -1142492 -9117530 -4622574 -3161953 5478080 812299 -889641 6347262 2172720 -3128385 13308613 1781980 176038 -5412743 9650108 -1017304 6808538 -1197669 -609007 -9504229 -1180505 -1399759 3158158 3753942 -7891236 2591141 584910 7084459 11575835 2148138 -1750802 -3217971 -3370421 -8845584 4302970 -3336099 3343180 1903913 -133972 -211741 3463380 6324815 -6002361 141489 -6065089 -3243860 1489699 175566 3199521 -9050964 5157575 5349455 -1394987 2932331 -4170903 -9144963 4903862 317368 5447821 1353457 -2405361 563471 -3018837 -2905568 -8540727 -2852781 4735320 4099247 -5525949 -4760668 -3419292 3389100 4052891 -4542043 -9849078 -171646 8105356 -3260453 -898789 57257 1233937 -3450118 -8680001 1500669 -2120404 1432598 3726547 -3577296 2833241 -5221825 3493076 4404267 -340334 -273846 -239296 3662406 -5348150 4494893 1237529 5505094 1732847 -1056966 16209201 2704264 2302962 -10390266 -9107146 -418919 7487639 1765906 -4302910 -9624167 6290853 2764565 3437628 2218351 -6710400 -2195671 -332583
1614172 -2209348 -3577932 1378074 1663681 -2609299 980141 6233188 -2008244 -7060493 -1192735 -1203809 -1696757 5834107 -825795 -8547951 6268894 -4127409 2690197 4817828 8893449 954220 5008820 13076992 1744185 1351413 -5735079 -38891 6263294 -5980791 -1225432 -2392597 -869973 -4706496 -492554 -3959636 2505284 4256790 -7993389 2995492 -3957556 -103303 -1364069 -6587139 -2648408 -5623315 1088938 -1168172 1829191 -3938153 -5168731 449184 3860589 -652158 799221 -964720 -4636670 -3397010 -3130689 4404739 6749331 -147195 5131413 9423300 7358109 4987254 -121198 478359 186148 2382177 3017198 -737456 -3412648 3766252 -4495977 2845818 3639230 2713529 -2311898 2890413 -3814005 5824256 2096034 1593573 -1674835 5629018 4695054 701273 -138075 1147367 4467099 -1970530 -4345454 -1957193 -7164006 6126867 8328046 -5527241 -7264896 296965 -619927 -1111327 -1687688 3068705 1445997 -590870 627957 -1710347 -1297062 5551676 3031917 170121 -3128445 -2017421 -314930 8949841 2751071 -4500565 -104757 -2408403 -873713 -3351427 -6157509 2663096 5804426 1570425 1312559 267200 4153803 3155722 1761243 -8565535 -1859098 5873012 7928445 -248158 3449405 1343798 -8083879 2807306 3045850 2805025 5958513 -3372523 -4777167 1493638 2558717 -1522006 -6937851 -1627166 365931 2319751 -2132581 5119211 4574727 -514607 3467590 -4394754 -1988237 1246388 3260068 -7304661 -936931 1519310 -1784556 5137637 6342336 1465530 3419401 3583138 5977733 200748 4368363 3599324 -4135781 -688408 -1653203 4254313 -785458 -16318 7719702 -2904062 2758136 9556298 2753098 -574973 -422329 -4380130 -3755022 2875331 -347911 4984418 -2144907 -6662259 3002712 -1758200 -10927331 -4233865 -1975031 -4545120

Volume: 200
Time: 0.036805
