200
476 -837 179 -304 633 285 -455 203 -599 -557 -585 962 59 276 88 -388 -994 994 -369 -77 -935 271 -938 368 -913 132 401 -428 346 130 -404 -564 643 -792 -374 -948 232 263 673 -51 -426 -767 -583 -974 -45 397 -24 -606 -760 463 489 991 966 417 463 691 692 939 399 287 -701 -440 293 434 879 -958 271 517 531 848 376 946 -323 154 114 144 752 -317 -6 695 328 -598 108 965 -177 -770 -63 -78 -309 899 347 -166 -617 515 -204 441 -317 62 -907 897 224 -542 -572 999 -719 -804 71 822 654 -558 -180 586 58 -855 820 161 -562 -515 -512 -510 -912 -271 440 -276 -742 -28 -406 584 -3 712 -745 62 -409 450 668 -953 595 -483 -54 -740 930 -337 -366 586 950 310 -691 188 -349 90 54 971 288 -150 -180 -771 73 166 -272 -875 -558 -406 811 969 -634 486 259 71 407 60 -428 883 401 652 739 794 1 60 169 -192 441 -619 -281 452 169 531 433 652 -322 -433 499 624 -412 994 -449 804 540 -410 373 -303
903 -815 800 909 -734 251 653 -296 -11 -497 404 953 -888 775 -895 747 122 977 338 -685 -928 -744 324 -822 256 -683 -86 -907 -503 696 129 -489 48 165 889 -950 722 690 385 744 779 556 892 -531 -251 -957 -672 -638 -663 327 460 -360 -557 -549 -647 -123 -785 646 789 603 771 840 730 -708 855 -285 -882 -20 -943 -821 592 -566 906 -929 784 -773 222 843 657 -726 -932 203 778 18 -711 -783 80 -90 -443 -637 493 -72 -569 -386 329 -888 257 -900 207 -217 -391 -185 -45 -570 -58 -847 219 -171 -587 799 455 887 -437 -646 186 -460 360 -430 710 -502 -388 755 -521 758 -449 -138 -855 -298 825 -751 -203 -63 -660 -371 -172 -173 -800 983 175 -513 -659 -176 882 -201 -302 -786 302 -242 -375 -272 42 -655 2 -64 804 -29 447 -110 599 -407 557 -704 -670 704 -309 508 394 347 921 808 -142 -293 665 634 931 -31 -465 318 -225 455 830 500 889 -302 -227 -98 -982 642 -665 -21 695 225 -650 10 -734 -691 468 177 414 842
499 627 -406 -521 870 888 880 -878 -120 -542 -785 169 92 -643 -654 750 778 -847 -654 -948 -339 -794 -34 942 572 -376 -645 632 827 732 504 947 769 -255 888 657 -475 -352 606 170 -828 -201 183 -665 -623 -130 -1000 -344 222 -846 -649 276 643 687 775 -1000 -804 279 -87 536 140 211 -172 371 34 541 544 474 322 366 433 -692 816 630 -71 -582 969 -434 -216 336 -603 -880 483 -415 169 804 461 -55 -51 930 -773 585 -149 -369 -459 -972 -659 -608 514 41 770 651 185 537 416 -556 -623 961 -822 -714 693 -503 -444 -68 40 283 200 -578 646 -495 -454 -167 -958 209 -323 132 -248 -111 -328 472 780 941 452 -202 912 -395 675 880 19 -35 555 -241 -177 -246 748 717 534 -19 866 365 955 -281 791 -186 -559 -355 -287 111 545 446 145 259 987 214 351 -301 314 94 -798 293 -52 -1 -125 382 619 -349 309 96 963 117 555 646 -799 -911 701 563 916 -998 -75 866 -708 -371 -953 -491 -944 872 -221 297 558 -811
-918 344 -210 -11 58 795 -122 3 -133 550 505 -685 821 888 -989 -868 -892 -42 432 841 877 402 488 156 -338 -187 732 509 894 273 120 928 261 -793 325 -150 365 124 -398 50 -654 -638 54 378 -380 -918 97 558 -569 -719 -745 658 -22 118 695 804 -281 144 637 -505 869 -226 -486 -19 463 4 -988 222 -762 163 -898 -952 -903 658 -426 -297 -912 335 926 -142 -881 288 -474 -468 -879 816 958 179 -765 -987 -566 20 -674 678 183 -859 605 -467 234 -951 -235 -395 681 320 86 945 269 -689 -298 251 -337 -171 840 671 912 -445 456 -435 576 411 -626 -633 841 -357 927 783 -783 757 746 -372 -915 952 -496 868 -348 296 -386 669 615 -44 -50 -963 -137 -684 -393 198 240 -450 715 -708 -726 538 -512 41 818 -430 -922 -129 -304 404 501 -914 282 -821 -58 468 -798 780 -562 -393 860 277 -412 -119 57 -203 -934 296 956 322 548 -44 -337 401 952 123 -636 -502 -186 293 526 460 -994 437 35 -872 843 -262 711 438
367 577 -267 -43 508 864 -737 825 -539 -409 -769 -561 -126 -384 -145 289 -16 315 -806 -606 -571 -327 -6 -891 824 945 -447 834 676 -834 -977 654 689 756 -683 659 906 -603 201 -943 -273 514 -472 -203 -580 174 281 -672 707 835 47 -395 501 826 17 212 776 -861 77 143 941 562 -514 311 895 -317 -556 758 764 544 631 -107 361 -711 827 -299 895 -639 812 602 -569 721 -676 -638 -608 37 -723 -447 877 -234 -568 221 76 -623 407 818 -73 484 614 -12 -577 4 -565 -770 502 247 -27 -530 -129 559 27 499 -373 -346 307 272 -999 610 -677 349 784 614 481 13 799 -919 -959 -393 -310 150 379 95 -596 -935 35 228 -101 -115 611 -296 341 -658 557 -120 -217 -700 458 -739 528 351 -570 966 447 488 -930 932 -882 957 -711 -80 -207 -272 -226 926 662 833 570 380 -924 824 -96 -845 627 608 956 -175 -252 505 -153 -889 503 593 404 -175 408 -284 -314 -221 568 754 -930 -995 792 653 -610 -513 868 709 459 -683
56 -341 897 123 373 930 687 -60 -127 -269 873 -391 638 -614 20 520 -858 -836 -780 -184 835 -613 -346 695 928 827 398 -415 575 -344 766 21 614 -200 -381 -232 700 -272 719 -150 90 -561 -938 -525 865 986 -769 -199 -234 916 -914 -808 976 808 -170 -331 507 -643 -441 569 134 875 -826 -916 -108 931 821 -599 168 -573 159 796 -517 219 640 804 -29 262 19 -963 810 -137 -383 306 314 516 793 -729 -403 325 694 -678 136 -751 358 -999 947 508 -537 -80 669 -621 819 968 -826 -737 123 954 97 -157 -649 -877 984 -292 -824 599 -638 -823 -169 592 485 686 239 -801 249 -899 -105 -395 988 507 -617 188 646 -134 746 413 48 229 777 700 954 152 -362 -278 -363 -287 108 214 -571 770 -289 87 -895 -717 -913 407 808 -882 -620 532 -79 99 -434 -348 155 -847 -818 -24 937 -298 17 849 91 -609 -259 438 -153 -377 2 188 474 96 130 440 -92 202 -924 916 -848 560 749 -383 -892 -550 829 347 26 -832 373 119
224 -217 -99 175 20 31 -409 430 882 -947 48 674 982 987 425 -799 979 -807 782 863 668 -330 818 66 -642 301 997 805 -870 396 -689 -743 789 565 50 -301 -389 -684 564 -376 -410 -604 -549 275 -203 836 -429 617 417 399 -327 34 -512 633 248 596 -591 -252 -178 521 743 359 683 -57 190 841 853 27 588 -682 95 -627 -361 74 -563 -213 -350 959 -517 595 793 911 195 -645 -318 812 -665 748 816 -580 -342 -626 554 269 -314 509 794 179 -387 -718 -602 224 -826 -854 -510 -46 810 -174 -114 368 193 623 -369 631 232 417 -850 523 831 436 -58 -147 572 644 107 928 -603 -325 353 124 845 807 -276 -435 21 103 -192 -526 -847 -946 -305 543 281 763 133 257 257 999 -905 -91 -392 6 12 -43 172 356 722 -44 -971 111 809 -539 -514 -76 500 -668 -429 683 -338 416 856 628 327 457 -79 -849 666 -487 -568 353 862 614 681 18 -34 -421 -801 687 654 197 184 -247 -884 840 411 523 915 -366 916 535
-783 -786 -593 147 710 -714 -409 82 -541 -861 -385 -455 -138 -157 577 731 -967 -917 340 226 -631 -138 -115 -662 -546 -902 411 118 -258 -487 121 -266 741 783 -902 -573 -868 752 -53 -267 257 -1 -136 198 -848 -692 868 256 -582 -941 143 671 -420 863 302 752 -429 -635 -912 388 862 -490 -822 221 -470 -277 487 -753 403 -993 -60 -602 -828 -348 745 209 -176 -74 -881 4 -192 606 -308 -908 -487 921 -743 -611 -566 -119 -257 170 -449 721 179 -524 607 520 -474 464 870 282 672 896 -175 429 941 663 140 922 3 74 -888 -260 480 200 349 701 566 312 -414 960 -474 260 900 -818 -38 -244 391 -874 -752 -381 -603 -122 104 266 501 -272 -998 -647 553 -224 227 -5 -788 134 62 23 464 -962 -133 143 -550 838 -225 -76 615 -484 959 -203 -581 -263 -806 781 -997 332 305 -957 925 433 394 109 -232 -964 332 -228 488 443 66 308 -415 -440 670 -126 294 -78 374 97 -818 980 -767 -500 -28 501 -541 354 595 -232 319 -885
-159 200 855 709 393 115 235 -2 771 -723 205 -169 654 -459 -726 168 720 -791 794 399 123 513 793 -969 -940 492 114 -969 853 -860 -706 10 586 537 509 683 -788 257 -456 85 659 -320 213 -31 622 -638 182 -133 825 -958 -546 104 -464 539 -374 -199 -461 283 -681 -23 261 971 852 670 -60 211 554 879 611 -539 764 319 -950 -577 -222 -588 953 207 -369 857 868 -695 -982 -619 -815 463 -204 -793 434 583 106 241 797 871 303 -25 646 -302 645 -717 121 -191 -157 587 -170 -817 768 274 -610 -809 -316 -191 -39 230 742 -907 776 432 -342 -956 -827 217 228 622 -202 412 656 805 162 -483 -127 -806 451 99 -416 -691 492 -162 102 -621 -781 -804 -129 -122 381 -586 291 243 -69 -154 74 -852 -615 -387 480 -331 -130 285 213 459 -702 144 -439 482 171 8 -664 -673 38 -113 785 -501 -698 -64 -416 -516 962 -985 459 395 -358 -932 568 807 275 -610 483 5 377 -474 -330 874 696 -903 -112 -318 219 -724 251 -729
891 232 -667 -94 341 147 -747 62 -972 979 -46 -287 -836 -774 -260 817 -681 -753 -328 561 656 531 475 617 519 -759 311 350 162 247 704 -826 588 208 384 -736 302 48 235 699 961 513 949 365 256 -117 635 -738 779 -234 -188 987 -918 450 672 -877 12 -472 -509 476 -7 -98 -882 287 -499 595 927 -550 -116 958 -654 518 -587 906 -189 410 868 -199 82 747 -996 262 295 -902 325 -157 -425 -937 202 -388 112 802 91 921 588 295 172 -135 -488 554 -306 287 -877 60 -669 765 -626 864 667 -321 932 471 -491 366 -897 889 390 445 -975 -292 -293 -974 986 -556 177 564 454 686 192 -579 -496 -924 96 706 -516 -343 768 -235 -50 27 -729 283 -395 607 -151 249 468 -482 974 -949 478 303 -488 151 -540 119 848 -320 984 -441 984 846 293 767 -964 994 -474 -412 -31 51 -838 -636 -264 641 -86 -557 -335 -942 350 461 -170 282 170 331 325 -164 -190 -237 -51 923 867 367 -849 -144 66 130 -482 -371 -412 -405
527 -255 979 337 62 817 -308 992 676 593 579 -278 633 306 -880 775 -819 -683 798 75 280 779 664 -840 397 -361 -177 -691 285 803 316 -371 -855 423 762 887 -283 710 -809 -856 466 601 -327 402 451 -247 529 -586 -471 918 351 -995 223 -596 -972 -979 904 -544 58 -485 559 -848 -575 -691 -782 41 -235 -93 479 148 -444 -259 -129 420 -394 -105 -760 310 -535 88 -933 300 -894 749 98 -451 -457 88 859 -970 -534 -748 -109 -834 505 239 -755 195 -303 357 -718 -491 60 162 -698 8 -906 -278 969 -557 -812 374 610 591 206 -967 -637 221 883 -948 633 251 -666 -735 -477 -893 -909 692 515 -880 892 35 690 -296 190 57 -165 805 140 515 673 -739 739 -668 244 993 -175 -460 869 518 838 -373 -745 -111 -837 683 627 235 -502 592 -954 -111 868 -896 -934 733 284 197 -204 554 983 -421 -668 755 646 -839 -558 611 828 103 -462 931 650 508 -382 495 -666 -893 437 -46 510 281 20 -986 -243 -376 -796 989 215 42
-93 499 989 24 876 -715 -392 -125 -78 -743 -714 971 858 822 456 -54 -650 650 899 538 429 -408 985 -288 324 873 524 -48 56 545 620 919 -670 623 -940 760 262 -820 -971 913 -78 -562 143 -239 465 -424 331 603 -104 -399 544 182 -301 899 -419 287 -976 350 406 -380 610 -886 -21 177 569 177 -631 900 184 -932 -322 428 -274 -424 -410 624 -318 216 -619 -26 -33 -904 -27 226 221 -469 135 124 -849 47 518 911 -247 371 468 -180 848 906 40 580 692 -4 421 -275 648 -973 -707 -938 -300 -284 868 284 -215 861 -834 -286 -894 640 -343 -401 925 184 245 663 -966 -212 499 -482 -359 620 -759 946 456 423 187 260 800 81 731 13 275 759 963 501 235 -35 -249 -66 -730 -836 432 873 372 -790 -695 721 -720 -320 351 794 -896 -557 -345 -746 -833 -42 -994 248 -77 361 -295 -85 -112 825 531 -137 -979 544 495 969 925 520 -33 913 968 929 -153 945 65 260 -141 -562 -974 -653 -549 -72 427 142 706 -201
10 -844 -582 582 -749 -637 226 -353 -127 -829 669 335 836 -264 -269 971 563 839 -959 544 -867 -659 -288 -3 718 230 -157 -687 829 -21 -229 249 -298 747 713 962 67 -591 -849 977 640 -441 -133 815 -719 -545 684 -821 -283 542 -284 -488 819 -293 83 445 554 -442 50 45 -968 450 274 89 -669 -232 608 517 980 236 -500 551 -148 36 -110 -740 -628 933 -875 -117 -217 -766 -504 -490 -18 -709 -743 102 -701 170 -25 -98 885 -715 -809 -151 -402 165 829 -52 486 -246 984 -805 920 780 1 -76 -170 -40 498 461 -844 -453 67 -212 -201 291 836 -293 817 -915 251 602 -763 -558 163 -20 722 -787 -896 -950 576 144 -797 97 961 608 -854 -932 82 455 635 336 -468 244 -213 700 552 989 -255 -332 453 -96 -860 389 -957 -566 -155 -753 439 -451 -273 -228 451 537 627 -842 -12 -167 -811 -746 -378 -527 -851 -667 -306 273 -785 -894 938 335 571 -704 -943 975 700 -521 -588 795 -363 172 -540 -132 -943 353 -41 544 450 806
-399 880 596 79 528 444 810 899 -361 672 -600 -716 -803 64 845 -601 137 204 -435 -384 684 -927 -734 91 817 -367 -808 692 120 -800 -66 738 650 -162 720 -444 190 -6 445 -900 244 711 814 827 -529 -347 -440 335 -783 -621 959 711 -585 873 -615 -451 -800 -970 -974 -766 -424 -476 -796 -947 563 -780 751 -94 777 -332 549 -37 -380 -706 796 -297 818 643 846 725 850 -370 -361 417 -345 120 574 773 -423 -15 -394 -221 591 -738 267 -624 -573 543 628 425 411 749 -357 607 -911 694 -892 -372 665 -718 -894 -119 750 -774 -761 549 48 628 454 638 248 -223 -654 237 796 -939 644 -590 -697 809 -946 952 -715 26 519 277 -794 -181 -213 694 158 748 -142 -836 -233 96 -325 -748 -828 -281 853 -755 195 -160 -987 -101 927 212 96 204 -452 886 991 569 -95 805 -774 871 -636 -161 869 431 690 -891 -777 -6 430 -935 592 44 -758 -657 -381 -3 -455 -88 425 484 536 288 -732 -338 607 -774 -603 857 -752 -976 -179 79
660 -223 -975 193 711 -6 69 -439 -388 36 -3 -655 813 368 978 770 -709 -431 153 833 453 -736 -596 928 -349 722 231 381 -862 874 336 -638 78 904 9 262 795 -699 317 -173 163 566 -356 -736 -406 -238 -256 -518 189 -367 463 194 -246 -99 629 296 667 830 -988 -978 429 461 -768 -182 -931 -724 -306 -255 -214 -69 -786 -751 619 250 -148 -577 90 -98 -713 521 -68 -548 -788 690 -848 -299 705 335 -690 -318 -432 766 -186 733 -366 -870 442 -477 -600 -704 -83 263 -831 578 830 754 902 209 -842 791 -88 101 -608 -516 -465 482 516 428 872 585 -653 205 963 918 -63 321 -644 -540 263 -468 407 596 381 994 225 555 -109 35 -731 822 -929 -296 244 472 -144 -150 -413 182 -82 933 647 401 480 204 13 465 -594 486 614 16 242 47 810 818 12 -54 60 86 365 59 -35 -677 -57 861 -390 968 195 -843 -603 541 296 753 -201 -751 159 -383 621 280 379 442 -91 357 18 644 -151 966 -890 -657 537 33
-698 472 -35 35 394 -145 -383 -389 -671 -301 406 101 379 60 812 -940 -297 355 -74 -163 -135 514 -898 326 -459 -321 93 -994 -935 328 209 696 -437 120 35 906 -451 961 -341 792 217 -388 -261 961 588 784 958 32 -828 184 839 -193 295 -125 -623 520 -641 358 -262 922 7 803 58 -285 -695 -801 -546 -4 553 282 -106 151 159 -347 449 406 382 -707 214 -373 625 -472 -432 -482 -471 -290 -103 -96 200 -243 -912 995 -104 105 -694 -208 -659 869 542 511 150 -743 -173 -576 -542 128 323 947 219 971 -160 24 411 459 -917 -374 614 848 206 -521 118 121 -669 -93 752 -641 -44 -797 374 -74 625 -27 366 -536 94 694 971 -302 139 -698 12 441 250 279 -504 -199 -362 73 518 -222 -230 958 359 -243 -437 49 -657 84 793 -456 -216 -714 426 -97 95 -218 -843 299 984 -257 170 -498 -566 -419 391 -743 478 -91 401 -259 469 -27 -58 39 524 858 512 -752 -481 -63 -334 168 380 -350 556 -771 -157 630 126 828
850 -231 363 -731 -233 729 -337 609 66 120 -483 -283 833 145 -973 -659 844 -793 926 176 688 217 2 293 844 971 672 799 113 297 -68 -238 -506 -117 813 337 -279 142 -853 -623 746 -429 455 -510 834 -273 574 937 -297 -841 -57 -250 670 -368 398 -4 -634 37 -528 953 853 634 948 28 -417 456 198 -496 309 -578 578 478 683 393 -926 228 -295 619 820 959 -61 841 -571 438 92 -959 -414 811 863 -401 488 -770 -810 245 495 231 501 202 -424 12 -730 26 -308 -141 831 -126 -460 85 -555 240 -206 313 370 -523 -875 -741 -383 491 193 -365 -155 342 665 989 444 359 11 -949 246 -913 -474 -490 850 -397 763 746 499 221 444 47 -463 51 440 -11 -848 -385 -681 -610 321 442 -137 897 -241 716 260 235 -175 582 142 -161 -742 -563 -465 527 -969 -883 100 908 -20 306 -264 411 331 -939 191 -22 168 691 -568 381 -67 -362 -580 524 333 -480 281 -801 614 -456 -800 211 150 967 624 -905 -77 765 -740 -59
-747 -74 -874 -592 -129 -903 -811 -718 597 -498 11 377 -363 -826 -580 373 -556 837 102 -132 -600 27 -144 -469 -361 -644 -123 738 175 -386 -122 -956 504 283 -575 -83 29 795 981 84 425 -24 801 512 13 -416 -274 617 913 -17 0 775 -149 153 287 -583 653 -618 499 -881 -817 -730 -648 771 170 -557 -873 -184 -232 -688 836 949 -131 -915 -158 290 -280 739 -103 -703 655 352 55 670 -73 336 -304 587 -988 -438 12 -159 713 -820 53 -280 -316 -520 175 884 105 135 726 -394 -301 -936 -644 -467 -758 816 267 246 425 201 826 -457 -57 -966 462 -53 -304 178 935 -149 -313 473 174 -824 6 -739 -559 791 172 763 242 639 -529 -847 334 974 559 -863 244 -468 579 -449 -769 434 -141 -841 52 462 832 610 511 -16 -43 -773 105 348 157 748 -85 519 -626 -471 747 39 -851 220 -385 605 -143 467 783 60 -617 326 -576 237 -933 -16 -242 -542 594 406 809 -724 261 -45 28 209 -481 -389 729 203 -293 840 -851 985
-105 97 203 241 914 -477 -145 -728 -269 -68 -863 850 -205 606 503 -522 -119 549 -779 889 602 654 785 999 649 -37 69 -892 571 -796 816 375 -940 -409 637 -417 -488 29 -652 953 714 871 495 -596 763 936 -134 -752 847 648 503 354 -739 -186 -972 -780 -224 648 298 504 -307 98 449 -27 657 -93 116 -150 -488 -706 850 604 -633 290 66 -504 506 645 -820 169 -817 59 53 17 20 -769 69 379 728 327 943 499 923 -116 -492 -246 -243 -230 -598 -563 -348 899 -562 -433 246 -408 -414 -66 -729 -827 -830 987 652 -84 16 -294 536 -565 -209 -245 302 -210 6 785 689 -274 -166 -791 -326 563 -190 777 779 897 -776 814 384 973 -520 -164 -113 -192 -567 -766 -217 -930 316 156 -358 540 458 -628 852 -899 -93 -281 694 -76 -725 -33 -730 562 463 500 -953 -792 -218 -739 215 641 127 -748 -182 -973 -885 763 -989 -733 34 673 615 255 626 -265 -660 -733 426 962 373 -97 -648 168 331 564 811 -431 -755 953 -868 -922
3 -717 287 363 329 463 660 187 -37 182 -979 -57 -922 864 -213 870 984 -925 853 -780 45 -765 102 -722 984 -307 -40 493 567 -541 827 -521 59 896 -377 716 -48 416 697 -553 -282 -984 999 -789 -24 -39 740 363 -606 334 -683 303 33 283 -538 1 -711 611 230 797 647 658 -518 745 562 -395 370 -678 -268 378 -352 -296 383 31 -887 473 -874 138 -511 -991 501 562 486 -427 -455 -318 -720 74 -817 68 -842 723 -353 485 -728 -210 -354 -74 -856 677 -827 -853 274 -544 825 -73 -949 -135 -726 -850 468 841 790 775 -175 -844 -661 728 -493 911 603 251 202 -149 839 91 814 644 893 -857 -316 52 482 -379 396 734 -811 431 233 792 457 -357 -176 943 8 727 698 8 -984 -391 -86 -558 976 -468 -220 46 -305 699 -369 217 -628 182 -853 -508 -697 -104 -43 -188 671 -927 -186 -873 97 -719 -971 -392 586 -834 -968 576 -659 93 -590 587 -428 340 -85 -865 154 -733 678 -71 826 -345 682 -943 858 -994 345 -192
-706 -233 243 -918 55 130 -69 208 156 -143 993 980 40 -948 753 -973 857 -755 195 912 780 -201 780 533 -228 -71 671 -669 918 -253 697 343 -588 -807 -744 671 976 -970 -863 -194 -933 383 -123 -853 -816 -303 -809 -252 342 -151 382 -479 874 930 648 190 514 -755 879 846 -193 102 91 587 -556 578 -481 626 659 678 -295 562 397 -598 746 956 974 233 -124 582 -577 442 859 961 676 -720 430 775 679 -24 641 -220 890 965 98 -615 272 270 -267 -218 699 910 449 -388 418 472 195 421 113 596 -999 -35 -169 933 -330 296 955 13 182 -671 -864 154 931 677 798 -207 928 288 -805 610 490 -376 -26 611 -437 541 853 -327 -735 -74 -192 964 -299 -820 -911 -523 234 -830 843 872 486 156 686 -447 351 50 -133 -758 -169 -205 562 277 -179 311 -610 935 -748 35 896 832 -853 -111 970 548 -573 516 186 -301 -394 965 289 589 -414 862 627 -371 -315 43 37 380 -562 -215 46 -857 -262 -471 -485 742 454 745
-573 -637 923 583 874 463 748 966 -242 -864 -221 53 -97 -627 308 -985 319 376 -391 797 -612 256 -620 -939 583 -263 398 938 594 -485 132 951 -276 493 650 549 -932 -922 -465 -71 82 579 982 917 -210 382 77 526 586 826 691 -85 -461 564 -676 -353 182 721 -534 137 343 475 78 -341 916 -529 -118 -286 -286 288 769 -690 -967 -268 100 -290 736 870 -904 812 -385 609 470 -770 -697 -437 -720 -334 -59 492 971 994 806 485 -494 -312 -461 -275 -744 385 -764 567 -461 229 -828 309 -692 634 -683 -565 -518 -535 816 -796 786 608 876 -242 -949 589 -155 -248 -43 646 -570 226 345 -730 -517 575 928 -355 -760 531 395 588 757 -938 750 -460 -661 -415 918 -102 -140 833 876 -849 -316 337 140 -800 -92 125 -503 -859 383 -784 -560 688 -312 27 925 81 -327 976 -798 660 -697 -902 904 -691 561 -110 512 40 2 -722 -329 -384 -970 834 831 170 -476 -268 -604 565 -375 -605 444 142 683 -960 272 -638 -413 183 484 527
-126 -731 579 347 -868 -23 -607 255 340 -86 -100 -403 975 -995 782 -246 783 363 843 -638 -77 635 533 80 -684 -387 -667 -686 -439 598 660 -580 -900 -415 -543 41 -496 -784 505 -422 465 -131 -179 438 786 -702 699 227 -995 -92 -18 769 343 686 -280 -640 938 654 -15 865 716 -924 -341 263 417 -840 -839 -705 -3 -382 541 659 -635 708 127 -399 284 -604 -892 327 -10 266 -119 -473 -998 331 215 342 405 819 17 92 -673 -972 615 -245 512 431 688 -638 334 -608 444 185 -135 -654 -626 703 -834 852 542 -122 -510 -974 91 786 -521 591 -390 -797 -25 249 -158 -529 -466 992 247 -415 314 721 -952 -847 458 84 161 -355 -452 267 34 -678 440 -17 82 -698 -169 -805 290 352 -332 485 -877 40 385 845 359 -21 -266 748 294 -21 -945 -853 347 490 -986 487 -442 958 -440 -991 -39 -990 468 705 -93 -596 -390 -379 556 660 -997 -92 -944 769 9 -988 -406 -307 -895 -4 524 431 364 255 959 849 57 -585 -299 850
245 223 -107 590 547 -53 -663 794 849 344 911 592 167 194 -520 -77 576 -447 -361 105 -147 -697 397 -454 -351 665 -185 -853 -240 -496 -550 -130 -19 42 969 -909 -343 -503 77 -816 -684 439 679 -788 597 -782 -291 148 -275 542 -467 412 -634 -320 -926 -16 583 385 393 934 379 -310 -289 -201 753 -501 -62 -175 141 -949 93 813 669 107 -746 309 43 -18 -742 -983 -421 573 -353 -718 -569 984 814 877 43 -78 148 980 -225 78 364 -443 -709 -497 521 878 562 500 957 579 -614 -920 16 -909 -20 26 554 512 51 -822 388 285 -23 777 -172 325 -586 -547 -874 642 489 115 -873 33 -712 -348 528 -830 -908 983 -403 351 -725 -447 -404 -146 -164 -358 754 -485 418 -375 298 621 -706 -602 -922 -948 857 505 398 -35 494 -943 249 -993 8 755 562 -652 327 266 -262 283 -334 -974 994 707 583 381 404 142 1 908 -501 274 -491 -349 576 577 30 664 254 -910 -623 -6 135 -644 -300 494 -126 831 287 772 -657 563
-490 -144 -837 -686 113 613 442 668 260 178 -534 -16 484 696 639 -316 -905 812 623 511 80 394 -344 752 -485 850 -483 191 564 639 -993 526 -472 -447 -656 11 -2 149 -426 183 -287 -479 -842 -752 77 -405 714 -371 -157 73 -324 443 636 -552 51 457 -215 708 831 702 -221 125 792 -541 398 789 -824 118 -47 -303 -824 -527 -673 -537 -26 -191 326 767 -79 739 626 -300 -568 -243 956 -318 -758 623 -16 -123 -183 -386 -490 -322 -67 87 -929 265 139 672 -189 204 150 543 503 355 -211 -974 446 -996 701 759 158 -133 -535 -980 884 203 123 -975 944 -191 -57 -173 -208 826 -837 97 -175 -772 -565 949 937 -946 -614 -227 -606 -674 678 -257 603 -488 -101 614 -30 768 281 757 66 -315 -687 962 -754 -988 477 -250 -583 587 300 -26 -582 -169 -407 337 -308 362 708 195 -53 980 -370 -811 -931 -826 -70 142 -496 -394 350 -604 -828 -231 -785 -656 224 684 -730 378 -952 -777 -376 -235 -660 -810 891 -837 -448 402 939 760
923 -58 122 15 -420 54 861 158 628 180 -406 343 58 -594 238 725 403 -220 -484 504 390 584 245 649 278 -741 -891 -23 -195 784 835 175 394 437 64 459 -764 17 -424 396 -959 512 570 171 588 -824 675 171 -396 102 748 221 869 -408 -514 -521 -121 966 -321 215 -766 -580 771 227 -515 -538 -637 446 -860 -233 280 -539 384 627 203 885 -439 -950 863 957 -454 -647 -737 -314 701 -556 530 -68 -490 -165 -517 -516 -262 -864 234 -84 660 820 986 -513 644 -515 314 -513 596 705 -651 492 -569 -754 430 141 362 208 -899 -722 922 994 287 313 -962 -302 273 -602 -795 56 922 -899 427 559 -515 -445 448 384 87 -461 -624 484 -645 -334 -550 -774 894 152 701 -144 -993 -954 176 -970 -60 477 249 -237 815 677 355 366 -421 803 749 -250 -635 520 75 872 -138 -101 -907 253 -381 191 194 -176 -95 74 -89 -504 -688 423 870 78 948 84 -552 270 156 225 -560 -384 -395 737 -674 -93 591 -457 814 491 -148 -604
914 -983 -726 239 98 172 787 -595 -553 265 -371 -315 863 -362 339 -727 -759 822 731 588 266 -613 -863 504 537 894 -241 -965 691 853 456 668 -748 977 -239 -930 -282 -621 -985 721 446 -329 -21 791 400 -692 754 187 690 -186 645 -915 681 -972 71 -445 998 -439 592 -440 -372 -290 692 638 -598 199 -968 -820 -436 312 589 622 386 293 -210 771 348 371 440 -966 -156 -328 -61 53 913 -101 -409 341 777 236 -783 -895 550 -506 132 65 -812 467 -3 -411 61 797 932 81 -836 634 -71 -342 815 -259 -588 50 962 287 913 509 -409 811 875 130 -181 423 -295 -584 324 885 570 -162 -602 834 655 -590 -663 738 -246 -766 390 359 -402 808 133 -559 -976 -286 -948 18 553 -346 107 -354 -919 -621 748 556 -563 -529 964 -614 944 -112 903 -35 127 873 -838 -45 739 569 -134 -404 239 -983 -780 518 -331 220 -174 -47 -161 -164 -66 116 97 -972 674 751 -283 -754 -340 978 244 -326 859 263 904 -57 -379 525 375 -993
-183 36 298 -173 795 113 -109 692 227 -87 570 725 -606 472 483 -173 -740 785 -195 47 409 -687 793 494 180 -422 409 781 204 -894 844 211 -668 -495 221 47 112 -346 80 391 309 -147 10 55 -918 344 -287 -111 -615 649 -296 48 605 -660 392 -882 -494 -127 578 -901 442 -65 -982 -320 -446 211 638 534 315 320 -27 172 -139 755 -446 -780 409 783 -50 633 -259 586 -776 -760 43 242 -305 -410 -666 -816 353 -208 785 750 -795 -49 -927 785 307 794 -234 -754 -564 -354 -227 364 -757 257 556 659 -982 -166 -583 120 -299 714 746 745 366 -689 -312 771 705 -265 -565 95 -349 478 955 240 -313 -818 -665 -671 -667 445 932 110 -804 273 503 -728 939 -754 -240 -225 -424 506 210 167 -32 -50 818 -647 757 411 -345 -362 -266 -764 856 75 -224 683 -922 -65 -184 330 -590 306 -280 -648 438 -781 -664 752 861 -901 -568 -945 755 264 700 -138 -91 -42 242 -303 -710 -210 85 452 -905 932 -707 -952 -51 612 -644 -971
-874 775 -33 -151 -249 -247 509 113 -301 -71 -903 380 -413 771 480 -762 -772 -820 101 -24 -101 575 413 -922 513 -932 -229 -369 -670 -642 -941 -846 -713 423 693 418 -871 328 960 -159 -442 552 396 -578 -882 858 -86 -460 587 980 771 -937 757 21 -262 223 -82 362 -137 -26 -557 -371 797 515 -399 -437 394 757 -789 -84 -513 529 -899 271 215 474 -768 377 -448 401 -446 881 -228 897 -354 975 -934 740 684 408 -639 -582 -403 58 434 27 -99 -643 55 115 -655 -430 641 -333 -653 524 -77 262 -631 550 -793 -363 -999 487 -248 991 -443 -362 -406 -576 -492 138 -559 512 -516 -731 942 -41 332 972 865 -473 -712 120 -253 -460 -551 409 88 388 -336 873 -662 -966 -789 816 368 -50 587 -926 -322 -803 -974 -612 514 -876 -64 -300 -359 577 -385 -346 -79 -484 -224 26 588 -519 730 -12 -463 869 -83 936 0 49 -861 -472 213 459 -794 256 298 145 979 -235 -458 461 -545 -289 -645 285 514 -507 -85 171 477 -160 940 374
411 -725 -547 -941 -723 884 -351 256 -493 -889 516 -385 501 -649 -277 -574 416 -83 -399 745 780 -776 94 336 82 269 289 873 -861 255 -613 -905 -180 514 228 46 -105 -534 100 560 313 -952 172 98 -171 -130 938 -408 -695 -456 735 -177 364 23 -675 -918 617 -175 320 -342 492 -473 946 -568 -765 167 865 7 196 -151 739 161 23 948 -114 -556 444 -34 155 208 155 -143 673 -755 517 668 -839 145 -363 -532 -871 -21 -351 -380 -997 -260 -875 544 -393 -641 940 665 108 36 138 -503 260 -731 882 -257 -692 588 -957 -446 886 -511 608 -171 -596 -824 920 -693 -19 814 -922 789 -723 -974 577 -273 -48 -93 -228 458 402 854 749 -982 -520 -183 750 709 442 -872 -902 -805 -363 148 123 -961 883 885 983 663 293 260 257 428 193 -573 817 -119 -565 739 606 -212 1 -415 -323 69 -915 -187 -705 353 518 272 170 579 -132 285 238 -225 -872 453 852 868 846 779 438 -930 -654 -362 -940 -958 843 280 673 192 -767 -907
373 -919 662 511 -5 -865 -461 220 18 -509 893 -729 -454 806 -559 -966 -960 806 -226 -826 420 -887 -547 137 -371 -975 826 -901 -103 -205 -290 -842 756 -217 961 260 325 406 714 403 537 81 158 -980 -517 148 61 470 474 -36 625 -798 554 -797 -679 -958 647 -488 237 -339 -312 -823 -754 -121 870 -601 713 284 479 -965 926 -412 985 323 77 988 51 706 905 -491 -715 773 919 636 -520 182 -216 819 846 -111 816 337 113 -226 392 953 -602 -178 -496 -629 -820 -698 -989 -863 -360 -746 -225 -378 -885 -882 -70 472 -820 336 -303 -910 -982 131 -578 -405 901 -182 -812 -150 -836 287 554 796 465 -285 -918 620 -792 195 -857 -495 118 11 -714 -900 -241 56 -837 374 626 787 -787 -724 801 493 -290 632 -828 -415 -32 368 4 88 19 108 978 -98 -400 496 379 -336 346 478 -304 -15 -226 163 920 -339 -453 -665 944 -972 -213 -384 -223 -639 -456 319 -829 72 -593 -900 916 -774 985 133 331 -872 -598 -950 -230 81 -961 213
-679 779 357 -233 265 388 -459 -445 982 -777 433 -291 480 -657 907 -265 -911 300 -371 -732 -959 874 591 77 -731 487 -225 356 420 953 159 241 -41 -578 -327 894 768 450 698 352 -921 -599 482 485 678 -907 -183 974 -348 -214 -80 -819 807 -878 -88 -661 834 926 726 726 364 909 -585 -904 -364 -672 134 965 -124 -230 811 -785 -752 -487 -960 -750 621 450 -222 -643 -10 -800 710 -872 451 -169 -334 -622 513 936 -288 105 349 -905 -57 831 -916 -161 383 800 -604 -441 606 -834 -987 -796 -450 183 -203 -975 175 -87 119 -112 -376 -871 -326 530 -880 -524 -662 52 75 -942 -284 53 -93 636 -958 38 933 795 -723 -220 642 842 170 213 -481 592 764 -472 866 377 -366 -253 -792 -787 -310 935 -593 -567 -784 -649 632 411 547 858 8 -44 -400 139 391 -27 108 -468 467 -999 -774 -723 789 628 809 626 480 -956 -995 273 170 181 -682 -789 -230 -640 -66 -97 684 -706 554 660 -397 120 -314 -597 -502 773 641 -398 253 -901
-598 -452 622 -189 22 104 -28 479 903 -698 11 -122 -221 -282 929 214 -951 621 438 -721 -593 -835 -973 568 144 232 -376 290 -107 243 -371 -454 -475 374 -267 546 383 -356 -12 896 657 -833 472 -443 -743 727 -414 -426 483 896 -498 -839 876 129 844 -900 962 -728 -918 154 375 -656 -398 404 -572 924 -213 321 262 78 -220 -528 783 -118 22 -505 774 -25 510 -857 -269 863 81 -48 -12 403 -724 -277 -543 655 -580 -349 -568 316 222 -259 -967 -169 388 -34 493 255 -402 -21 -345 -332 167 -431 946 720 193 360 -334 -516 -756 909 -548 534 752 -90 -948 -805 -681 -236 328 -141 74 -736 853 -76 -921 37 -886 -192 165 -833 322 -862 880 -834 264 -480 948 550 89 980 803 82 -665 96 196 -257 938 -3 -823 508 555 -329 -914 -402 -236 663 341 -849 -465 -207 127 -54 263 142 385 531 559 777 748 581 -337 -28 102 58 -768 -301 -559 470 -528 934 -164 435 -705 508 868 142 -263 -782 -295 142 403 -83 -29 62
-795 -389 698 21 625 781 671 407 647 -592 238 941 -444 426 -397 974 -798 -835 -285 205 149 -211 160 648 512 -518 501 -526 471 -423 -113 -188 -866 336 426 -12 -6 -57 839 294 -337 -648 553 581 -685 410 -308 382 4 228 -434 -146 833 579 -559 543 -244 991 228 -342 581 534 967 297 -381 -834 -162 56 -121 864 510 -135 -546 -439 718 -33 909 -796 -742 -884 183 -104 227 86 -830 543 -830 -42 121 -911 -762 754 493 789 189 194 -415 -735 593 521 -173 822 212 -922 -693 -922 -497 -415 -301 561 312 360 784 -791 -226 230 -918 -21 -41 915 -305 113 -402 357 -505 -609 400 680 667 413 945 -833 -209 489 -592 -704 445 291 -501 532 -296 -983 -944 -365 383 -245 617 702 -426 -510 852 680 -950 557 -774 -117 405 191 825 -312 -550 203 -534 -429 -516 551 -919 93 -143 950 -488 -995 959 544 292 -701 230 812 -813 653 -254 208 -285 -460 -67 871 -287 636 434 -887 229 837 -220 856 505 -820 271 -319 -763 -236
-705 -942 994 -683 -367 507 23 -824 -788 -632 -496 -574 -824 -933 63 227 155 -746 -594 -876 -354 -544 -265 55 -345 397 370 4 -223 -124 22 232 -408 862 -17 -884 775 -894 822 439 -227 -208 -81 50 515 -777 -79 -313 -659 -29 796 657 149 470 754 218 483 -4 -440 234 833 569 -468 265 -105 -908 -95 -100 -786 -331 -501 -389 -431 602 -768 236 -963 220 -111 -143 -708 -304 575 -864 -73 -901 -906 -93 395 501 -419 -405 158 711 594 539 94 -931 -426 -569 14 117 -768 -339 -585 -962 -512 -884 -337 589 -67 847 -476 520 -569 -882 -933 -401 -704 792 -537 -288 319 274 -514 -278 -30 557 -853 -491 51 305 -576 -970 916 168 -921 462 -629 -722 -341 -147 -801 -149 -85 -950 128 546 604 478 939 676 -19 974 -351 -490 -87 146 258 739 923 21 -665 -220 876 -70 -968 783 648 265 -997 545 136 -742 -651 -700 -903 607 530 259 238 -34 -393 -661 -221 -111 937 -53 544 -850 -969 335 -585 -48 167 -915 914 -673 -831 29
611 165 725 418 288 567 -642 -792 -605 -854 -355 -251 940 720 -650 -393 -767 -409 382 -14 -942 467 -368 973 939 544 356 700 -431 -550 533 -87 526 -440 -534 -911 101 544 -453 -871 432 -960 -364 -900 -325 353 526 508 869 -137 796 -277 729 -132 524 -523 489 239 287 960 91 -810 -430 -670 -837 205 -448 131 282 515 -624 -389 -102 -342 685 -650 959 -317 -550 -90 -911 -940 -662 -181 751 172 161 -744 -540 -717 115 -1 -528 475 -101 -485 638 830 -187 190 -750 -451 -680 862 888 -342 979 133 -289 595 -773 -994 -812 -583 6 583 157 734 -711 -781 -493 -700 997 298 605 -118 40 216 -890 -291 -466 -159 -398 238 -517 124 -974 938 -387 -202 -623 -440 -256 -240 912 -618 878 66 -764 -482 348 -976 -166 515 -121 -232 761 373 512 239 89 155 -467 627 416 -82 998 640 470 -761 679 188 684 156 -327 -22 126 152 -296 -426 585 -26 -130 639 978 -188 -320 757 -467 75 -912 -538 308 -257 -278 -97 -676 -869 96 -391
823 -710 -617 -32 956 -662 -889 -249 -47 64 412 -510 628 49 -521 -247 -579 -629 -670 324 932 26 -983 170 464 125 -794 -865 943 -308 -701 929 -914 -98 482 -971 444 866 -90 337 -382 610 -722 -554 186 249 -582 -530 -143 569 443 255 661 -45 -1000 956 -225 400 22 -46 -411 154 248 851 -412 219 -800 428 478 -289 -804 -558 155 -961 -719 -329 288 -497 584 276 -582 10 -994 668 37 195 515 -507 -981 -457 499 675 811 972 -942 -16 -113 341 -302 -357 493 462 217 804 -749 -577 -685 -565 303 988 -745 -482 600 87 864 -858 478 855 896 -424 975 276 -870 -518 -2 197 -465 400 546 466 444 -983 345 107 -274 672 927 -295 779 -679 661 -174 748 105 715 -396 -846 -255 137 60 56 791 778 443 611 -566 -593 -831 -144 339 -539 561 340 -624 899 959 -604 500 -290 -446 94 -179 883 -177 69 -901 -976 376 913 258 792 -209 -113 -119 37 946 916 356 -107 -535 445 -713 43 -490 -174 -50 531 -25 669 183
567 428 23 627 -305 164 -776 -908 225 -884 570 78 -360 279 199 -450 -298 269 737 312 196 -474 -444 -216 556 91 -840 -143 874 -450 -307 -668 -311 366 837 -195 -369 186 248 310 222 620 680 255 423 258 432 -434 383 -52 -379 -970 154 -156 -507 437 528 640 874 158 745 -347 -191 -40 173 740 -113 280 66 653 -519 -550 -992 814 285 -100 -900 3 -834 -265 355 569 19 487 448 356 -771 -760 -452 -621 -813 -455 168 363 854 -161 -620 505 -569 -329 28 729 157 -509 336 -59 852 -867 903 696 830 -94 -309 357 407 -873 -45 -518 -734 -329 -68 -441 968 193 374 322 -859 958 -309 -442 752 50 665 720 530 -985 -849 492 32 -504 -913 -493 -920 589 451 -980 897 735 -993 173 -244 624 106 -858 98 -684 640 560 108 -730 -249 553 -959 -605 -48 942 847 -540 -402 -832 -407 -308 575 485 406 423 -882 110 946 295 -691 70 -340 214 629 -906 247 -929 -709 -657 116 -860 -652 411 875 -930 -184 -212 -915 -421
950 -53 -486 767 -914 634 -437 512 961 -90 -73 171 332 -831 -978 -257 -926 36 -539 -860 329 301 907 738 401 -687 552 19 62 336 944 900 860 -429 697 -716 732 -236 314 -982 54 -490 127 -900 604 -768 577 -303 307 311 -233 9 -158 -148 -922 820 -626 -927 -473 139 331 499 138 591 -287 -719 365 -125 959 901 -465 313 -814 998 -91 -279 -868 512 533 -542 250 -472 570 374 468 932 -817 404 -616 118 869 460 39 330 -99 137 -306 854 742 -472 -345 -367 817 -299 -813 832 121 14 99 915 536 -487 382 -173 -415 -486 -972 -710 -476 -975 826 108 275 -335 -502 -87 403 -306 359 556 256 -903 924 -562 189 642 143 355 -112 406 948 598 273 -648 303 540 180 -471 -978 218 119 879 -941 44 -452 -465 277 263 -190 615 -795 57 218 -118 -918 238 350 -920 372 284 532 -219 922 -150 92 138 215 318 428 -201 440 -202 242 -49 139 385 -709 880 -789 -730 -728 -251 -335 366 -832 -913 -100 -77 896 -120
385 36 615 922 613 869 -266 145 -937 439 -352 984 -292 509 -91 -698 -131 -969 -171 -461 312 623 547 473 521 -172 738 458 713 -959 662 -536 349 -618 332 768 -330 146 -219 -145 91 613 -384 12 -818 46 441 55 421 -469 332 518 -217 -341 -361 -141 -689 -33 -787 319 -553 -62 -652 -181 -748 -238 -771 -846 888 -821 -959 -793 -502 855 702 912 -942 77 -149 -250 846 -397 862 434 -887 940 -126 499 762 -797 -915 -316 -993 231 829 -332 -889 -720 844 225 151 -688 -838 -533 -335 -726 -571 265 -288 523 -983 921 -228 378 178 324 -750 -698 344 -965 608 243 -27 328 76 -708 -925 873 -226 -944 -190 -153 -16 -470 214 953 592 597 -535 263 27 -724 -468 -406 -875 -976 -762 461 -642 -883 -229 541 -10 -352 833 -413 940 -619 -377 -622 665 574 391 544 49 -397 -665 -355 -422 762 463 -122 -384 -810 -912 -744 -740 141 -412 748 205 736 -425 793 -278 -109 -183 640 -7 -308 -553 259 -240 -890 931 731 417 -959 -770 514
-960 532 -432 176 376 148 -786 -825 524 -99 -724 -312 961 207 463 756 146 -701 -988 418 514 18 157 416 -538 -492 -772 513 218 990 916 189 -776 866 690 219 -625 -912 328 169 236 -551 -253 -715 734 761 335 -135 291 749 -77 267 -699 -382 -427 787 668 -140 -64 898 723 124 -576 654 438 -817 651 799 -22 -631 468 -371 -74 -126 -459 694 464 -669 578 -126 -478 691 -719 916 -251 859 -122 -472 293 906 725 -362 503 -92 -598 -791 -168 -308 215 -435 37 137 6 -332 478 914 -859 -225 -375 -635 538 953 46 396 218 -500 -808 -516 -71 833 196 -670 -675 618 -237 745 -65 -662 -195 -139 -22 -878 557 844 -951 -115 -194 -483 -671 -580 878 249 195 212 219 -730 -429 -672 -424 608 149 304 658 254 919 969 -108 -275 -863 -266 170 -692 -608 -571 -145 228 662 88 -284 986 -282 565 841 491 928 -215 -757 115 296 -743 -487 -775 -46 -803 -81 871 -902 -758 -790 -373 2 425 -762 -512 662 683 703 705 811 -883
-855 294 -24 197 113 912 497 258 892 795 85 450 -812 -595 458 468 -573 564 -87 808 762 485 586 -775 127 -445 -722 -755 43 -237 996 -387 -572 -793 781 201 -201 582 -345 976 721 -333 535 345 200 773 951 282 -527 -185 -217 -814 494 -521 -125 -198 -25 -776 -18 -731 83 -955 -380 -525 433 757 616 456 -611 -450 -239 -644 474 -837 958 917 -318 -81 496 363 678 603 614 -638 -835 -682 -207 738 -130 -396 241 -700 145 501 385 879 -920 -279 -168 -186 885 369 122 -326 110 23 276 -264 423 938 -195 -334 -183 -72 305 -256 483 337 838 114 -843 108 287 367 888 -259 -832 -852 217 468 -284 -986 -21 -215 841 -28 -13 -253 199 712 722 -50 708 -936 43 -649 -668 -553 -686 609 -553 -356 -61 251 -87 -157 459 -5 304 -58 130 712 170 348 931 -41 368 941 488 230 -686 -392 -197 -908 453 -344 120 958 319 -573 484 -258 223 -236 350 707 -214 210 791 419 520 619 -64 -855 -691 -350 845 925 815 806
960 145 98 581 -59 327 742 795 -165 796 48 -538 -769 938 419 -168 294 -889 730 -376 -873 657 -501 -807 162 319 -55 261 129 584 88 246 534 288 -653 -228 623 911 130 109 -484 -779 -504 -318 -947 -245 718 672 344 -520 -494 677 -358 717 399 450 -507 250 115 714 -272 -802 138 -532 904 632 -893 -682 733 523 289 -468 -932 294 719 -259 -382 935 908 -616 439 -795 745 -527 377 177 257 455 111 -575 871 248 722 971 -236 15 229 -126 245 465 -171 535 -505 576 912 987 -601 -857 243 178 -658 221 710 -286 539 309 701 839 371 -253 291 387 647 752 718 844 -8 591 820 773 -190 -644 -554 813 -709 541 932 404 324 -206 -878 260 241 -845 837 690 -959 117 -415 -109 -18 -825 955 967 802 -311 -331 329 275 710 708 -125 -188 782 -871 -524 -54 -185 -215 -144 -131 -698 -925 -659 4 31 -736 -509 157 -324 -824 -916 -718 -653 -864 730 -598 -209 -4 -885 594 789 -404 -633 -547 605 -129 910 -977 824
62 -900 73 278 842 860 998 275 -905 934 186 -374 910 484 -700 231 -793 -876 276 -112 784 -568 322 -965 -192 -934 -841 850 490 -142 -299 -730 942 -273 626 -456 308 -643 -938 496 -918 561 -528 729 -332 -419 -587 101 108 551 144 693 -320 -514 -648 927 252 -53 -532 -263 608 -335 965 902 -585 325 -98 -860 684 395 251 -586 -994 591 688 -738 -372 858 227 102 -568 695 130 465 586 -488 198 317 342 761 781 649 950 134 -65 93 -129 152 -866 231 -464 762 -528 -229 562 -276 -225 198 -962 26 800 86 -341 381 932 944 688 400 -992 989 465 731 402 630 -150 534 451 -988 -373 -900 -544 -913 -441 -796 959 -350 76 -724 424 987 -101 -125 -590 -213 509 587 -845 -248 -729 771 -340 -878 758 -551 275 -669 163 -886 -796 -784 -409 828 872 322 894 293 440 -18 335 -798 -351 749 618 877 -928 918 -711 -742 -946 182 -769 -881 -305 -662 -537 813 -887 -812 -83 -537 639 335 -950 -756 -776 900 -388 -549 -821 -319
-425 28 -18 246 649 427 -785 824 814 -14 -584 -449 -691 21 310 -351 -624 -498 -338 359 558 -636 588 -382 -193 90 -239 662 230 -450 818 -687 -401 620 271 -127 879 824 -278 538 724 451 16 580 923 896 676 -742 -224 -359 -231 921 227 -838 199 702 589 355 -191 32 499 -610 -503 -487 -585 706 180 331 367 -116 -734 -513 -433 -94 76 -114 130 -74 -390 -153 -606 346 -159 -835 535 435 -904 -707 -586 -113 -239 891 -988 775 420 455 -479 -456 -254 586 -351 -169 9 -712 46 365 -708 99 -837 -677 128 -861 -572 -66 -520 210 269 -863 380 -122 -766 -551 348 792 -289 778 -127 760 -515 -640 -817 974 661 -373 969 -135 -665 832 -710 -308 -959 -119 -760 916 -769 84 -458 766 -61 216 -90 466 -161 209 -816 172 442 -777 -608 -812 -574 -49 -451 -485 -390 -97 -815 252 132 148 -471 -687 -928 -315 156 -742 452 530 -745 -744 -286 -511 736 424 -795 -411 696 -299 542 818 -883 517 608 -206 -654 677 364 361 -105 -770
361 215 288 806 661 -398 906 646 -29 -664 242 -881 -367 15 104 -799 -505 -238 -289 837 265 -350 -434 94 279 -69 170 -489 540 735 8 436 -143 504 465 96 25 -485 907 909 417 254 -266 -631 -949 -716 -586 498 -397 892 926 300 125 532 694 -18 -573 748 284 861 495 -770 639 -774 270 46 -897 973 -167 -315 714 -805 -563 958 -147 -122 -88 979 999 -855 -270 25 -580 -696 183 632 -35 -900 557 481 -46 -678 -886 812 30 -126 575 10 -234 507 -499 -684 845 390 -430 363 -195 -764 -724 912 648 140 583 704 486 -996 385 521 745 -630 -999 22 641 -652 211 -411 425 390 696 240 -360 -375 -956 -924 -61 -536 -411 936 311 -714 -957 -252 -646 953 -19 -755 -151 991 -609 -41 -650 -575 -180 895 -701 -823 289 -246 -906 -938 -509 -388 886 -401 495 689 516 449 52 -518 994 -367 -223 685 -657 -357 -378 -800 -516 -30 325 -613 551 48 -232 926 342 710 887 828 -829 -611 112 -292 471 132 -947 57 -788 791
325 950 -492 960 -667 745 820 749 201 102 -743 -455 95 -705 -255 225 -84 -137 -607 -942 -860 673 53 -604 -425 -2 -980 561 601 -787 -406 345 732 215 -562 921 638 -613 -151 316 -829 784 403 -188 -290 236 789 -823 487 768 817 -471 -325 763 -546 550 -161 -95 -342 851 -874 -38 -393 172 -869 911 717 203 -282 474 -875 -572 -533 400 -657 13 797 -84 271 256 -399 640 -171 -399 -633 -234 978 -675 412 497 -112 942 484 -895 157 -473 -774 -327 329 -867 49 106 720 -738 437 -88 228 -176 -724 500 946 -770 654 559 13 186 854 -421 -559 574 -147 556 630 -368 -180 -514 -882 257 853 76 -137 -154 365 -692 -563 636 348 271 -513 -386 205 -205 86 731 633 -983 396 -789 -44 601 -478 747 -250 423 -384 174 871 39 318 836 369 -804 144 437 415 818 34 -210 501 -300 22 -545 -441 -275 731 -194 640 -219 515 314 357 977 471 662 905 778 -237 -673 951 787 -434 -637 -471 -331 146 163 957 735 -7 -772
713 -967 469 387 480 -992 621 585 507 749 -184 -595 -247 531 567 645 -157 -493 -657 893 -858 -467 -574 121 -872 977 -752 -891 -771 352 -238 -990 540 -319 278 -838 -277 962 -620 392 639 327 718 300 -404 -783 680 -568 -527 -511 -666 -675 -980 -668 -567 879 965 -80 346 -932 -486 -237 567 -969 949 697 849 -474 -346 592 385 136 304 -571 284 -596 -275 583 776 -609 -671 294 -323 6 523 -723 252 317 -441 487 -866 819 -315 818 611 -316 -784 326 -984 -53 -540 -529 699 -222 -62 -484 638 673 -397 -9 279 -309 193 -253 453 587 -562 425 -761 109 -889 758 232 -609 -461 381 -74 33 864 -554 -208 -642 570 -927 914 237 890 -44 305 978 -87 588 366 -845 664 -733 -108 -56 -79 988 51 786 -578 203 -185 134 -191 -798 -766 907 -669 136 -395 717 358 -76 829 5 -398 156 965 482 244 -143 326 -404 -107 416 414 -389 738 459 869 536 386 -269 -412 -932 959 -917 813 732 -489 -191 -784 -950 -698 -439 -653 319
-213 817 84 269 -148 350 468 -817 -992 -789 -415 -385 -336 642 873 -199 501 -86 436 -359 -537 -227 900 174 -344 372 603 -905 -682 -136 -916 674 834 -215 -325 250 -246 -441 -768 -808 753 508 486 -384 838 503 -589 40 749 415 737 -223 -273 14 997 -601 991 944 366 81 -653 0 814 289 694 -748 -213 -754 556 -390 412 -595 371 -454 -366 764 147 111 -12 -714 514 768 396 -875 488 956 841 824 -801 -928 673 2 -370 123 201 143 191 -724 909 -543 -893 -907 -61 -591 -246 -147 948 427 487 -917 473 999 -4 -622 109 -156 619 704 235 -532 38 -846 76 67 916 870 487 39 -864 88 -390 -833 -363 -862 -344 271 -183 -923 -11 817 -161 -159 -10 -813 215 966 -380 707 716 -133 -529 -656 171 -545 503 656 775 243 -72 999 806 -345 610 -334 431 460 -394 -504 566 -832 -209 78 -925 507 525 -842 -731 -822 -49 -394 456 -332 -737 356 871 -48 -376 -984 105 699 178 -182 -136 -412 720 -61 -459 -754 -946 355
463 -711 866 202 679 247 -341 667 931 -388 986 373 -198 15 765 945 141 608 861 -117 723 227 369 801 -622 830 467 -653 -597 -953 -139 153 -168 -280 -829 -119 159 238 -296 -976 477 44 -96 -606 266 794 635 -862 -145 -18 476 -805 -719 838 -605 592 -9 -786 633 -22 981 -914 -479 5 610 943 193 965 -32 700 -797 89 -167 -702 656 -878 -535 410 783 -837 260 -440 -980 368 -319 -712 970 318 757 -557 -159 607 762 899 -560 306 332 431 493 -537 -751 872 -457 490 -766 572 475 24 -78 -651 -515 737 671 -471 -533 798 -774 -463 -708 520 0 -230 436 -316 485 -290 -718 -655 707 574 798 -529 -586 377 -651 -939 -619 -358 314 250 614 726 59 -841 783 -672 -11 -308 -186 494 -258 -25 839 -959 -426 -151 50 -501 -839 -426 329 654 459 -21 -678 772 135 869 480 200 -202 -224 -861 -106 -816 69 -113 -391 -555 -510 14 -480 -595 -32 -980 557 -862 121 -868 185 -6 831 255 -479 941 -165 759 -626 817 -270
791 307 544 540 -941 -883 -890 -40 -618 927 -885 829 209 653 -493 810 -339 694 -629 -421 580 -558 748 632 304 -812 -423 -963 -740 197 -525 16 -641 -167 -989 -519 36 -127 723 -935 648 539 -256 -956 102 -933 -221 32 -261 936 389 -555 625 -861 952 -421 -116 -100 -440 -641 -154 385 -483 246 154 -378 886 525 368 196 473 463 408 -140 -812 -178 855 -481 -757 828 638 6 874 -301 -420 -151 -113 229 571 642 661 817 639 316 -129 -201 -496 429 -248 280 -569 505 761 -270 201 703 -178 93 -196 405 -759 -773 771 -281 -862 -65 703 -829 708 118 523 -151 388 -711 85 124 431 676 750 629 -329 -627 393 -924 -1 -208 408 -743 -358 67 -567 761 326 -786 51 497 -489 13 539 -664 -148 -332 -956 -457 -702 -567 -833 -206 -656 803 346 -173 56 143 -833 625 370 -692 724 225 -651 -495 92 180 -345 61 128 653 432 -411 466 255 -228 -552 109 494 -373 -557 681 236 682 -674 -736 -850 -343 551 809 -100 538 206
759 -946 -632 408 876 -221 913 -631 -941 -207 -720 907 765 -534 249 869 -763 -863 836 105 28 14 981 -365 427 -819 872 46 -724 -647 -590 -313 -210 -310 -561 983 637 -412 446 814 456 869 -778 174 -141 -351 -802 942 730 -14 -36 -560 -859 -979 755 437 55 -91 655 106 691 -713 -827 -371 -442 46 -950 -888 -706 -74 -390 38 -106 899 -715 237 -723 -564 691 -747 388 -502 793 -796 -920 144 -303 289 140 -117 -26 -296 -273 459 67 -571 -474 262 -188 487 -845 552 826 -288 574 762 268 -727 24 387 933 623 -298 835 407 192 -162 332 -227 42 753 202 868 998 -640 972 -405 828 234 701 686 874 -369 679 -539 -790 755 938 -761 84 79 985 -14 20 -23 398 211 201 -222 -453 -158 -356 611 825 -870 -13 -46 -145 705 -78 422 616 362 -960 702 93 -360 647 -342 338 477 420 -920 -635 -284 -102 338 735 -345 -47 -229 -784 661 434 -38 -668 -980 -293 916 -725 593 -362 -697 578 -217 93 71 164 -176 -686
-157 -32 -676 617 830 -48 -109 -102 735 315 686 842 -443 -263 -664 -215 635 -887 729 -471 -623 909 -276 302 -715 -946 -646 251 -130 -297 288 638 295 -810 178 -633 323 824 -987 -131 -812 375 781 522 -199 -188 157 -495 -334 -61 623 814 -519 -631 -436 758 967 698 756 9 843 -858 -247 -692 603 301 -175 -693 458 304 876 612 636 383 -45 926 956 638 -622 -288 87 -838 333 -938 970 -600 815 -933 977 281 586 -228 -814 886 -388 -701 620 18 215 -649 526 545 -700 -67 678 118 246 578 377 -681 681 -853 -191 -256 -827 -65 99 841 531 -91 540 357 -468 194 -573 -304 508 457 -542 781 726 -339 -206 858 -599 293 -48 -550 -867 792 695 373 967 347 -133 982 720 -379 -313 -38 -68 -15 339 -648 -283 -198 -713 886 -850 227 514 -250 823 -233 932 -434 104 -298 -349 -155 253 -761 270 336 505 828 -113 -801 -455 -460 -424 937 9 22 -664 902 -930 -685 467 -824 -459 -220 799 -640 96 685 450 362 -420 -995
697 -945 -92 -141 -36 -520 680 577 -121 -785 -888 963 -476 -607 228 -284 83 872 165 294 -916 885 13 -663 936 889 -283 -285 315 -541 -989 437 72 -926 -38 -78 910 -4 -736 -551 -46 -198 -151 705 -642 -20 -549 44 72 -616 -325 -210 -997 -642 100 762 -691 -598 790 812 -902 -129 178 -9 -833 -485 -721 661 321 -139 -736 -581 -922 83 -536 -380 262 812 -986 7 -29 -881 -216 -433 -527 -726 20 -402 -655 41 202 -67 795 795 -897 285 -197 -269 517 253 835 -990 310 -792 961 -975 -412 -3 -703 304 -191 14 651 -797 -407 -273 -175 -397 -318 -627 -599 833 956 -500 -488 264 -793 -797 -863 -439 443 -254 -747 524 689 -382 235 417 -999 -826 -980 362 -673 449 418 941 -504 -865 -77 -438 -551 -198 -350 -307 -633 769 873 785 637 58 358 582 972 70 -499 863 -923 -538 772 285 45 459 528 498 322 218 262 204 -334 399 251 -435 565 -214 -38 339 281 100 -841 739 -238 657 -101 21 -507 -543 336 -228 -743 -803
161 -153 659 952 208 202 638 -682 536 -108 466 -446 689 947 384 -5 556 -711 -362 364 875 -117 -734 -802 897 402 -519 439 125 -919 639 -429 55 -794 838 -834 175 -300 -392 -464 665 -848 61 -584 -641 -284 681 477 118 -800 -612 478 302 -889 42 -228 -657 835 -612 333 375 905 208 262 -330 -754 -150 -631 -876 858 672 509 -860 -313 -373 -926 -517 -202 -882 738 -167 -509 520 250 -250 -493 -867 -648 -35 640 902 -754 751 -196 -12 729 377 -219 263 791 -901 569 513 -641 971 -845 880 820 598 153 673 511 -967 549 557 151 -172 -474 -811 -50 -181 93 777 -368 -646 254 -211 306 -140 197 -408 -622 -379 -758 472 29 -400 -134 146 141 -216 -845 -896 -315 -634 890 457 97 -773 175 822 -937 -789 576 -788 212 422 -324 732 -899 -891 646 904 925 -566 633 205 279 631 449 -279 948 -274 -965 638 474 -762 777 -68 391 -505 -113 192 369 -948 297 988 -788 -144 129 326 -711 -767 945 836 431 -19 -371 -522 577
503 688 -945 255 -93 121 -598 -305 -857 -261 103 290 947 -340 -220 -29 955 402 -173 -396 700 -95 18 -623 -828 -163 660 396 -188 629 715 -667 -9 -41 -441 -850 -621 -643 -991 -286 -216 435 -842 -852 431 10 -374 616 -917 180 38 175 447 961 -217 -891 409 -887 -733 -614 70 622 -340 879 708 895 886 -421 -789 -573 -788 -648 -221 -609 -516 493 -651 187 739 586 -667 945 643 -202 315 866 -147 -73 -753 -831 998 201 -833 -56 -482 -824 -199 579 965 351 495 -330 -186 -875 820 30 -682 -261 187 -886 -770 -149 180 575 847 508 311 793 830 523 286 583 -57 -332 882 317 145 -809 -96 69 495 -494 -47 -550 -498 367 129 378 -460 -230 995 -309 -504 865 -22 -458 214 -340 451 626 826 -700 -294 -706 762 964 600 -357 479 410 -605 549 -191 119 937 610 895 959 97 -843 489 170 -123 -176 -182 618 723 -125 36 -633 -249 -695 966 469 246 468 -866 -825 -966 -908 398 415 268 826 129 -143 911 696 -787 773
-356 -448 -296 984 817 -31 -77 187 469 5 55 -927 703 10 -250 -139 -508 -613 702 73 545 -580 -993 5 -671 136 -979 452 501 222 784 -626 -157 559 270 -260 -173 247 -867 234 -660 -79 414 -568 339 -170 219 545 318 -799 376 -37 -24 -369 693 -747 -453 -450 295 -152 960 -887 -538 -544 -372 -407 283 -756 107 -377 -413 846 169 -988 685 -523 945 446 694 938 -527 -454 548 -311 -190 -637 537 -576 233 864 -574 -271 386 802 -100 -679 -611 701 -733 -946 197 600 -878 486 48 -167 940 774 12 320 218 824 30 169 -879 -434 -381 48 98 -988 535 -845 -683 -160 979 313 -647 -453 -261 -259 -950 364 945 305 906 -240 -900 -175 -278 -357 868 -865 -306 -617 816 0 789 2 -1 419 -276 -708 39 -893 -57 459 952 -927 -507 30 838 322 544 -432 -241 674 241 47 109 -465 153 547 -661 874 154 -238 875 -30 202 -266 577 370 501 -468 -552 351 -917 723 -576 64 -387 -962 -518 862 -555 -300 -403 591 424 -319
-146 885 412 408 -273 579 5 -797 -877 25 -610 873 -706 531 672 448 -297 -23 141 450 915 148 -854 -730 -435 392 358 31 -659 -813 465 884 776 788 500 514 44 896 -243 490 257 -351 107 -887 -447 801 524 -957 -517 -158 833 -743 895 682 -970 -264 532 -727 -181 -445 -314 -644 -897 -888 -823 -27 11 -715 -45 503 862 293 -410 -435 -168 -88 -656 -657 -58 -444 -853 38 -614 -19 440 -696 932 901 828 -333 113 81 -894 556 -460 351 109 552 -193 -613 -939 -853 635 -971 -500 -859 -249 -544 -390 -446 -427 94 308 -96 -327 954 -949 -379 -954 226 221 -748 263 813 179 841 523 504 -595 241 -229 746 754 55 -591 617 137 453 -633 870 825 701 -545 -511 -847 76 -180 615 -771 638 -673 -547 -120 999 -821 681 31 -216 811 -239 73 852 -125 412 381 -849 737 -476 -636 0 -729 -680 -400 -309 -416 -634 43 945 457 147 759 925 -338 -919 135 -478 -948 -64 -305 -477 -646 239 -833 -819 -975 824 228 211 -638 -288
-483 572 418 -877 -156 -505 305 338 -918 -339 -971 -976 235 -652 -979 -570 -591 87 114 -10 647 -143 -340 730 -850 -273 -900 885 160 -3 -112 813 685 -802 355 -986 251 -954 -530 141 -916 488 982 518 -149 -169 -523 265 21 -18 -491 917 -284 -894 593 522 899 -27 -837 261 79 -862 138 838 270 730 447 933 -316 -462 -589 -951 527 897 113 -840 689 -795 719 734 896 -813 499 391 249 -257 -870 572 -726 -477 -130 229 -439 11 31 911 -245 204 586 -100 346 873 -548 197 879 -830 -252 -381 -710 -63 981 -433 -500 191 737 580 -281 187 -509 396 -375 476 -782 795 -411 439 440 294 937 574 -458 522 -406 337 12 217 -608 60 -678 -430 -660 -941 508 581 -206 -641 509 -617 -354 24 309 773 682 -634 759 223 191 726 166 140 -450 829 -924 354 2 769 365 66 729 958 -339 -91 97 -766 762 760 -754 -485 346 -162 416 452 269 835 692 274 690 -580 -795 -417 983 -762 -101 -55 416 965 36 -45 -341 552
695 580 -767 -679 -804 -10 -605 263 -134 15 389 551 -846 838 -741 -68 -890 -746 -901 213 165 -743 -465 167 -318 304 -132 -68 244 -896 505 929 -663 -861 -325 766 449 -526 -479 -245 -103 -204 108 -198 -402 -540 685 -680 448 -496 408 989 703 -198 256 -154 780 -322 -42 780 -975 884 813 584 574 719 756 565 952 -585 673 -50 -437 28 -46 -582 -205 -619 654 -283 -131 11 792 934 119 -206 -419 -599 -753 512 359 -914 133 710 -903 -942 73 -977 300 272 -84 57 -151 692 -718 460 199 111 -831 522 -694 359 940 683 653 -557 552 -991 295 -25 126 -798 -921 810 -843 -772 -16 490 -704 600 884 -637 844 459 1 -150 271 849 -234 999 -249 -225 -935 293 -470 -715 -10 -405 -193 635 335 810 16 47 489 -733 346 -518 -453 -927 -282 -131 -344 460 -955 -736 284 350 -176 717 -657 -55 -971 546 -514 496 -413 -635 410 751 -935 63 -293 957 848 -559 -255 436 -602 444 -484 -254 -889 -822 -834 928 -750 -113 -926 -420
169 -297 -311 388 -980 -345 -114 -612 199 468 -803 -600 -613 -356 287 600 379 -794 -12 91 477 307 -575 276 431 170 -232 219 -516 462 -27 -413 -664 -435 -771 -699 -67 612 427 925 -955 -672 -314 -467 41 -632 422 485 -957 -841 -719 -84 643 -798 283 -491 -528 789 297 231 69 -689 -40 81 -863 -28 -764 686 -367 -305 -812 324 -847 265 39 -614 135 -690 -188 -978 -594 -748 -331 -45 741 198 -839 70 -194 -464 -153 207 952 -930 -646 754 106 63 590 825 -747 -969 -530 536 99 178 -819 -142 233 940 542 -913 -939 -642 -765 -732 -443 280 544 -174 106 101 151 -399 -106 337 74 -158 109 219 -988 132 -195 785 351 -544 -376 889 -202 728 527 617 237 -512 786 -298 -737 -87 537 -27 -473 23 -869 -844 636 -414 -577 437 -246 709 263 56 -82 -604 941 609 182 -487 -240 -741 -664 363 664 -979 896 -310 -914 99 38 160 181 -493 -22 590 -687 283 -408 896 -543 737 -652 -493 -185 720 -670 -232 -403 -570 848 465
812 245 737 -338 841 826 833 -844 816 926 -942 -235 499 813 701 164 -546 -550 -296 -425 37 610 -385 -281 -628 -779 -176 450 230 965 458 535 -310 133 20 133 383 907 467 -567 60 -292 475 -912 714 709 -772 436 906 -945 957 -419 671 -718 -258 -908 233 154 -488 447 -837 -459 -422 160 -900 -343 131 -593 966 517 -780 -943 751 -86 956 -221 199 -29 760 -568 -861 859 -132 -942 -126 -936 -938 -88 -610 -819 -94 534 -50 892 311 311 -832 870 -734 -994 -124 -845 901 386 -471 79 -971 423 -741 953 176 -4 211 -709 -551 887 -934 -466 -307 -997 -770 -236 69 337 -445 492 -858 -44 769 -390 845 100 773 -846 -186 465 689 -879 -275 -9 -361 43 -968 234 -731 -74 -991 -639 -710 -187 -346 -521 686 -874 -966 -460 -717 -870 616 259 -224 66 -202 815 693 -563 182 -87 317 519 -991 574 873 336 293 -488 707 -635 369 -567 -841 -270 623 652 -700 526 353 -710 17 497 78 -789 473 -248 986 -169 864 374 236 552
-951 -159 297 20 818 -830 403 -593 814 286 -341 -878 -702 -611 -553 608 830 11 -377 271 792 -319 -31 413 -83 -344 -996 321 -23 133 -399 -529 815 -258 -121 682 834 338 -343 -628 -788 -171 -94 542 904 -971 928 -220 -69 595 589 734 -989 -81 641 565 537 605 -825 -443 843 556 183 854 -980 -636 674 638 -682 604 208 -984 244 -133 451 -685 789 831 -588 -855 432 157 -827 890 883 843 171 337 234 367 40 -481 887 -829 -373 -854 791 719 -115 -463 268 -125 -752 202 -788 -669 894 -881 -176 -397 405 886 -353 -112 -788 -840 -602 941 -546 -210 -696 -566 -535 -45 262 155 461 168 178 -378 166 361 -887 -467 -614 731 -940 72 775 745 -555 -190 -317 -579 -601 867 -158 -659 -461 883 20 -78 208 159 -761 114 60 663 -271 -897 -255 4 -288 -343 -763 103 983 323 -642 22 -230 -886 -334 -108 -518 220 607 689 -792 -123 -25 -612 811 222 -646 -767 949 12 -837 -750 830 -426 -460 563 -585 189 505 61 15 -283
-227 -206 894 407 439 175 404 952 -126 61 -215 -936 959 961 524 603 203 517 302 -670 599 -227 -147 -174 -972 328 613 127 688 155 734 -320 792 108 113 979 602 900 323 635 387 783 -537 -593 -230 206 -577 298 596 -54 139 -109 358 357 -58 850 -235 118 146 133 210 -641 -743 -392 68 78 339 -318 -528 558 717 553 983 -868 -507 765 -167 143 261 -95 -508 -239 704 637 -957 -426 492 -991 873 -424 681 -921 80 563 -856 899 -463 405 -827 -64 629 337 -907 876 251 868 872 -200 -595 -733 -411 -965 -527 -116 12 -11 -259 -933 -463 743 -279 -508 -968 20 -126 -26 -914 -14 -610 -590 -588 774 -395 294 -286 727 -847 843 -720 170 -190 -21 891 -30 -887 -1 422 631 341 -415 971 -873 615 -916 435 -263 507 333 -832 -334 361 656 148 951 -988 -480 -80 -970 210 -341 687 -654 591 826 401 113 645 485 615 688 298 -814 803 -856 -722 462 446 -184 -430 -294 725 466 504 -329 89 -623 493 485 -207 970
42 -159 -461 -468 235 572 381 724 -597 588 -984 -900 -636 139 70 -448 735 318 -443 -427 -122 -193 -515 -958 868 -217 -882 25 -135 718 -273 845 343 -544 -454 -152 674 870 -948 859 -884 751 922 766 743 -603 431 560 -931 402 -857 578 -597 -539 954 -923 -865 -167 73 721 598 -604 -122 -452 -976 -110 -550 254 851 -812 -407 809 976 442 -889 163 775 -376 -753 -439 -40 598 562 -385 -165 652 200 -525 313 -428 -926 -150 305 737 716 -804 110 -140 117 477 15 153 278 18 262 373 766 -78 545 -459 740 50 75 654 238 -645 -638 109 221 476 193 947 650 -975 -409 -770 -901 -865 -394 761 -296 194 -100 471 -18 742 177 -862 -356 113 41 -586 846 -75 51 916 -702 -983 552 -115 696 -122 290 502 -699 -29 -409 -154 663 463 -200 -383 -871 254 646 52 459 -934 -806 -899 46 198 -586 -616 -795 177 -389 358 -43 -713 -689 -980 443 496 16 -985 275 420 323 125 -320 647 270 119 118 -417 -160 -756 779 -993
55 835 521 8 -922 616 -920 -693 -692 -65 552 891 332 -586 -820 -592 -758 987 -530 825 -771 -804 -964 909 283 151 613 -361 265 369 -945 354 820 216 346 324 895 -489 -551 -684 -948 -552 906 -28 69 -497 811 -135 -528 -693 -797 368 -527 928 437 986 265 -567 524 251 -168 751 501 893 -282 -30 -387 528 -373 -674 -35 589 -269 -635 585 -778 -680 11 -990 706 246 153 -95 90 -544 472 562 -822 339 -980 -250 996 56 -492 -568 -993 45 -464 535 307 37 -493 -722 647 -990 -317 -309 -912 -834 774 -195 161 -719 154 -984 -484 865 -964 -244 511 -328 659 763 -170 349 -333 -937 -658 709 -241 796 606 -969 350 -223 491 -931 -389 715 264 248 39 -222 85 304 -865 576 -281 -568 568 741 -280 -415 229 -983 716 -719 -168 596 931 531 -353 -16 -766 880 -907 -751 385 -972 32 -572 799 878 836 635 -124 -398 -816 669 -925 919 146 418 -95 -233 220 491 -432 684 520 -869 -123 -716 128 -313 603 -374 -759 -437 16
-426 -718 496 195 -165 274 -361 234 721 325 -957 -116 957 -402 -275 -580 -322 340 -6 592 -934 621 -288 -939 -587 660 738 139 -540 803 414 417 622 -444 448 -738 265 -763 -136 228 262 44 -298 -427 601 -700 845 -766 553 476 -35 913 314 -956 850 809 -251 146 -192 949 -145 802 -125 -788 940 158 224 -692 -561 -753 620 -737 852 -937 -834 135 871 751 533 -200 -119 -691 -817 708 47 -941 371 -848 289 -915 430 913 495 548 163 -666 -34 -885 -967 265 658 -775 918 -884 59 712 -576 250 651 163 -739 812 420 322 962 -887 -886 -494 524 -763 210 -298 852 -820 -948 509 -214 723 788 -289 -948 331 -602 -303 -516 -930 -599 980 -144 -842 990 57 -192 821 864 232 -273 758 -389 -325 20 212 -110 -982 -996 -69 -948 31 -681 101 658 -355 -586 298 587 -727 -160 715 -724 -141 797 -74 943 856 829 -567 -878 150 67 52 363 684 -774 39 25 285 -368 -852 -305 -980 -78 879 -737 -30 -356 -600 -827 843 214 408
173 -347 413 991 602 -886 239 142 503 -683 49 -895 762 665 915 -709 494 -967 -896 -733 -534 -589 616 970 638 -709 60 -50 86 247 125 -2 -151 -85 470 567 145 546 -788 272 762 -580 950 62 37 525 561 -742 233 -694 818 -437 373 -22 744 639 735 947 -219 -866 129 141 179 -501 -927 18 184 -585 540 833 -528 -837 0 -152 494 129 -41 -652 502 -525 919 635 -347 610 -192 -91 -465 -662 -676 455 205 284 99 459 574 225 549 25 687 -293 -853 -616 326 320 671 -616 -240 -859 3 -658 348 -526 -480 735 -160 871 -498 709 -565 364 -573 436 -623 -693 -249 850 -281 -754 661 -765 227 509 117 -201 350 -142 -517 -384 -542 -338 320 -372 64 -868 85 -393 979 96 424 818 348 -525 -67 145 386 731 -91 568 773 -65 522 157 -794 908 55 -655 -992 809 899 -368 579 -994 -529 390 239 871 -92 -156 -421 -799 -636 243 -175 -272 -256 -784 740 608 -533 696 -580 116 -532 -918 892 663 985 -917 -372 445
-633 -299 370 -954 -185 -194 889 -985 416 -663 334 -799 7 -764 849 422 501 -356 277 -454 715 879 -405 14 -455 -207 279 -64 -844 -991 540 -788 829 502 -416 429 218 -881 -922 853 256 -787 513 -738 932 764 -679 -387 30 -106 997 -28 -996 195 -291 99 95 -673 -550 -683 -508 337 637 -729 -475 912 287 -992 -610 5 231 -356 707 -862 164 -781 -67 -305 487 -115 995 -955 142 -345 -491 403 238 551 -115 598 586 411 648 805 649 -473 572 -142 -324 -756 -534 -698 -298 756 -430 -970 -437 -306 439 -122 506 -864 142 -270 -64 -228 -720 -449 -582 -686 575 355 -817 -853 -59 -459 538 -944 -853 377 168 159 -235 -589 632 -612 514 -302 547 974 792 430 -492 613 472 -125 858 740 -680 658 -970 -713 -907 -178 -918 157 456 -297 666 -509 -321 -464 150 -109 589 310 -557 -612 -769 541 120 73 292 -304 296 372 452 396 -370 177 511 -590 -232 -448 -269 421 30 742 -307 962 901 -730 678 -440 -158 -670 241 619 422 -5
-921 795 -523 -15 -638 555 -719 -736 245 741 -649 -942 703 -873 973 -763 953 -791 144 82 362 -338 -759 93 -763 -371 373 -845 815 581 -859 -511 -232 559 -842 194 -634 0 -475 -857 582 -28 -376 -823 143 157 684 -779 -238 276 -953 961 -429 895 -351 -687 378 10 601 908 -798 132 101 717 -926 632 -227 -732 382 -243 -383 769 -82 789 275 241 660 906 461 -164 755 25 -531 -455 885 250 -205 -6 264 -908 55 -851 -115 -664 -771 -562 903 863 189 767 -191 -784 244 -418 -886 546 -741 276 -36 315 903 741 60 -442 -846 632 270 -798 -98 -699 -758 171 959 775 -165 854 230 378 -109 -2 -970 904 661 -276 213 841 964 425 866 827 109 566 -770 -423 -871 354 633 687 314 586 504 758 -983 23 -972 -745 557 -8 -610 201 184 999 -461 -730 285 375 301 -870 -570 -307 881 606 -91 -506 -785 365 -594 893 -949 615 121 -153 -853 -300 -848 273 -318 -494 -936 5 -406 -293 -138 7 -718 703 523 92 -402 561
960 -536 249 112 934 -510 687 971 -259 707 -727 -458 -177 -146 -233 212 -496 742 641 -770 173 -757 155 -439 -751 548 -236 349 999 -555 679 684 -368 -593 796 -785 -360 181 -419 853 762 -860 -314 -729 775 91 -47 793 693 620 189 -107 616 961 74 -984 452 583 -63 911 -636 213 -806 -95 -963 523 -719 291 -632 26 -268 870 -753 -908 155 322 314 819 565 626 -217 751 -501 68 312 630 -410 -207 -851 -662 -767 -671 9 227 -220 534 -548 -1 -821 561 408 697 537 -648 754 253 -682 -164 313 248 -493 791 -913 -444 -925 -321 -104 379 -79 -397 -463 598 -707 -606 -759 -62 -572 -14 318 -877 -294 702 288 483 368 8 -970 -278 915 -245 676 884 -237 -368 -196 193 855 -430 -749 -608 -315 87 567 -389 684 -581 738 -180 388 -580 -96 946 -793 -318 550 -172 495 -78 941 830 981 993 974 269 275 -834 -460 430 792 459 550 917 -202 -577 -215 946 724 532 -497 924 168 -96 -808 -49 -968 576 -496 759 881 -737
-819 -847 828 -608 900 -149 -463 -350 -942 -127 809 246 455 339 -900 -742 93 525 -227 -384 441 -575 352 -490 -777 -422 299 486 -476 -287 -619 776 426 -439 -147 -490 87 -919 575 869 363 794 764 81 49 -462 350 -866 -49 106 201 -688 -419 124 913 918 -938 754 -505 -53 918 597 525 303 -372 -839 -835 -104 -390 204 -586 258 166 637 955 976 -174 -4 -853 470 -889 218 633 -125 -488 -316 750 -312 924 503 829 -810 -38 -301 -321 918 -355 -506 543 936 101 -135 -72 881 834 675 -18 -366 846 811 -208 164 -355 197 -593 925 611 -850 308 265 690 74 18 530 978 -407 -405 -314 454 -135 33 -420 -150 -110 353 226 -931 373 594 423 -253 903 832 17 -166 -932 898 -680 703 822 744 402 56 -916 255 438 160 223 -384 -474 -426 -292 -925 507 -482 168 127 233 680 370 193 474 -854 553 812 -442 145 179 552 -871 70 406 -927 873 169 -752 91 -537 493 -749 107 213 678 138 -238 15 -553 424 -565 960
576 -362 153 -854 51 -1000 807 -777 -661 -360 -976 -740 821 166 -964 -37 623 -988 -903 -919 -681 982 312 527 -178 155 -231 451 -100 61 112 -970 -605 899 801 874 919 482 -587 851 -547 -936 -774 614 552 203 563 -539 -509 362 -913 169 -345 -412 -528 -139 -269 -626 255 -489 -538 -582 138 -227 722 -140 -770 434 -868 225 765 -11 -950 -646 93 495 507 193 924 583 -69 34 257 142 -587 176 -529 -407 -578 7 -926 274 -68 -437 -529 448 660 950 521 -596 -794 -780 -329 463 921 612 -785 920 917 -516 55 517 -31 514 -551 775 -575 -440 -620 -74 363 225 84 506 -519 -162 -219 -94 -997 277 -483 -496 -187 965 -449 -191 -107 -429 152 -439 -666 689 429 -249 10 -985 -376 -32 -506 120 994 110 -568 -632 356 -410 -513 694 880 894 -994 -719 982 299 -778 -817 907 740 383 -618 882 658 -314 -285 426 350 -197 -619 925 805 276 403 -122 166 -241 -625 -163 992 -275 -238 956 875 -379 -641 -401 64 901 464 856 163
640 618 932 782 -356 705 -477 421 -803 119 -66 854 -561 -795 816 766 452 -872 -552 -577 767 536 -82 83 984 558 -290 -4 52 174 520 -679 437 715 917 -140 -645 -43 -333 -413 25 779 21 -241 -170 453 603 -712 -615 304 -662 996 968 -88 -238 -223 408 -149 147 -415 -75 708 300 -990 609 -956 -496 622 -675 830 -393 238 527 857 -834 -327 -99 504 -110 -597 -898 -315 -691 725 470 58 -380 536 -740 871 439 31 -487 125 939 -915 739 -246 -603 273 -667 -309 935 -772 -694 763 -894 -224 302 850 -704 -399 656 7 -835 725 915 64 -947 255 353 470 -195 -967 927 244 -374 -326 515 156 253 -114 559 401 79 -216 883 -501 -287 484 -261 880 -455 825 329 413 -445 361 735 549 -293 120 411 -443 -473 -892 836 -289 944 -273 -29 -952 -299 -584 -628 416 619 -608 -40 -231 410 -988 -987 908 742 834 211 29 -9 316 77 -976 -998 777 -916 -430 736 386 -125 342 528 -749 332 630 405 -172 -182 -899 -460 -908
956 -876 993 -208 -156 849 -760 724 -606 -81 529 -348 -794 696 180 -434 775 -460 -597 -621 -433 330 -580 -248 -669 -117 -86 -821 -855 640 632 -715 -243 73 -432 -459 651 318 -166 275 -859 901 617 -406 -631 255 847 -162 334 -317 -453 -576 -709 662 -94 707 306 -917 40 795 -683 -201 717 -229 571 -852 102 861 -428 -555 -887 42 802 93 -727 -562 -930 -105 -494 328 344 -57 103 206 173 -923 982 412 -155 105 367 -387 -456 -432 812 -244 105 231 366 45 284 -295 260 -19 -4 517 9 -569 -986 -652 -227 654 -560 852 -105 -754 -876 333 560 -506 234 29 -156 5 -967 -320 12 69 -675 840 -800 787 -62 717 910 877 -985 337 -321 -884 626 -115 851 733 -76 -324 963 133 -292 76 175 -93 -264 -213 -220 461 448 398 817 666 -223 861 -441 99 -944 570 969 -914 -32 -320 -166 849 -523 -768 -552 377 358 -898 461 -230 490 219 -248 -199 811 -52 -474 -679 320 -473 -632 -461 451 -383 511 132 -89 100 -345 409
-101 -9 457 95 541 912 525 -20 -595 -421 -624 202 -598 862 -393 -268 58 -854 138 -999 -711 -997 701 179 -261 574 228 325 -243 -979 661 -713 657 -882 464 -412 -645 721 776 -401 274 -789 -153 -847 814 772 79 290 -195 728 -974 -845 246 -810 -649 -68 -602 -355 716 587 349 428 910 299 177 -646 208 363 579 274 -386 111 641 445 229 -945 -643 -253 982 379 224 -506 102 -279 265 848 21 878 -753 624 -367 -234 35 777 -635 -48 534 33 -851 216 587 -696 -796 68 -895 237 617 420 702 529 418 -885 -947 256 -297 600 -966 317 -908 215 134 78 -181 -731 -793 683 706 -121 588 -802 168 383 -553 -898 -851 693 -87 -895 685 -581 219 57 -536 -335 532 -750 842 766 -292 -319 -272 -876 31 -122 203 -695 394 128 -149 -398 215 -396 -490 327 -204 105 -755 -220 -151 -483 -90 535 57 -811 744 -114 -935 -355 301 -975 -901 453 417 -478 -955 -663 -935 273 199 670 302 233 -768 594 856 374 548 -977 -722 -479
982 543 -311 -725 -969 138 -385 -900 -54 191 947 -946 -656 555 -299 -356 786 344 -670 -991 -475 257 -170 958 -185 623 14 -627 -654 -775 -896 438 12 -155 57 -450 910 -119 722 702 477 -13 -384 -829 280 752 607 -91 811 -737 -795 905 -57 824 -321 947 749 880 -662 -587 959 750 -722 -155 885 -143 -30 982 94 -975 251 812 500 169 715 732 -407 982 261 483 877 318 634 743 930 453 822 -967 -822 156 90 -28 416 -698 469 63 702 -36 612 322 365 -169 -978 -614 -29 373 -706 837 -309 -955 858 -470 611 825 -318 -287 660 286 -596 -917 -533 -124 676 -259 -393 248 812 -533 -746 -44 -528 -729 832 514 -957 -810 -235 961 -454 237 181 484 640 840 163 -713 733 -615 346 -759 166 807 -908 -789 -715 474 107 182 779 571 531 -493 -739 -942 484 788 996 -666 339 56 -109 -739 -66 -441 -424 -121 264 892 -648 642 36 76 -884 985 -981 -618 252 728 -854 -442 -666 -861 999 -304 559 970 -823 -206 -331 795
257 256 -713 33 -659 367 402 -900 808 612 -25 -195 -308 547 -311 902 187 796 686 970 -703 -449 584 -588 -856 86 249 147 958 116 -360 746 -134 -921 748 546 915 -545 579 269 -260 67 501 -401 -772 -822 -311 191 933 159 995 -582 766 -650 843 -403 708 362 -177 -55 97 -785 -117 -314 -561 909 -314 -114 -698 721 -47 -920 -695 -946 -862 304 564 946 -370 -548 418 934 -45 -408 574 -528 687 -359 -816 446 90 636 -786 -913 952 554 -563 -761 -996 -582 -649 72 -683 958 -670 -180 -921 -180 -333 -16 -907 143 304 399 -133 914 -51 474 608 -422 777 -371 -664 -926 -972 -507 -439 34 -730 610 -885 420 -877 438 -859 197 946 -728 -653 845 -836 84 -501 232 -874 -711 -323 437 -869 -935 723 82 888 -70 -790 -429 -893 -907 -976 -132 -860 -267 -313 -6 702 694 624 -427 570 148 -359 660 493 -936 -464 760 -141 -430 -890 131 -183 -748 -661 440 302 161 108 190 464 -166 -328 387 266 132 -702 -78 -203 901 -425 -257
-408 -623 936 172 -374 355 408 136 440 887 -520 -562 -755 676 515 576 6 592 -126 546 707 986 -950 328 173 -959 -164 -992 325 336 -716 -754 968 55 923 149 -587 809 622 -692 -572 572 -584 636 -168 -484 -48 755 696 521 139 -513 814 -997 -388 -476 -718 -645 203 496 -179 -262 -706 130 657 -735 -940 555 900 -438 -530 -261 -93 571 -865 -64 -607 897 918 988 -801 969 -435 -885 681 203 -130 -615 -851 -202 219 -889 783 885 818 628 -839 -253 150 397 -562 -729 332 704 -248 762 -112 -911 -333 971 -116 -17 784 828 586 -122 -482 -967 -50 973 -691 -888 -881 344 -851 277 -645 -14 248 -225 -26 67 998 263 670 391 556 670 201 -544 87 -407 827 804 470 -888 -560 -361 -770 -991 323 -181 -915 300 -157 -410 664 -900 205 -969 -485 501 -139 280 -655 745 445 339 964 -498 -928 767 -234 889 287 -594 -580 107 -314 -553 -570 284 -19 -270 -155 143 -851 -902 922 289 -623 -877 -995 -28 -82 -156 858 -531 -971 920
217 782 426 -205 -763 -349 998 733 397 -465 -145 716 -992 621 831 519 -911 869 978 416 149 4 586 641 -31 295 112 -164 -820 -818 512 -411 -449 258 375 -489 0 63 -228 -770 -457 -538 325 445 -263 683 -834 -30 701 -544 33 951 -269 -338 -107 -11 -867 -711 114 970 963 -274 755 362 -384 -4 -59 -934 774 -233 285 285 -408 -672 -323 -223 181 -389 837 407 -149 635 -569 361 -883 -869 990 479 -175 55 -222 699 259 -901 890 -66 210 245 -35 317 -557 -420 -284 838 -894 -72 762 489 -85 -265 233 -965 130 -932 -370 585 -497 -46 -804 -629 296 -772 -274 773 -9 -266 -567 717 -353 224 40 -883 -493 463 -900 -437 -521 837 -395 -144 426 906 -169 871 695 698 8 -805 668 516 462 -894 -196 -323 982 545 -415 -901 499 320 892 -26 256 -560 897 76 386 226 -7 49 -899 617 58 -873 -447 538 -231 371 -973 749 -822 962 674 205 -122 -405 156 808 -881 -328 924 -510 517 152 -46 -138 45 602 955 10
-700 904 548 659 781 342 483 880 -554 449 -818 -267 426 262 -346 -456 -749 32 -978 353 -942 252 86 41 -364 -616 455 933 386 -678 -60 -511 909 -156 605 -933 -546 -823 -492 852 -859 710 624 617 -565 -630 826 954 -699 -677 17 -486 -944 820 579 865 -235 -1000 361 318 59 929 626 -379 3 -609 49 -728 -890 -545 -817 53 937 48 -926 -134 -126 -733 517 -924 -495 149 633 338 -684 4 455 856 -724 997 727 489 643 161 374 -412 -981 786 -124 -554 -159 -193 -98 156 180 -125 651 196 607 883 337 -842 696 -183 187 663 -104 -818 170 -558 -412 641 -54 -453 728 300 -922 811 342 211 -653 -851 871 -790 -406 144 -361 -799 723 -967 774 -465 543 -187 749 -472 -106 101 -70 -898 -728 -80 -892 -527 -863 840 138 -755 -336 -321 750 -117 819 -772 368 341 763 746 -477 -359 230 841 -531 1 553 -609 611 -836 -483 679 407 811 -133 719 42 798 -818 981 -206 -80 -789 213 527 338 -370 166 211 256 -786 -150
-122 987 985 -407 -981 -34 754 308 220 886 -49 -921 873 -829 222 -846 -960 137 734 598 379 50 557 -310 693 2 -804 -498 -583 839 168 -796 -924 930 -715 214 -376 437 339 -369 -142 -842 342 -731 531 -792 194 -531 384 -571 -730 405 741 152 -252 -622 -334 -904 -396 575 -392 323 -184 -642 280 -892 136 -256 -311 -45 562 271 777 834 -885 -280 -193 -543 399 442 -297 -974 705 667 116 -212 -684 -380 -43 -795 -676 380 -275 -50 -319 -195 785 473 958 143 -51 -185 116 -99 236 682 122 613 -162 482 -349 -740 295 -822 636 965 618 -723 -644 985 67 -581 -912 329 41 103 857 969 -596 -517 -656 986 86 -498 116 -572 722 -551 71 -46 678 349 275 -347 -598 598 35 -938 795 -130 835 83 -553 -439 -804 -28 -177 327 -730 920 -308 -904 -650 885 -165 -123 178 438 -446 -225 827 385 943 347 -364 917 -188 897 410 613 327 176 729 -553 -235 109 276 810 586 -590 -834 377 612 -151 -42 -187 601 -233 32 656
-182 397 -322 -535 703 -943 268 -181 33 86 -847 166 -954 19 -340 882 2 -257 451 557 -167 86 -821 -421 -471 -23 -458 602 -16 -443 633 -335 -818 -46 -162 -813 -993 -932 -221 -988 -139 72 705 79 -981 491 -168 -11 2 392 -443 -494 -422 190 -361 286 142 653 -964 557 -880 578 -967 -84 -795 -955 -983 -954 -602 405 -113 517 -250 504 814 -227 -57 -668 61 -781 -633 84 247 598 -787 73 -650 69 398 667 -668 -56 -162 299 846 731 164 933 882 255 -430 557 664 -786 340 -164 251 761 756 331 19 809 638 -18 -142 -652 641 614 -825 970 227 771 -147 -793 157 -29 -585 -490 813 -466 -614 -723 256 800 747 78 920 600 800 238 33 367 138 -981 406 669 627 994 833 659 802 88 404 -709 271 853 894 242 443 424 -119 -925 216 -759 -314 -496 635 557 -401 915 -991 -811 663 -363 -549 -712 -750 -757 -513 -808 757 -228 429 381 865 887 -173 258 -897 -237 175 -276 -282 -405 941 14 -456 -364 -84 -998
-891 -632 -168 172 -916 953 358 -991 20 186 956 -859 734 109 -459 884 880 813 -955 -669 890 -872 697 -975 980 -399 -17 -662 -184 269 -385 -116 -320 -13 -201 816 649 -737 -300 -745 145 -655 208 530 956 -22 172 -673 46 898 896 867 -486 753 31 -765 -751 222 -744 -280 25 -221 505 458 340 155 -616 -173 352 -768 -501 493 852 23 -617 444 -237 308 836 55 -828 413 -952 653 -393 205 -881 961 993 669 989 -423 -82 -692 -694 630 839 -940 -983 107 752 886 714 468 168 131 200 -649 -420 -91 26 86 257 464 -953 875 923 -813 -276 413 921 -103 -722 -205 312 758 503 400 82 836 994 -485 652 858 576 243 542 402 970 -214 981 -541 -165 -731 -981 -145 -699 791 882 -342 130 15 -447 963 43 -363 837 -734 809 287 -722 -875 376 350 244 606 -768 138 -710 552 401 -786 523 184 -859 -30 -975 -683 321 -262 -381 -103 893 -97 325 -228 -783 7 -167 -198 881 -429 846 636 -819 -895 -719 770 611 414
-135 -200 -1 -207 84 -51 480 -869 838 641 613 834 951 908 660 -917 109 -265 -650 590 790 668 -635 -936 -304 -825 22 -302 166 -196 -301 -706 -107 558 504 -592 839 -250 -806 261 646 -967 721 -907 -829 -75 -264 994 485 -597 -346 -976 -845 154 677 695 110 174 -512 991 -178 947 681 734 -346 -235 -77 -452 64 132 -913 -251 641 66 997 161 351 893 -101 761 775 368 997 313 283 924 -817 -933 -185 489 -660 77 121 -12 459 562 313 87 786 367 502 -227 225 442 198 -960 454 160 450 515 783 -571 -261 95 -226 -680 858 -442 -714 494 -756 707 -299 569 -714 546 46 -356 285 -748 -139 852 -242 -334 329 -379 447 203 -801 -723 322 -404 -231 846 988 877 965 -138 409 -206 303 -350 -812 -207 359 -681 -80 331 -260 443 325 665 -490 568 -136 361 60 848 149 359 70 135 657 -148 -838 -361 -707 -201 -387 -910 -512 -440 343 422 -858 -684 844 -207 -105 120 -814 -51 -547 -418 899 -403 505 557 -493 -385
248 -951 -625 813 932 -194 746 -142 38 -102 693 210 -76 -910 722 -697 882 -745 -45 621 715 482 261 87 178 -1000 -330 582 784 -146 479 423 152 505 982 441 -368 582 144 120 -669 -494 180 -454 -346 496 937 798 -771 -820 614 379 -747 -686 -960 390 -884 -343 -246 18 215 197 332 440 -304 -19 -442 -421 -644 -173 977 -778 -536 869 745 806 -101 -935 -608 143 -247 -486 -650 735 780 -569 108 -988 -653 -937 281 -307 596 695 285 893 -265 159 853 -896 -704 935 316 948 -341 90 941 841 -161 -614 172 376 568 733 408 -43 -714 343 659 97 519 -448 540 757 -179 412 -758 -478 -213 -150 129 196 -876 907 44 563 652 826 -423 614 -131 175 164 -554 -249 -637 -970 267 -154 -561 712 -426 343 -657 647 638 -747 -941 932 -737 772 219 802 715 783 -981 791 402 930 -102 -409 690 -186 730 -153 -20 977 734 723 545 -365 856 118 -713 5 -938 164 -569 -640 -841 -328 809 -360 -243 685 331 348 -102 549 -320
-771 -168 528 -430 856 930 74 55 631 -637 927 -132 428 70 -779 -962 134 905 -854 45 -436 300 -448 426 -244 194 933 -400 -658 -677 697 -393 64 -389 414 625 453 568 36 -330 -165 828 -493 -870 -766 -52 603 -972 553 -518 -747 779 -465 61 575 -750 864 630 -608 -615 -779 654 203 22 825 267 -591 472 941 -414 261 -17 -106 934 434 39 -13 -85 286 -690 999 -415 509 -379 -626 -596 -369 32 -810 499 743 183 -664 243 -727 -414 290 212 681 293 -232 -770 -126 -478 -965 321 825 71 -759 466 -933 -937 -598 -768 316 811 276 -609 -851 -881 696 -216 -974 369 -748 -286 583 -85 -296 860 -397 -196 -655 999 -130 -215 576 -637 764 -540 744 855 -22 108 904 251 256 -964 -531 -178 -248 -692 -950 634 -831 384 472 422 -486 691 126 134 902 -52 865 271 -407 28 60 -925 -224 619 33 -58 -592 46 545 -293 64 309 340 488 714 113 -376 -695 -59 762 837 579 749 -705 -124 930 991 356 221 459 -847 819
182 875 554 1 -132 842 213 -672 -109 301 861 363 -519 -396 -790 -65 -806 -954 829 919 953 -982 839 773 -117 358 126 64 -53 848 838 619 -984 -208 -400 -805 -210 494 421 568 51 -592 58 27 88 -753 472 -857 -476 -143 -420 899 -235 -4 -363 -181 846 -848 -199 -576 -435 -894 958 754 -851 575 92 -92 -388 675 560 542 739 -963 -401 -409 444 48 947 979 -141 -545 -970 845 -187 855 236 -811 -966 -270 -390 235 -136 -458 738 368 -688 333 -504 -984 -123 -7 362 750 868 643 -518 -184 -278 973 781 -40 -331 -905 -533 880 -975 503 790 481 97 574 291 768 960 -514 -957 -836 372 889 -578 64 771 -829 -837 444 593 -517 467 537 74 -125 -126 -68 655 -661 65 -559 -846 -234 26 63 -964 453 -65 987 -929 -153 -237 -123 -555 -829 -282 306 920 210 422 -156 149 -859 -573 147 657 652 -641 -912 -487 -322 537 975 272 -470 251 338 -703 685 938 -755 868 -879 -944 203 557 884 -656 226 -580 -822 843 -953
88 -449 -57 -735 509 68 830 948 -394 -13 -716 298 -433 135 -232 -161 688 388 176 -786 872 -87 791 957 -466 -662 -424 -262 345 -282 -617 -453 220 -568 263 -282 571 -381 -558 -639 326 -312 -56 631 -992 -570 532 -772 757 782 292 -969 -735 76 -264 -684 -97 -131 602 113 981 201 -363 -153 145 231 16 595 -807 -997 491 618 -499 623 989 -162 -189 251 550 -516 600 -832 -705 -267 -606 -753 845 -695 -484 974 582 -801 -889 -729 -996 -615 -555 433 534 -752 223 498 784 756 -963 237 236 543 -477 839 614 -714 174 341 -278 -597 -631 913 554 725 881 -793 888 453 766 -664 -124 949 57 -364 -28 357 -56 -799 212 -171 27 -950 -15 -176 -749 17 -546 128 403 -835 819 -66 -508 -57 -792 429 -565 550 834 -648 690 276 517 989 -122 340 403 652 634 157 -596 -120 -193 572 -350 -848 -65 -859 523 880 368 261 -653 809 820 923 474 -889 -842 -513 497 549 217 526 -423 -73 -621 -226 -782 -105 -553 834 -467 298
741 905 -972 903 -175 -335 -750 -138 -599 348 136 86 729 861 500 -115 242 -624 -958 -297 480 412 -297 -821 -421 873 810 423 234 779 -447 -192 -274 -504 -321 -444 -785 683 -834 -771 -247 -978 -878 220 -101 -52 836 330 -884 -879 840 488 449 -689 943 -608 -76 -297 180 -51 370 -738 16 357 260 484 -66 -599 -370 272 -656 759 781 -548 -758 154 -828 -914 713 -454 321 -9 814 -158 -658 -824 -683 277 -820 458 762 -772 -687 -986 -903 894 -394 911 746 -252 -576 182 615 138 688 898 -257 430 -899 468 580 -679 -270 124 -945 209 895 306 138 454 -655 -8 767 317 -87 -423 666 -570 558 -241 -706 -900 242 -832 -272 -797 279 656 -184 396 617 -645 137 326 -250 705 -63 -135 -450 -431 -866 421 339 -747 54 878 -666 457 709 -889 -523 767 376 531 -572 967 -665 702 -906 -524 869 -911 61 204 -572 985 435 -22 -786 -807 -954 93 -93 -79 951 -828 -847 195 -22 551 883 446 -340 -794 213 -914 40 -695 -683 -718
-73 -603 125 -433 -249 -725 293 463 -923 -252 -891 -402 689 408 172 -870 860 372 560 -231 979 -192 216 -877 707 -769 215 84 518 53 864 -814 912 570 -615 95 425 306 696 -934 -949 -872 -872 -689 1 -93 -505 -279 -902 -430 -416 303 786 -414 -626 -611 35 487 -517 -693 -293 -172 128 836 -142 630 904 679 -339 -333 -698 782 -16 -106 -390 -350 -134 -198 -69 -635 -730 -535 -241 -771 665 -946 -6 788 -572 406 -590 -785 -651 -447 318 137 700 281 135 -753 198 395 -238 439 -759 91 -272 -994 172 -907 896 -374 -158 -358 165 451 630 762 792 -369 -265 -381 629 340 563 -866 626 256 -417 -223 -760 -458 829 -637 -132 50 586 -823 -40 522 -722 565 534 -604 -309 651 684 -158 -58 281 -988 -276 640 -231 685 746 938 -695 -723 -9 817 -763 -865 981 -721 -548 -90 797 -709 180 -839 -138 -373 484 -92 975 571 -670 -656 -89 907 160 -616 -814 453 498 574 -143 518 344 -976 814 -965 609 -891 43 -410 178 20 -338
-253 -490 -527 -38 -486 -627 861 512 -74 894 955 -619 439 -347 908 608 -954 -594 196 452 419 88 -421 540 507 -78 -58 372 794 291 601 425 751 269 960 -78 945 333 -663 -24 267 -292 341 -379 93 843 241 -479 768 -358 143 298 -253 426 -727 -55 -16 -395 -152 -748 50 -965 -493 -515 681 845 738 -420 -208 929 -750 -776 257 -265 305 220 789 -526 -304 -229 -112 306 -673 958 -368 387 75 501 -321 -123 741 22 -952 177 -358 -167 428 95 -696 161 -510 870 237 509 -578 865 314 -547 588 -484 -115 -240 -123 395 -933 173 -152 -315 530 321 -674 -955 -593 891 473 -663 509 -536 177 -163 -538 -873 33 370 -704 356 -973 -936 109 969 16 112 362 -82 544 -603 -98 -230 -246 552 32 -118 -671 105 -634 375 -659 391 534 -73 783 747 -364 718 856 123 -592 769 -556 653 -307 857 -626 -685 -794 504 -903 378 586 919 -318 -421 676 -589 572 -377 -271 -860 751 -166 -72 -979 840 910 -151 -424 -923 -250 -211 -125
689 125 456 -259 689 953 221 160 -727 -635 -795 482 29 -260 239 -864 -349 294 564 -524 -585 84 940 111 -274 594 -935 696 -712 864 541 907 -679 665 -786 54 -181 -15 -840 731 -843 -117 548 -238 -70 30 584 -242 576 751 907 -895 100 -641 398 858 -675 521 118 -714 -985 -138 493 330 -956 -64 -231 322 -304 939 -832 -763 235 -564 -860 -387 211 392 400 -278 546 -314 753 494 349 -415 983 612 -603 910 650 -366 -66 594 449 -866 807 656 613 617 864 181 456 510 -173 -684 800 806 -210 241 699 -404 -605 839 -258 655 -880 693 667 -163 -899 513 936 -175 64 884 980 273 -866 -896 -898 903 -197 190 40 -367 69 609 747 276 947 -283 503 1 -467 332 44 -508 995 -90 965 378 -65 -964 -97 -984 -797 -910 -557 -550 -350 996 -388 80 472 347 735 -548 -80 -210 -628 342 513 -601 506 994 -326 -859 -10 -99 -139 617 707 -42 431 -177 -42 964 641 554 -915 84 -378 -294 215 -724 -762 -697 365 612
873 223 -908 -821 383 -758 -541 -72 193 -125 -754 -400 -630 507 -452 -55 -181 -457 -95 246 945 -925 367 924 -547 -844 137 -513 157 -33 149 -371 976 -8 -261 416 -994 582 856 -157 -119 956 121 -631 821 -814 -763 905 -243 640 -937 297 -533 395 -188 451 -785 939 -439 -558 -635 774 591 -173 -44 -899 208 825 740 931 66 570 -461 90 624 -952 -966 382 484 485 104 -844 756 -391 250 -642 577 -307 260 11 -951 -208 367 238 127 -634 -414 334 -804 -989 726 927 353 215 -782 -318 -167 -128 864 -931 -496 -703 -962 -784 -326 148 -329 487 89 3 247 -182 -324 982 974 74 406 -266 -832 822 -125 610 -741 598 -123 509 -562 -755 -626 994 -261 440 -558 -137 265 -145 375 590 805 150 262 -881 970 934 -343 -78 588 -479 453 -662 -266 -146 -68 864 -565 -875 842 -218 220 -671 227 494 -193 -396 -213 547 997 -299 680 -483 333 356 -778 695 874 890 364 175 999 -973 871 -20 -696 -295 684 -94 -162 -731 718 -25
389 -202 -715 875 963 770 385 116 -763 -793 45 292 -464 -465 889 -363 952 -255 -310 -187 -873 -875 -578 -441 227 -916 -302 -165 -691 502 -389 -806 -616 -314 932 -325 -745 716 931 465 129 90 593 467 821 -302 646 29 -364 633 -98 -697 -220 -185 891 -282 -16 278 513 -145 937 -15 -443 -178 -634 -632 -872 989 835 547 802 9 823 579 -303 483 -222 -983 406 -350 347 125 -31 -895 -812 -415 -12 62 133 -54 293 353 -250 -231 -214 -388 -40 827 201 99 -972 602 423 -854 561 -19 40 167 110 7 389 -302 827 414 -173 159 -48 16 -706 -556 927 -614 348 387 434 969 -635 -275 706 -358 -346 -789 198 -960 -142 -50 -233 -576 820 606 951 695 -37 -325 -805 -164 29 -584 -160 558 555 329 -1 -448 368 -137 642 -940 629 -673 488 -284 49 -835 942 -203 957 660 561 -153 440 -705 214 -479 244 212 -44 185 807 -940 694 742 -948 -468 -774 802 784 -585 -848 250 196 -219 547 -818 982 -565 175 827 -606 -114
-683 723 -656 -999 -200 189 -592 650 318 201 156 220 12 -363 -729 698 2 164 -23 -152 583 759 -29 963 -636 120 -901 900 646 768 966 -908 392 214 150 -313 -393 -417 288 -933 232 -589 -227 97 -744 90 -252 -271 -881 -98 773 -831 -364 909 17 454 -27 858 984 554 -143 42 179 -364 -34 -921 533 -154 325 171 -425 25 105 932 30 117 -378 -145 -772 -706 771 372 5 -610 294 505 -706 940 -541 -458 558 580 847 798 689 -457 776 350 600 -390 -815 132 -510 -93 601 -877 -20 501 -176 -974 335 600 925 -319 592 954 505 -624 190 203 -564 350 -467 -666 470 361 486 693 74 272 297 276 -152 -682 -854 -590 775 -588 29 418 689 808 788 -863 -693 -263 -587 624 -690 -814 -135 -103 699 401 -385 -335 605 -932 334 264 910 344 568 -824 -637 -546 -439 860 -507 614 -673 -535 22 99 -251 -868 -221 989 -835 -177 -575 -741 102 58 -779 -834 400 -875 -688 433 -312 -418 774 -165 338 490 342 -77 262 -758
762 171 596 -855 188 301 -126 -607 261 22 -782 803 -325 -562 69 135 430 -323 -50 -33 693 981 -333 922 493 -690 -854 439 193 12 -454 141 -530 425 373 -761 -30 -409 -266 965 673 190 -984 -875 429 -244 -32 -56 718 -49 -123 804 822 556 671 513 -902 255 414 940 485 -549 -664 639 -246 614 -742 490 404 -491 -666 -734 935 174 592 917 926 -494 68 627 214 -511 408 800 805 -681 440 -80 -607 -638 989 -805 66 909 724 119 -816 -462 -17 -215 -408 -631 453 705 -989 -914 738 -749 262 940 -325 -282 -235 850 104 -536 906 260 -68 356 727 271 335 -451 -656 -817 110 -191 144 915 -232 444 679 358 -403 -273 209 -968 -124 -844 -235 477 35 560 -307 80 650 861 97 206 510 -167 -421 419 -846 -260 251 308 932 546 -963 -104 -642 115 136 -612 915 503 107 -443 355 559 231 423 -870 -931 -826 633 672 803 541 264 -369 343 831 -241 -898 787 -794 -95 -911 -709 -587 -338 -729 148 -561 646 283 -930
-815 997 -122 606 -443 -596 -926 -989 202 670 -3 810 -668 -961 830 -146 964 -471 398 228 390 498 831 -569 601 732 -949 -225 240 -783 154 -182 928 174 331 76 388 -526 -101 630 278 -822 -331 260 -570 897 210 -91 -582 764 -835 -977 -664 -506 -481 495 573 390 -530 549 -6 -835 617 -688 161 -689 360 -522 35 987 341 -364 210 -821 128 424 -890 63 705 967 295 -35 889 -161 922 -745 215 -309 -906 -416 -868 -824 145 843 603 -89 237 -417 -480 488 -808 -956 737 529 -508 343 404 368 666 996 -186 331 -261 549 -247 633 803 465 -12 94 -605 -446 -656 2 986 607 -261 -379 -276 881 318 69 -369 202 968 -487 -113 153 547 -58 -239 613 -895 -956 451 206 17 377 648 644 421 928 -76 930 629 -309 -565 666 -22 374 -974 -73 579 -562 -78 842 -782 -743 -324 -576 -437 -622 -846 -758 -562 -954 222 -561 -439 928 -101 257 -767 704 686 970 923 -998 -409 -699 -670 -849 500 -241 -254 780 36 62 527 -879
496 551 -101 588 -384 377 415 721 -491 783 -809 468 693 -342 -976 763 394 221 981 244 -739 644 -923 -736 736 -930 -812 -516 -650 207 -841 76 -328 44 363 808 -210 182 -96 -63 -340 13 -244 -477 348 -127 -629 838 -442 90 765 40 97 893 -313 -652 286 737 -214 953 -821 -756 925 -867 -834 763 -900 -602 -79 -688 -361 963 -260 -316 974 -102 -814 -383 712 759 -379 -728 560 893 -541 205 675 924 -228 -120 -18 745 11 447 669 853 246 732 898 74 -820 -150 871 103 -373 -571 734 388 -300 532 -223 937 453 -906 790 969 232 188 -213 28 -664 229 117 925 -1000 -619 -950 -920 -381 -484 -815 287 915 -91 -367 317 617 -516 -818 -504 662 449 344 732 -13 384 429 -361 -437 -563 211 43 -112 410 -665 -48 -649 643 629 -214 -849 523 -367 194 324 -941 793 719 638 -851 671 -805 898 -36 -401 760 803 -46 -646 423 59 754 3 -692 326 -625 -510 -784 -202 474 234 -300 963 733 516 478 953 19 776 -369
-93 -785 -354 374 404 -687 652 -218 -364 378 887 749 -923 697 -581 -45 -694 -107 342 -613 -378 421 494 794 753 533 463 860 816 -131 -386 -363 -670 -500 851 -594 826 820 -130 -624 361 229 -673 -856 860 -654 -49 761 162 -609 -787 160 -943 853 -893 -289 768 -648 -311 -22 351 -355 -933 -540 126 -693 -895 307 836 755 158 307 -128 319 -526 -879 609 853 -650 692 846 -687 -708 -477 -908 195 332 -815 409 252 -186 796 108 678 931 -973 95 234 -7 553 195 -397 123 -830 681 -929 681 830 -334 -313 -337 -607 -323 985 959 -352 -888 -1000 875 472 151 -868 -909 -116 -411 -886 -942 -571 22 588 -859 986 -417 -680 652 527 -789 733 549 -330 681 758 -320 59 -8 791 547 29 947 -420 955 814 -507 -887 830 578 -455 -606 886 -908 -496 512 41 -14 587 50 -27 522 262 916 450 625 -497 724 -596 153 274 650 -523 37 448 -918 -331 -119 677 367 -457 521 132 -875 163 773 -101 -602 -643 67 -375 -353 -912 959
-644 832 232 -691 650 773 789 34 819 310 -474 -665 117 -248 -687 806 887 621 788 292 909 493 -181 120 -255 -631 247 -534 -274 -135 -41 -986 216 -920 407 -323 392 -294 257 516 -63 -967 -155 -697 512 243 -383 -634 -472 356 -869 -630 830 -220 303 -860 155 -656 173 -783 614 -185 43 209 940 -670 751 -511 -837 658 388 519 -831 876 408 -125 55 267 -158 -747 225 -989 -911 99 -707 -656 700 399 980 -985 616 756 -71 -211 -520 618 471 -916 -390 981 198 284 256 -105 -290 -730 555 611 -793 388 -252 -737 79 -631 -884 107 48 877 -654 931 128 -176 -76 -951 183 -662 -46 -143 -919 156 -341 189 -1 -373 -475 -237 -36 -864 364 -180 378 161 -631 -791 -293 950 -591 536 -703 828 -245 480 -830 -71 -368 367 122 942 941 924 -410 886 539 -850 972 735 722 -380 965 -976 -689 -37 674 -495 202 -587 5 -246 731 45 -579 27 -509 656 423 397 278 812 -190 96 -57 -846 -986 920 371 39 264 -600 488 765
255 465 -526 948 712 345 -472 -150 -913 369 212 759 -769 -287 -934 935 252 678 -924 824 499 794 -445 -605 752 -871 -498 444 111 -755 -472 -683 520 -18 -854 837 -79 -968 77 609 -817 681 568 510 370 -244 985 859 -332 763 -346 878 -364 406 -812 427 469 -580 -952 841 -319 596 -730 -473 -769 273 -343 240 -522 661 884 215 33 987 112 -71 -553 105 351 -684 -266 794 -634 -325 -453 722 703 944 450 -371 717 -838 -225 823 467 223 -754 -604 -210 18 -138 61 350 -23 468 -8 899 403 -376 -292 -44 -154 -246 -763 650 -489 -137 -427 772 997 391 -217 399 886 104 397 39 586 57 -2 -904 44 -732 934 -607 -587 777 142 596 -150 739 696 -383 -395 -433 154 -30 245 648 -208 -858 940 892 859 136 -879 -635 -732 -2 -332 1 -124 -781 -636 164 167 -569 -409 893 868 623 913 -604 697 656 -714 -890 219 154 -714 -552 -723 24 -384 -848 931 -399 702 -564 410 -874 259 -449 -530 -963 320 378 -927 -412 -67
241 -130 979 679 -818 244 -430 94 622 826 -915 -741 937 922 71 748 -364 -696 -894 98 872 737 -804 476 -553 815 492 780 889 155 -12 797 971 -167 -375 -553 -196 154 52 -990 480 321 -128 922 -631 98 113 -991 -508 -155 100 454 -187 -575 -403 -404 696 135 791 550 -740 482 -899 -883 893 495 478 -635 676 -776 415 -414 -126 -999 -534 803 -444 -80 915 846 867 546 -6 392 503 120 -157 622 -788 -700 997 -949 984 913 -899 643 -676 796 958 874 903 743 509 200 -371 427 -612 -379 -894 822 89 538 95 -366 418 995 967 701 515 -445 -878 521 963 -308 629 -846 111 439 -140 215 -563 -110 575 913 -650 -612 671 809 458 -607 32 -333 -741 264 -717 -253 -798 300 -461 526 325 12 -514 -316 -103 226 -516 -22 980 317 -13 -70 100 -18 62 130 124 -887 -742 -215 -472 -213 -208 -797 -148 -257 -493 -724 836 924 274 872 -703 539 -497 -239 -886 -697 -412 -724 -378 827 -398 -755 -535 15 -593 447 -849 261
-439 -289 205 738 250 -390 42 816 4 37 548 288 -309 -354 974 231 572 896 -528 16 336 -368 721 546 -574 -209 49 -460 751 195 414 94 -505 475 -101 157 243 -271 641 829 312 123 -924 981 -604 463 -862 -388 456 602 116 -636 -425 948 -580 -749 -877 -556 -472 96 -525 963 916 -321 -336 -48 970 -705 -119 -930 -621 -119 -989 803 566 -516 729 -585 842 -72 320 362 -82 -495 883 316 185 -432 545 360 -204 464 -362 749 818 -993 209 -824 -426 -430 -582 -129 356 -65 -45 270 397 779 139 823 75 250 922 -98 273 -833 468 295 772 681 909 -808 -733 -37 -701 -864 -659 -954 950 -288 -858 -224 804 960 -274 -685 252 371 -677 -91 -223 64 571 -745 -839 576 690 -428 -320 -422 -745 862 667 781 -283 -117 508 -192 771 -48 -443 -583 -674 592 841 107 -14 -810 429 360 -371 969 672 -929 -183 187 -227 117 558 361 280 -626 169 -197 -183 -656 436 -204 -720 -408 336 913 468 -991 227 108 151 51 -848 35
455 231 454 -40 517 -963 538 -638 -182 -946 -580 -880 -825 541 -201 470 564 -210 394 -87 427 -626 -703 625 303 -578 462 596 805 -645 649 474 497 -179 -296 910 169 -444 961 -73 189 854 296 648 -892 669 -902 -314 -235 -47 -330 -227 -379 -699 -247 418 -967 -782 -935 202 -860 -873 776 -782 -487 -279 -421 -243 -685 -59 523 -539 -628 538 612 -444 874 -773 338 668 578 -142 -971 -330 -839 374 611 -995 357 -803 -168 -142 960 416 -455 -636 -89 -52 -301 -370 -472 -738 236 -6 512 -310 -319 815 720 997 981 -864 -130 -958 -985 698 -424 597 917 413 669 -458 -923 -625 -631 191 985 855 394 -944 401 -73 -932 640 637 91 -421 -124 -514 -216 -396 462 800 -194 -413 661 894 220 257 187 -865 -29 312 -367 -950 461 -255 -27 920 366 476 323 -494 496 -91 -313 734 -902 -145 397 406 -815 852 47 357 -475 821 -188 -319 85 407 980 700 -949 -939 309 -81 -898 -140 402 -477 -797 -292 -912 -891 -90 -14 724 -748 813
-620 -973 507 -318 -883 -721 572 315 -866 746 -963 -551 214 699 -427 -120 -665 755 126 50 -455 171 -117 969 -828 -441 -154 -198 -709 733 706 -211 -824 988 -584 301 305 -204 -405 221 461 171 669 787 -693 -819 -951 -502 -26 -411 -763 -865 50 -64 -863 693 -831 -922 -359 528 -857 566 566 -887 844 -452 195 317 33 956 -185 860 -218 302 -867 -203 -617 -464 160 -959 -910 721 388 -812 533 919 602 -289 -523 -1000 204 -835 987 -232 52 511 -826 -796 -853 -515 -737 704 -921 753 122 -7 164 949 990 449 -167 132 -600 -460 -101 -479 114 -930 -344 -637 -693 -526 -972 228 -764 368 884 -914 346 355 192 -697 -597 755 -903 -130 -311 -794 -206 -172 843 -558 241 210 348 -255 304 556 410 -385 835 904 -450 201 -306 354 -613 916 589 -482 -207 -199 519 722 -989 -243 293 636 828 952 618 788 -908 -895 305 155 -352 -950 123 -778 855 -229 -564 -512 -538 747 -577 690 98 -563 227 24 -256 -898 1 916 839 11 -853 362
404 -229 944 263 956 678 270 880 -26 -708 -484 -417 511 -109 -742 -868 851 -522 361 -917 526 207 -247 -801 248 412 172 677 -492 -493 -945 -234 -940 -359 922 -195 -285 -896 149 435 -232 247 434 72 990 -783 -158 820 -879 -140 137 -979 -97 960 -906 360 56 737 832 -592 808 -75 328 191 -565 -251 778 -472 -189 -84 -170 -67 -338 731 -74 -947 -629 -495 -686 -286 129 807 -887 695 843 289 -658 560 -918 -50 -261 84 787 696 533 171 -53 470 -681 348 -972 275 790 633 -946 -37 706 -838 -571 -889 387 -160 -918 -578 -106 -719 332 121 540 -984 -207 892 675 -662 69 -559 -311 204 -197 -535 586 -558 -734 -864 789 957 -405 124 -996 497 -811 -984 384 69 -233 -300 -438 646 34 -246 -693 914 -252 214 198 -262 -827 -727 -846 975 -590 466 555 320 931 -126 441 641 229 403 -818 -892 -852 528 82 158 -269 81 -181 866 437 900 468 -243 -245 -348 -760 -903 -376 -686 -251 -590 -515 -658 -484 -89 -8 -986 -563 841
-326 -777 -31 705 -65 684 -134 284 -823 357 865 -744 -943 -490 -509 207 -314 -470 -208 -118 993 -540 683 -392 221 341 -820 473 27 953 970 -761 -287 -403 -293 599 -355 312 898 -408 84 725 271 -783 -395 413 -241 -140 379 701 -350 -550 -717 -184 -488 -49 946 859 -979 -269 721 -91 799 -829 141 759 366 -760 685 155 -490 518 -493 895 203 993 -116 -483 -903 -170 968 272 128 -135 -732 -708 371 -2 795 -580 578 403 -659 722 -110 -558 679 783 -544 -385 159 102 -344 140 -245 950 978 -865 -1000 779 -347 -6 -511 -544 652 -258 -684 -849 639 38 -542 -699 -529 -114 630 378 -517 -270 629 947 415 478 -662 -571 500 -991 -26 -301 319 -859 412 928 -664 -23 889 -659 428 45 865 643 454 -620 303 -906 -271 322 54 972 -327 -652 -572 137 -392 647 978 -126 454 -733 -328 -787 685 996 -540 -10 790 -431 94 -213 223 970 -455 338 -986 -61 183 -590 -795 -223 806 -941 -641 -449 -93 333 915 230 866 -152 517 -98
711 -70 -436 -956 28 796 -672 794 441 20 -52 -794 622 -992 -537 617 -315 350 -341 948 -960 891 416 -934 -467 886 -82 270 432 -714 619 -270 -434 -443 -160 -502 84 -966 -216 869 967 -716 -516 902 -1000 690 534 -135 449 -380 121 669 533 -87 792 659 156 916 699 -814 -859 387 -24 -873 -370 -83 -275 638 -420 -760 -245 -745 193 -711 -834 -894 633 681 186 -736 437 -68 -908 -77 -628 -355 -349 267 -130 -665 724 143 424 -495 141 916 -414 -594 551 -936 -820 361 656 457 -833 -191 -125 -5 -871 626 502 119 68 523 -289 571 -534 -42 224 102 662 2 -632 806 101 -564 71 7 631 709 936 592 398 -825 -408 918 437 438 -930 201 -677 387 -811 -815 -991 -979 -264 390 600 -261 42 257 384 224 840 586 715 -117 -66 -780 241 -119 257 -20 248 -941 -510 825 -56 753 -986 604 -151 180 423 100 198 802 -383 -963 -865 -446 908 54 67 -999 -923 664 -30 -999 265 71 485 -61 -548 -601 153 -968 -115 918
-625 -423 -308 981 146 -725 -420 -790 78 -534 932 -193 492 612 619 467 909 -880 -449 -591 871 197 -561 -69 894 173 333 -76 -778 29 -673 535 903 -836 731 407 -52 -949 981 693 -942 -528 -719 -510 528 -504 398 -695 -769 -799 379 -171 941 836 166 -504 -177 -315 -981 79 -259 -417 918 -563 138 32 976 608 862 31 498 -562 453 555 -57 -211 242 -41 -267 -121 930 -907 -83 181 441 309 -648 -452 -132 -559 -405 985 830 899 514 363 364 432 764 -687 -605 76 890 -677 374 264 999 72 476 -972 940 -535 980 358 -539 1 -536 -703 148 -413 -619 -817 286 -802 -388 953 152 213 41 -852 -320 -991 -332 -280 768 -95 -380 644 -621 991 111 -730 -845 -89 -224 -89 606 83 654 443 846 -145 27 252 282 700 904 -335 187 784 789 149 142 -113 549 -860 599 217 -99 -814 -555 -234 -135 -868 -529 -720 -630 582 899 284 -377 -748 324 919 559 574 -9 -30 -395 661 902 -497 -282 -71 -497 165 530 351 -720 560
-462 -969 -276 -453 -395 679 -583 780 -486 471 93 -336 579 -288 -478 -895 75 -485 -622 -382 934 -273 -200 -533 -903 -252 933 838 -387 -293 -102 231 -469 -675 920 631 848 21 147 -276 322 365 559 -584 854 193 -113 -340 645 709 -823 -387 -627 46 758 -475 539 -482 362 -436 721 720 -442 114 -308 523 -757 832 435 922 656 -149 -699 31 -737 312 339 -661 548 272 -33 656 880 497 -271 784 597 36 -680 -789 168 790 995 854 -842 89 232 -944 481 -969 108 947 -505 -460 -375 -699 579 -576 641 490 -174 571 -504 -820 427 661 747 208 657 424 520 313 -349 -275 -170 -163 -205 -127 454 415 -899 483 67 23 -246 10 -661 -501 870 698 427 462 730 943 261 780 -721 220 272 -775 455 666 -914 815 -365 -88 -311 -367 -664 47 339 -290 742 -71 -621 419 66 -683 67 -239 978 -700 202 512 533 703 643 -667 -472 -446 642 -556 -228 973 853 -699 847 921 -889 -909 -242 -283 -484 -350 -591 -444 787 -586 235 932
65 474 759 5 -331 210 745 491 740 261 670 256 -471 -626 -588 -827 -203 268 -249 -10 -164 -712 -312 766 368 -178 -462 -567 -317 -337 482 158 461 -996 -844 113 -1 -88 55 382 -802 683 -368 -97 454 -317 -839 289 -194 -334 -832 -772 348 784 340 -693 85 788 -640 972 522 -686 636 425 648 548 -743 190 298 390 -561 180 -431 940 976 -166 -975 -145 170 930 -39 932 -537 -849 -915 978 327 183 539 -950 894 -389 -154 552 -565 147 -367 -740 92 -954 332 827 -100 721 -82 890 -974 589 -961 -118 778 -41 -26 -981 746 897 977 -42 778 -217 637 153 -133 -31 -809 332 31 941 420 -277 -587 292 795 726 452 39 -801 -184 76 -473 -571 473 -884 148 99 113 -836 97 -920 -797 71 915 -16 -44 286 801 46 922 618 27 6 764 920 168 -738 828 -190 -331 104 201 249 442 449 873 -668 992 -973 -163 -146 -657 -188 -42 984 -244 791 -979 -958 488 -3 -396 31 538 -820 -399 165 174 810 294 496 -588
-167 355 -901 -517 -108 986 -678 723 -634 -160 -49 -431 44 531 -40 684 712 -948 -408 367 576 -318 574 74 83 -715 868 -69 -241 846 59 991 -393 -462 -272 -790 -636 -161 896 -385 718 -97 519 880 -410 -670 -105 320 338 -224 -61 -920 690 -623 -74 714 49 663 -438 -511 -766 -146 274 396 -80 985 453 503 133 817 610 680 -752 665 -445 -905 813 -723 252 398 299 -686 -210 -744 -587 965 302 -971 694 655 -606 -80 -780 421 643 -594 -968 76 -146 617 787 -778 193 402 67 205 -457 57 557 743 43 -993 151 -463 -737 854 -87 -148 -158 557 -91 662 255 483 282 -409 149 -926 760 842 -151 -864 -842 754 -30 279 -507 -496 -256 -141 -330 527 264 599 -367 -175 963 938 424 299 973 -243 -492 441 239 137 279 33 -714 489 -910 -787 -92 -381 969 729 -896 -9 928 -14 180 -773 725 -870 712 -387 -431 -347 851 -202 279 -505 -544 -313 -311 578 -303 -723 889 -466 20 -719 -389 -709 166 388 456 752 776 34
-495 642 568 -301 -752 116 -680 -319 618 305 -628 -710 935 878 272 967 873 743 930 346 758 220 -720 141 237 -904 357 -397 394 390 939 -883 478 833 903 795 211 -656 -598 601 615 -319 -397 58 -424 -770 47 911 -783 -776 523 306 278 956 87 808 499 92 -119 951 989 -796 631 -782 927 253 189 574 -105 -351 364 -945 967 -893 352 -809 948 775 -445 -309 349 72 -664 -975 -204 -492 -297 -398 786 -252 -77 176 -499 813 869 -380 339 -771 471 58 -615 16 -783 -218 -979 998 523 86 178 34 508 642 258 642 -879 256 -496 -356 -370 443 -522 934 -97 938 -640 700 916 -17 -271 980 -739 576 -362 707 495 29 797 -226 -540 593 -438 -845 -977 503 767 -28 -160 894 -945 -334 -498 516 377 -337 -886 836 -230 -52 185 -721 746 -971 887 -488 25 831 -668 984 -290 226 -61 905 819 -979 654 -636 917 -953 -133 666 -836 709 643 -416 667 44 -80 -436 -723 761 554 40 -498 -562 -579 83 -251 -287 747 -457
-862 -358 607 -526 934 -147 -959 712 -908 591 -54 933 416 -431 257 -508 574 -840 -493 -313 -403 775 -488 493 -638 -520 387 877 -209 864 838 919 871 -887 -240 734 -931 615 -361 -522 704 -216 -124 -254 338 631 -118 320 119 855 -69 -213 -18 927 -881 -716 367 665 -20 361 544 602 480 -982 936 917 735 157 153 -181 -514 629 81 547 736 -752 930 -116 194 -557 -945 -972 940 -339 -973 996 -126 593 -668 -947 -857 346 776 486 396 -138 -416 141 -108 787 45 603 -742 195 -425 579 -909 -217 504 -473 -413 329 -499 -566 644 301 45 -459 -311 -712 882 998 -574 -531 75 995 156 -502 -154 834 -967 808 -234 -332 -934 -461 265 377 610 459 -484 646 -746 -101 -535 -522 328 -760 -736 -791 -510 516 259 349 -899 294 180 899 -323 -715 -908 -751 -959 -324 349 577 787 -854 260 75 229 -736 168 -157 446 123 118 895 192 917 -386 -637 873 178 719 -565 -619 135 288 426 769 -10 -860 -790 930 389 -831 -258 833 333
-578 426 243 -406 772 -221 -864 -590 347 -581 -66 944 963 -622 -170 16 -361 229 -339 144 -224 21 417 -850 326 -1 -951 110 291 318 943 689 -728 704 -477 -152 593 -989 842 -41 -98 -677 583 306 -662 504 710 833 708 427 -535 42 -204 632 -893 85 266 -323 849 492 797 -388 378 956 -821 679 -96 -234 205 140 959 -814 297 734 -476 -716 126 -645 -355 939 897 715 -357 823 689 -327 173 477 -301 -225 189 -871 609 -721 -813 -231 979 -192 417 851 856 490 -747 428 -517 601 358 -768 -907 758 -925 -383 158 937 315 870 786 751 694 -816 -826 155 885 175 -400 578 475 -34 -484 -640 -129 -657 574 733 716 -862 -1 -589 711 690 858 223 747 -830 370 -788 -719 306 970 99 952 391 -525 -287 -302 178 -776 -643 737 725 933 -36 351 551 -477 -454 248 -738 780 929 -185 291 -937 747 970 -452 588 940 -357 382 -821 -969 -214 -217 437 514 -287 -437 -977 -135 591 370 -51 -953 628 403 -473 337 -30 145
-980 739 -645 842 -712 -523 854 970 -465 61 706 249 -685 765 107 540 -608 837 762 -524 -807 -407 -333 655 -387 -780 -954 -178 -682 754 528 -797 -150 530 107 -760 334 -243 -477 -944 -381 -788 695 -333 736 -777 -900 -666 767 844 355 511 -926 -79 -87 510 500 285 903 496 -125 -558 506 762 -780 -586 -496 -707 237 -384 -480 908 -868 101 -615 -495 -534 979 832 940 -611 332 18 -221 713 518 -80 638 766 505 -399 279 137 696 58 -495 460 -523 512 81 918 -984 538 308 677 -967 -925 -445 587 -772 -555 -692 -284 -9 -154 885 82 491 509 -935 825 -310 307 503 870 -147 -848 216 741 -166 876 190 692 -347 -786 658 -912 -336 -808 -899 867 -948 736 -533 -154 321 -976 -87 -239 516 -538 548 923 501 -582 218 981 -652 173 -624 -728 372 -147 358 -607 -13 907 -439 586 619 351 960 -757 -641 -461 271 228 832 602 30 -523 -521 -586 -367 -456 947 -759 953 672 827 781 -817 962 104 164 -921 -712 -164 -515 304
335 631 465 981 461 225 -186 285 666 859 -840 -574 -560 498 -899 -321 -654 -742 -732 -457 291 580 548 352 -605 -351 -704 819 796 -526 -774 -636 -565 180 94 200 -620 -309 294 339 12 -154 71 225 647 -363 -70 83 786 273 -147 -733 603 702 354 -382 -999 -263 849 996 -877 -947 -890 295 877 471 -784 561 335 -238 543 311 921 910 -576 824 180 546 464 -503 -448 -787 87 779 75 507 378 900 449 -802 -96 419 -817 253 -929 671 924 -677 -219 97 42 794 -120 268 -585 124 603 989 275 217 -577 -362 -85 -150 776 235 380 -708 610 275 -370 -114 -225 380 961 -149 -19 212 -179 -708 -370 -333 -353 -625 -434 603 238 -766 -735 -153 571 -307 -53 533 957 -938 574 -580 67 134 -554 -619 242 489 -995 679 250 -747 -846 -861 385 293 -998 700 27 184 -394 911 -119 -951 -679 306 -792 793 -241 51 468 -883 -251 -310 -206 779 -834 -354 -747 -725 896 -25 -489 40 604 -910 -282 266 -442 872 760 -723 -588 665
916 -875 377 -270 209 303 -96 680 -84 675 -257 960 63 -591 -727 523 -972 -359 -177 841 724 637 516 427 -347 398 542 -637 631 328 -232 386 -691 410 -726 -431 -176 -106 -119 -656 148 -191 412 -466 538 -565 -782 123 918 175 -591 -792 898 308 -594 857 -346 -611 -247 -774 -380 -531 -150 -145 832 -690 -779 -860 147 -543 872 11 -231 763 -505 -586 -633 -359 -602 -592 821 -147 728 -854 -58 -776 -506 434 -666 419 -955 742 -545 -315 -54 910 441 272 371 127 805 144 -520 -85 -334 -506 -874 -921 162 834 38 54 692 898 213 -581 -805 720 -638 -668 -493 -994 148 -215 85 114 759 -692 789 619 -276 796 180 -255 614 -437 445 -625 18 525 -100 -599 -575 -857 -365 859 732 475 271 322 -436 -893 633 91 9 784 -864 695 -729 40 -496 -34 -390 291 -688 -909 699 -81 -83 59 -580 -93 34 -477 731 526 -753 299 47 -801 -401 675 -318 -449 -760 321 -99 399 -552 310 145 100 -366 15 715 -526 -23 -661 -202 -496
-439 -918 -689 583 -319 916 -329 369 -219 -577 588 -873 243 -123 990 -15 209 -227 247 273 -104 -271 528 -561 418 -100 -648 -352 260 -458 -876 -793 906 397 -924 -404 -414 544 -248 339 -943 407 -169 -182 244 -637 -770 755 -341 -536 -250 -588 298 -299 -241 580 645 -255 -748 -849 -114 390 969 -794 140 781 -898 609 -822 -416 -888 636 323 205 303 776 567 98 -891 -888 151 -35 -97 -733 475 -778 -655 266 156 392 -888 -796 -332 -942 433 -606 93 322 -763 402 -475 -256 -400 -259 -521 -754 -112 -526 -420 705 218 -196 205 649 -64 280 368 966 654 973 -565 -425 291 891 -790 696 64 -135 -746 -670 -374 -143 -746 -189 110 -883 898 -497 850 411 -487 172 -375 731 625 -699 483 467 -895 115 -755 23 -296 -953 -685 229 -879 -259 931 -195 -149 -934 833 172 787 516 683 -412 659 -303 316 830 -944 -276 99 147 -341 470 -533 50 -89 959 978 889 518 135 -449 -4 -152 126 -195 -113 -621 467 96 -809 131 189 -519 823
-260 -367 259 -75 -281 -462 -781 -338 574 184 -701 717 761 -152 910 39 60 -856 -694 -110 806 751 -691 22 715 -311 -822 683 365 -482 213 824 -292 -151 -746 -818 -647 76 430 -846 -17 187 883 -399 392 -169 -645 -818 -626 808 938 -128 -510 -565 21 -188 397 -239 -398 -784 -248 -694 841 830 -378 -943 193 211 -626 -190 335 971 -73 544 -723 956 251 433 168 -513 768 372 -662 340 -714 -340 -99 327 325 -591 -138 -695 30 -851 -618 -730 816 263 694 -784 -36 322 -563 592 -611 -379 -863 -2 -972 681 919 -549 954 -594 364 292 620 791 550 -451 551 -290 -283 -281 -910 782 357 857 -457 23 610 -382 -684 503 -655 462 -975 -265 -449 -196 156 609 431 -994 685 -418 319 -99 -654 -245 -788 -957 -333 -758 -889 19 349 -292 304 622 426 190 804 614 -897 -261 603 348 -388 -277 -770 463 90 289 -495 -818 -741 975 19 598 -623 -962 176 -689 -500 922 108 -829 -637 -94 -835 -997 -338 908 -131 -283 -747 137 273 576
-920 -959 -550 -785 52 300 -741 16 -289 535 -899 470 473 888 37 461 940 -618 -985 -229 192 115 904 352 -79 -657 615 749 -906 419 -928 96 320 142 -916 -934 -161 -473 910 972 -195 -410 -675 140 -37 -41 828 -207 -589 -496 515 916 494 563 -968 404 22 -702 -419 654 578 -806 39 118 -996 563 -583 -5 988 189 631 907 -189 762 -446 -786 704 -756 149 558 -294 -11 -648 525 731 -359 599 -410 -444 -428 -919 258 -990 -709 765 662 -576 48 479 302 738 675 -301 314 -777 874 -15 740 -247 326 -171 489 237 -195 653 965 -300 -667 -117 929 231 276 -473 -368 -663 -993 -329 -210 142 102 -400 -759 507 -163 927 -213 397 360 -918 232 300 -39 -518 -721 304 -51 856 3 374 -209 365 844 -823 306 29 37 -906 555 710 25 -504 -345 141 -883 367 205 -656 -808 -714 705 603 -648 511 -499 492 791 833 487 265 334 -743 156 -609 467 389 -775 152 132 -266 -995 -821 276 -45 -981 556 624 953 574 417 222
197 163 937 351 -509 459 -539 658 106 -726 558 -726 130 205 -174 -683 309 -770 663 242 296 904 956 918 -737 549 95 136 -6 -711 375 381 451 80 -925 677 -458 285 896 566 804 12 -554 -131 599 -73 -313 582 662 -978 268 -163 228 395 -671 -332 -376 -932 -929 -787 111 -347 583 475 620 -446 -217 862 992 302 663 491 693 571 595 800 -751 925 -823 -325 148 816 -658 376 234 -768 715 -867 37 -714 169 -343 515 881 448 -278 -664 -666 -146 599 -8 -503 -175 777 531 556 994 894 -474 -727 809 -533 -877 862 731 -558 926 -611 675 86 381 -750 -933 493 -868 -853 -660 -287 667 -689 573 122 678 231 -896 -235 481 -327 -590 -786 640 470 -148 -124 -197 -250 82 -660 -144 498 -517 67 648 215 -970 879 568 415 -490 167 332 345 976 -127 -849 369 -871 148 680 364 -887 -636 -568 -555 532 720 627 470 -942 879 -703 225 331 251 -470 897 782 542 887 845 -425 931 313 -336 -419 -798 614 109 856 471
-216 -374 -747 362 -897 -363 805 -605 179 616 287 -337 367 183 249 635 -97 -487 -634 -859 952 -295 794 -66 -164 511 -44 -153 -603 -906 36 -853 841 -734 -372 184 -502 -409 -274 -946 -92 -575 285 826 -763 227 884 -197 -127 738 -41 -639 -670 104 99 -522 -233 -56 568 269 -808 -953 -765 -668 -70 436 -149 -896 389 -68 215 325 893 245 -539 -696 -992 -786 114 -965 34 -641 -727 -360 -448 854 993 -215 -756 501 -861 -333 773 16 102 975 630 344 827 498 616 -478 -306 -946 -12 -769 -825 515 541 429 -637 -262 -511 -723 -741 921 -878 -212 841 137 59 250 121 830 194 -182 65 -293 392 370 -195 585 -854 172 -144 35 -669 -398 -790 -361 585 869 216 -871 943 -14 -452 23 483 -702 -163 -952 236 -552 -25 528 -298 246 -379 -114 -723 -384 -478 318 -246 -135 -833 118 78 -187 -438 184 -201 -907 -667 566 -396 -435 -256 468 35 824 -80 694 -357 146 544 -726 461 857 -323 -789 -784 -102 446 435 221 529 799 -294
-918 -801 443 -958 -192 -324 603 -99 -321 -868 550 -486 -734 -606 101 -662 865 -898 -958 497 51 -848 -764 420 991 16 535 729 -160 553 -889 958 -561 760 315 584 623 -564 -672 742 472 279 -124 903 -989 468 701 483 616 303 728 -609 -466 524 -595 -12 841 -590 7 -508 -74 -922 210 345 -791 823 19 751 -6 -907 572 326 811 -753 -735 -914 152 305 242 484 -351 -443 881 792 965 -505 427 -80 568 -986 -482 683 771 -801 -205 -483 603 120 -215 -508 58 -957 -443 602 128 375 246 -815 -282 938 247 -459 -664 723 422 -797 -944 -923 895 -450 414 -129 -462 -344 34 -662 -892 667 444 159 389 105 496 89 -270 653 942 637 892 623 -519 -362 -93 585 984 690 -808 -486 -589 -152 332 -949 806 -421 -470 709 -65 -663 -161 -108 268 543 -800 -522 -204 397 -30 -243 647 -908 161 -313 249 -802 -896 967 407 -872 443 -487 665 24 -991 -146 689 -782 -906 971 376 164 -368 659 -455 -685 487 629 824 -506 -837 639
-332 737 791 -756 726 -776 -843 -47 304 -676 -561 74 821 72 688 -89 629 265 522 -808 325 -675 376 939 577 -426 178 -14 -673 -196 361 -950 -876 -325 -510 -348 -446 -905 847 -868 -139 -465 -274 -598 869 549 -644 105 874 572 694 -827 227 -391 316 -751 682 244 454 372 -350 -918 -464 373 -299 -351 775 893 530 802 781 587 -422 768 -823 -601 348 -318 -231 -658 -183 -985 -585 -856 -45 -861 -610 -382 42 571 -402 -876 -208 -208 64 -886 -54 123 286 -560 -709 193 -730 -550 352 235 690 344 -395 539 359 -688 567 -589 -815 538 669 572 235 606 -106 -66 229 939 463 888 481 -543 986 -698 859 713 -717 562 27 142 -246 -119 77 455 231 -268 220 268 -96 -920 -764 659 437 759 -758 -230 -503 954 -121 289 -839 717 285 -5 128 564 637 304 -464 686 -832 909 -253 466 916 954 -354 36 -869 298 100 -979 892 589 -461 519 -168 597 806 371 836 748 -611 757 -894 417 -62 -353 -327 963 -869 698 -554 859
-50 -370 -937 -905 -966 196 -549 66 -941 980 -369 -483 85 -265 988 981 -338 -77 465 775 -786 855 -275 92 5 -146 448 556 961 783 -555 523 -590 196 -95 762 694 -588 397 -825 -477 607 473 573 400 -988 590 998 -96 672 -698 934 36 135 456 -58 941 443 -945 -844 97 893 -621 -647 572 -398 401 2 428 117 -9 -615 -271 528 -728 -983 -934 -542 -634 141 -234 -840 603 -362 -514 484 68 -481 295 654 -942 38 956 699 -416 -806 -491 991 -551 -915 -815 -1 -321 686 457 266 -463 216 -93 -142 -800 -288 409 687 -54 487 -885 -3 -73 -725 -238 78 980 767 -581 -796 -136 -174 -376 54 934 -788 814 -487 -237 -135 762 -233 -978 327 126 -134 -522 -526 128 1 973 -64 -531 702 -390 -418 -928 27 81 374 957 -405 150 478 -790 503 961 870 -938 560 176 -379 644 817 -881 451 864 311 -962 299 689 631 -850 402 339 438 -86 324 -939 259 925 -259 -41 252 535 -659 782 754 -481 -971 -26 753 -358 -426
10 -507 -591 114 -450 -152 555 -269 -424 709 395 257 -561 -133 241 783 -309 -858 -346 -586 283 491 576 -448 -132 -657 -338 -961 -949 -832 -956 -646 -270 -855 781 249 375 -39 -420 522 -654 58 -522 -588 -412 -217 -122 592 245 7 251 -199 -127 -398 154 947 -139 -934 -96 -962 -89 -592 396 -521 247 894 331 -96 -304 -878 -577 908 161 -727 -357 878 507 -965 304 -798 -638 769 262 591 -71 153 -33 405 838 1 -596 -683 -601 692 -931 294 -396 -850 -32 54 -291 -459 857 -443 -481 536 -30 -973 -172 -809 -732 955 450 -657 -917 11 -973 208 463 951 -650 -693 308 63 680 -32 -859 458 963 825 -646 376 -102 537 -153 1 845 -381 -861 -408 -321 -251 -838 -514 832 410 -250 -592 -633 -720 -606 53 -6 -868 -91 284 -645 394 -516 731 -640 -871 -315 69 70 -606 -861 313 -131 -975 786 -884 -333 392 -58 772 -393 -730 60 769 334 -616 926 346 -608 705 723 -500 201 925 942 -793 -692 -160 -40 358 807 24 401 502
223 416 -102 -460 -211 411 -225 445 931 991 131 -616 -699 -443 -676 89 627 82 161 87 492 -402 -638 833 5 -390 -340 259 804 504 -834 558 532 13 -282 382 -505 823 -329 -521 932 430 343 422 -256 -346 -233 354 538 -22 -176 -488 -863 433 39 -171 716 -709 -766 -738 -294 -759 61 473 967 -533 934 -577 467 -645 -726 355 -581 -512 507 -794 994 -265 187 -165 464 162 42 978 375 -965 733 582 -40 164 418 -813 691 879 -44 272 -822 -139 -736 267 -875 10 775 -513 425 -311 -641 53 -43 -340 -333 -404 -962 758 598 -236 267 -599 435 -630 376 -836 839 845 755 492 -876 -234 -951 775 51 285 -159 862 -103 -945 240 -46 498 935 -605 -795 659 -779 549 -389 -762 -533 -891 214 608 -265 947 -785 -202 -222 -782 -852 413 -820 19 818 706 -881 -389 -982 754 708 -343 -661 -469 -737 -801 765 -85 209 -95 658 -661 -827 548 -235 -201 943 -673 -48 -821 138 -949 269 742 -731 59 -603 627 631 -347 409 -838 -930
456 314 -161 936 946 -635 548 -81 338 599 808 -894 -145 -947 208 -287 50 339 -149 -249 -73 33 -9 608 -855 -684 76 150 51 -316 4 -759 -759 -350 -800 -880 58 -684 483 494 4 -707 917 343 -678 741 -246 -518 309 727 -863 798 232 188 276 264 -269 378 -557 39 -507 -560 -474 396 -321 888 -791 -983 -535 54 -323 -39 -507 -648 627 491 -263 501 375 947 378 -96 559 40 389 322 -466 -55 258 -916 683 -838 630 615 -854 -276 -947 -984 -788 -324 251 104 -940 -149 -947 -156 341 -391 -547 -192 -131 259 -541 701 606 70 332 -135 -373 -370 -473 82 860 -179 -485 -714 -308 314 513 -988 -545 -979 -358 552 511 62 569 -712 779 199 162 -329 558 -716 -577 -964 -1000 -444 771 406 -295 -446 494 124 812 -980 -903 -521 587 -355 784 687 677 -705 -952 281 573 -488 -372 895 -745 -38 968 133 -332 982 489 790 -918 199 944 157 -317 -820 608 91 -642 219 -651 640 425 -116 -991 672 593 -812 -17 -13 -962 285
-80 -537 117 -150 490 703 776 -157 549 -683 -902 -727 829 -718 -889 441 -83 -909 -680 -677 785 -94 753 52 205 -946 -809 -974 542 -764 996 -313 -37 -470 -955 76 327 982 572 336 -938 -932 64 679 91 593 838 676 -44 -468 969 -245 -262 -891 546 -603 828 -220 -922 354 160 -681 91 -899 711 564 -950 233 -143 885 -678 64 -227 526 220 -713 47 954 -516 953 -707 -578 -302 84 -39 878 567 345 910 135 154 -298 299 494 767 163 -404 -15 -906 240 -520 141 186 179 -624 862 -45 285 126 593 -455 -377 -876 -232 -779 571 496 -383 -109 -531 909 607 352 402 290 999 77 873 -951 -389 445 280 -765 723 -117 332 -25 535 105 741 -280 64 211 -929 80 -199 447 -913 532 295 333 -198 -32 321 -639 -550 912 15 -344 443 -43 -146 -783 38 -586 -828 4 281 138 -714 -419 272 -351 275 444 825 55 822 -116 535 478 -410 -612 -114 984 682 -564 321 338 769 -356 748 69 -42 217 -833 220 -965 -101 -541
-284 -73 778 118 -222 116 -806 464 579 225 157 -866 -481 -392 244 343 25 -259 303 -415 -377 662 -448 504 41 -409 -881 122 220 548 -58 -957 757 -909 86 572 -402 282 -668 -760 842 36 -658 -666 44 963 -367 8 825 -951 1 -905 918 496 84 -295 -721 402 496 -336 152 -106 994 565 -594 504 85 -350 -877 -651 -189 394 -737 279 -251 770 555 -307 282 -919 -384 -313 133 -886 -330 833 -685 553 676 309 -941 -302 -694 -747 372 -716 -84 803 586 867 985 -842 -169 -625 -175 -59 -879 -471 -785 -142 -927 -515 -426 -84 689 690 1 -268 -799 -870 141 918 -970 698 509 -970 -671 809 -999 331 -278 -726 -569 -226 335 -41 -847 428 -148 776 960 -79 -10 472 893 -60 -579 948 368 620 -304 422 -795 -196 948 -751 968 250 -299 -187 931 -575 -361 -4 -109 -701 330 -534 586 -502 -26 575 31 -273 -406 73 -644 -867 -629 469 437 217 -106 -473 657 -821 552 -544 316 36 142 -317 361 627 -605 708 -345 561 -590 751
112 -785 635 457 -149 728 -715 -716 461 -161 -413 869 244 350 -871 -700 39 944 -989 -25 183 -411 -334 191 810 439 -97 -676 -832 766 -546 -973 276 -761 -37 0 -829 -553 -271 -738 -80 894 -350 -461 -325 710 491 -185 -882 -529 -804 -802 85 -100 627 482 396 -527 -78 -874 243 695 -709 -132 89 -563 -538 -841 334 -830 -693 -256 -481 -358 164 -599 -858 800 -730 -165 -76 692 -18 750 608 -581 -941 906 425 -312 366 694 -842 -170 356 -767 963 781 -29 476 -730 -108 -556 376 -498 -525 -296 -572 -303 466 -208 670 890 397 533 -461 -923 -446 -493 503 -406 918 -43 -957 220 836 -902 541 203 -416 764 -85 -224 -642 -51 233 -35 476 -66 -463 -316 93 -326 -777 -583 984 334 447 723 882 -379 -185 -996 -946 -626 -419 20 910 594 -925 790 478 -492 -901 -773 911 37 965 -495 120 959 -933 -218 -685 777 -655 340 475 -888 824 451 -2 684 -199 165 -454 -515 -594 267 -159 530 -537 776 -18 -755 113 -626 237 -668 164
-844 781 960 -627 866 -480 958 -935 821 279 634 350 -101 -528 341 21 248 593 914 504 -848 518 881 -256 -387 -41 -783 -511 -522 984 651 324 -550 -252 -683 767 439 -251 555 -984 -81 925 -736 -625 138 -189 -446 440 354 -387 -717 110 -835 -727 -826 586 -860 899 579 -705 -568 -588 606 125 -174 -300 -581 -480 -500 828 385 700 -384 -38 697 987 -277 428 727 -164 -759 939 -36 -67 -56 -834 131 -376 -338 436 -585 -425 -382 358 321 -404 324 -39 586 930 -254 572 853 -212 204 -921 -147 -801 -920 821 730 660 -837 391 -698 778 562 -826 -845 271 -667 -376 -228 -373 -864 74 210 -827 -23 918 -222 -313 723 207 69 832 564 -819 -192 507 -777 -952 546 717 -453 907 837 -844 924 -631 -477 -675 968 -548 930 -49 884 432 294 -45 -883 310 -111 933 856 551 93 -525 -816 -329 -419 60 751 948 698 -961 -650 -585 -775 -134 -821 330 713 240 -915 -144 182 -686 97 -356 -740 -866 -285 915 838 408 289 301 -546 170
254 -120 716 564 684 100 -961 -383 -521 -296 -120 -75 973 840 510 -868 115 639 315 445 963 844 922 -862 -339 -658 188 -488 774 -867 94 -938 826 -982 -157 -843 361 -42 -968 492 121 -746 -666 -878 922 933 550 112 973 -411 728 241 -230 158 -354 988 -817 -723 960 432 940 951 -887 951 -980 182 -458 -267 821 -145 -297 422 402 323 -380 567 150 -247 492 -295 627 -54 550 839 417 -397 665 979 -787 -831 -395 643 61 -701 -641 -901 112 -42 -506 987 469 315 263 -9 -864 -453 -938 -65 773 -278 363 526 -164 767 629 -737 371 333 -338 -99 860 -832 847 403 385 -598 -403 -605 -898 -938 -1000 862 835 848 410 127 -907 -768 -751 43 -712 753 -727 485 -346 629 -813 -8 880 667 -93 544 251 -620 -705 -25 -137 227 -675 905 355 564 392 -861 736 -503 376 501 -53 618 -731 -858 -117 959 243 -496 309 -673 -237 -963 -404 623 -938 -450 -240 20 -219 355 253 195 915 273 -97 -786 -239 476 522 35 -413 13
377 415 275 997 -351 -40 628 -607 832 -628 133 -831 816 449 -748 -257 590 148 -529 790 -676 -142 964 -619 837 360 -170 512 163 -536 -354 110 -440 -678 -815 719 923 -763 492 -243 -136 459 170 -997 -679 404 925 -302 -860 -308 -595 -394 906 855 264 687 568 235 62 -695 -724 -989 897 874 -297 -245 -767 524 -192 89 172 -643 480 913 150 -912 -128 236 -272 -34 284 87 -996 -436 651 236 472 -14 545 -831 -894 265 912 997 619 -981 287 608 133 -461 247 226 -43 780 -578 724 66 -819 484 -884 -932 -897 -203 499 -614 2 710 171 -566 114 558 794 769 -463 -465 473 -289 -11 564 -322 -17 -379 15 -837 302 501 466 786 -483 -921 -577 -236 -151 -301 968 996 -616 96 788 -361 36 -853 48 981 -532 -544 935 69 670 53 -898 587 -506 -200 -643 -257 935 -624 460 -222 421 84 865 536 -46 -94 -707 -24 93 177 926 -575 -434 364 603 -64 636 -27 521 -925 -418 275 -741 -434 950 503 484 296 693 540
247 -259 537 -927 -712 461 -508 71 -748 -325 369 298 933 -243 -610 74 -220 -61 -869 -96 579 641 527 629 -645 375 -691 498 340 -491 -70 -500 -838 -816 57 -532 -206 534 -467 785 -864 889 -276 -629 -80 -447 -233 174 578 -819 68 -910 109 -996 560 199 709 102 -339 413 444 -48 -286 193 689 104 -926 776 -60 -217 -967 -310 949 -134 838 -781 32 141 -749 -51 -463 -900 -746 -974 812 -555 686 868 -857 757 948 126 535 -578 407 -901 -723 253 -630 923 655 -102 502 774 -475 -338 -995 -526 -884 312 -836 866 446 -137 -513 -477 637 -433 725 127 442 579 798 354 926 74 -611 84 221 890 -261 -452 -859 -238 132 15 -972 -425 -510 824 410 -196 799 187 -896 -333 930 754 411 564 276 787 870 150 537 936 889 -644 144 -97 -27 975 -97 37 -482 754 288 -613 166 767 -369 361 866 57 445 701 -327 661 387 384 356 -158 -585 -204 988 326 775 -746 605 -279 730 -699 -909 93 -336 -87 -52 -511 381 293
690 372 913 635 -706 -179 -830 -501 -461 993 -484 -589 -400 936 660 754 629 117 812 -623 436 -88 829 -571 -764 115 383 -553 -685 105 -103 -700 393 -119 915 -496 441 973 -849 -320 -656 968 -31 969 -404 641 519 -262 550 719 -273 -11 433 956 609 566 574 50 -225 149 558 188 -602 751 -901 -564 433 715 537 -838 -166 -326 588 520 404 -263 743 715 502 525 -76 -423 139 -9 748 832 872 -926 -724 -774 -221 -792 -805 238 755 466 -307 -397 520 -106 -165 -57 -427 -438 290 -872 -170 301 -54 597 -238 -757 892 404 342 -351 785 -750 -38 456 -950 545 172 628 -777 469 -979 704 812 630 -110 25 72 657 -910 590 171 -411 1 -698 -24 -151 -891 475 -958 515 806 140 356 -42 361 -18 -140 -816 -642 -25 -85 -366 -473 -352 -659 607 197 44 668 968 800 -515 -316 -517 955 699 305 -836 642 -323 247 -888 -557 877 549 320 -261 -131 729 -682 15 -74 -278 754 -533 168 -57 -575 894 -933 -851 -556 512 944
-869 540 -229 -145 0 952 346 -159 662 230 -194 265 -972 -410 -606 -5 160 -340 231 -444 -62 -975 813 321 410 -426 505 569 -369 -909 -371 -707 -313 -729 -749 898 325 -411 747 -227 -6 980 737 698 -696 -520 -864 917 -200 179 -904 119 -305 441 -292 615 678 719 -429 -804 688 -448 443 -948 73 683 997 53 213 -963 -826 -540 694 -967 207 -617 879 -226 -236 -183 -5 -284 -639 -283 454 100 -353 674 -83 -686 -310 294 859 -123 613 -642 800 754 -805 -151 652 -596 -342 -637 -767 -513 -472 84 -219 200 371 818 -859 918 265 -845 298 -145 867 546 599 -795 860 -103 989 -17 205 -672 -825 -827 -835 971 948 -893 285 -833 -527 -955 -40 -747 589 795 151 10 -637 -855 752 772 -664 -273 756 -185 -179 -228 -750 -902 893 935 -507 -14 830 -143 31 797 661 268 822 936 53 -749 968 927 -42 196 -524 -394 -294 101 940 858 410 391 725 -651 954 -511 83 -733 840 -643 -830 -852 561 713 450 877 476 -176 -600 -424
458 629 299 -340 -62 -429 898 -649 -125 -560 -873 445 474 -563 -899 59 720 512 -741 -617 226 527 891 9 -652 -480 -294 -729 444 -66 -316 911 854 -578 788 -188 734 326 910 611 929 -162 877 -712 -845 985 -9 -645 -326 -872 -352 478 627 381 -214 405 421 710 383 -868 854 158 -46 -922 435 -50 978 854 -993 -309 -449 832 28 58 -994 -274 259 690 176 451 936 954 -633 -140 -952 -349 -444 223 802 156 -977 638 -480 935 697 -557 74 469 458 301 186 127 -492 462 135 894 176 41 -501 508 -702 -242 102 778 -583 548 -234 -320 38 -560 -586 -235 -884 293 524 816 -145 -548 -265 316 -176 -59 286 336 300 -134 280 419 -20 -860 271 661 -42 775 -845 731 -379 -829 874 563 829 702 -231 769 404 -906 -277 -919 -768 236 256 -163 -966 -393 -1 -608 -327 -622 -589 -699 971 -98 -814 383 -916 329 -301 48 -321 581 -382 -291 616 888 253 -25 890 -198 922 256 930 -69 665 569 -78 -676 -563 -530 909 -178
296 -722 538 941 959 -28 910 -65 784 -433 -84 284 -304 -603 -639 -937 -432 -645 -613 -387 -76 859 -643 -279 426 297 253 -937 -204 270 199 -57 -422 375 -593 -246 -82 -806 -551 -948 -347 151 696 -634 -455 110 -737 40 806 -216 522 411 -546 256 126 -791 227 -74 69 732 352 -933 597 -638 594 -745 354 259 -958 116 838 584 -15 962 -630 739 447 557 -54 942 437 31 89 600 -748 -248 163 699 289 -618 908 -602 -126 -34 -280 -639 622 250 557 -210 978 934 122 -417 7 226 265 650 919 96 548 -467 318 210 536 -785 -763 934 508 846 -667 -83 81 -313 270 -81 -112 -25 -977 132 -319 401 752 291 817 -53 -142 -370 -686 533 378 -181 246 301 -652 -898 -99 286 208 918 687 -18 535 -796 -435 -327 196 -36 897 -70 455 -825 520 557 -983 460 -441 -455 -732 285 -201 667 434 387 -73 401 26 935 -453 -599 -962 7 -56 127 176 -584 436 709 126 407 -988 735 254 563 -93 160 41 -351 333 113
392 -402 141 360 24 -747 -295 -572 -671 -965 -719 -823 -504 126 34 -161 23 -735 -758 56 -677 -709 287 -791 -899 -353 632 202 -536 -58 -706 -609 -880 -64 -669 144 428 579 487 738 358 855 584 962 -564 -698 472 -629 478 -344 716 758 -376 448 -830 -948 440 161 780 726 472 -4 -544 208 -189 964 -781 -384 -43 502 361 615 -493 124 500 -824 537 -102 707 575 607 -962 -178 594 -727 879 -13 -236 -355 107 550 984 -506 -212 830 50 -862 -259 297 798 -732 914 -480 648 -515 -456 -469 -908 776 -996 -34 3 954 184 586 173 894 989 -570 4 178 -419 529 368 -568 -43 662 291 -838 22 883 628 -774 517 -447 135 45 -831 -281 917 880 -327 -189 109 -286 308 462 122 -605 578 54 369 517 -201 -90 605 466 96 -317 251 720 533 523 52 685 819 -950 590 -600 -926 417 740 363 -650 862 -849 -163 -410 431 802 -633 793 -915 -965 784 -401 -359 -566 -623 -775 504 850 -380 -504 -999 -549 -487 -665 -671 21
-226 -115 -217 154 172 -547 -893 -539 -66 720 -307 -901 -127 300 -62 -96 -700 159 -957 -606 -923 -883 96 4 931 265 -493 383 -974 -167 8 510 886 -426 -277 -507 -769 614 -820 318 528 -355 -522 -229 -195 67 892 398 70 794 -639 -185 -425 -585 -996 27 -666 -992 404 153 -909 989 -7 -639 152 -21 908 -112 -616 -313 34 -12 -81 -678 -867 -176 -781 199 590 -497 754 -113 190 492 788 906 -305 914 586 29 -713 925 -418 -304 -483 -533 -816 72 755 -240 -800 526 -871 949 -519 305 486 28 607 634 -760 692 -514 -971 394 -44 460 -417 233 -323 -140 -371 443 -526 -210 667 353 -812 -863 570 556 -707 -159 -895 765 -813 550 -929 296 77 -96 25 -573 841 -588 -613 55 486 -607 197 915 741 8 -947 -324 -54 -629 766 -543 59 760 878 249 501 -807 404 866 226 -178 552 228 657 -786 576 661 38 864 21 662 -924 -610 330 300 927 -467 482 991 235 -13 -380 330 665 776 -778 -643 84 -507 697 -433 79
857 -311 667 -262 -469 -535 -296 322 -820 -238 829 -897 720 803 -698 -19 522 24 -997 -466 775 675 -902 774 -915 590 -987 -178 -761 958 469 697 100 -705 -179 517 840 -241 -789 -46 -156 -574 983 -641 -596 -754 366 457 654 -500 871 -701 -886 -851 -944 630 -369 -794 -456 307 117 264 890 -21 -10 599 835 -185 656 -141 -516 172 867 -329 787 -65 271 -310 820 -470 -915 18 -102 596 -106 -738 16 -267 301 427 312 -446 -642 325 -993 487 676 242 203 41 777 696 -109 -63 -541 -1000 594 830 58 585 954 750 -683 236 405 122 -883 -979 -759 -859 757 29 634 -617 178 248 -613 585 499 816 -804 215 39 -834 347 -298 666 894 -948 48 699 -756 767 -999 -362 -208 -337 -497 -376 -553 -182 -482 525 -629 -526 -261 282 163 -695 -186 206 258 -980 -309 13 876 -616 -371 590 681 -135 624 418 526 952 -30 -255 140 -940 895 719 775 -656 30 423 -712 746 419 -454 -236 -163 522 -223 -64 748 -77 -17 51 56 545
79 471 -933 -842 -288 352 412 524 205 717 356 -921 725 -291 -766 853 -452 -877 725 -808 -234 -280 497 -421 832 -19 -518 -311 -409 -946 764 97 684 -950 -487 -90 -315 -838 981 635 -398 -164 -710 229 -858 -155 -370 -685 924 -537 170 -464 -167 -186 955 318 -871 371 -556 -36 94 -78 484 -289 -323 783 35 521 322 -17 -912 403 546 16 171 -10 182 774 650 -429 -854 -953 958 -165 -469 661 39 613 487 -630 622 194 -507 279 -515 494 -919 873 746 654 129 915 -216 470 632 -689 -225 -499 -641 516 -76 -878 656 -203 -31 -763 -101 306 -643 84 838 -570 -596 331 -853 -289 586 -368 -785 -850 43 -186 -667 -668 693 759 377 752 -553 -549 -165 99 -727 930 840 507 679 128 -781 -88 -58 977 -771 775 81 -373 -504 381 361 723 -328 681 -110 -362 943 -437 14 12 -880 873 -890 900 -226 -476 -952 716 332 -442 -704 829 59 850 -53 532 -892 -812 120 -435 347 -450 848 -510 850 185 -198 -393 -859 686 429 123
350 -622 835 -986 483 966 -411 201 244 57 -29 -194 -523 489 228 569 -803 -175 -123 -828 -642 893 -780 659 -974 660 -393 599 -761 120 -363 -659 589 920 295 -834 -750 -256 456 -917 257 290 -338 708 -892 458 414 -405 80 164 49 -664 -579 -958 -111 37 678 -131 -926 -607 530 767 -684 751 655 775 -279 -89 812 -539 -649 -169 -687 -72 855 30 364 442 753 972 918 970 -952 910 -71 -107 -92 173 999 -534 209 -8 -263 500 -525 946 732 -158 654 434 272 376 -438 978 -821 277 -85 -320 783 -843 -523 713 43 -329 396 -20 -188 764 211 -85 91 -814 -208 -821 -159 -920 278 477 357 -383 333 -170 157 -146 -524 -116 -964 483 312 955 723 -99 742 341 797 -690 870 -769 609 531 911 -404 -563 -896 5 -730 140 -523 511 -699 -593 801 510 998 880 -748 -933 271 -954 -396 -119 -420 -505 52 447 472 -294 688 962 514 833 -724 737 447 521 -55 -650 -472 938 979 -175 776 621 -42 843 8 -529 745 -213 477
-709 -140 329 743 -916 -714 -129 382 481 -931 -131 466 -653 740 280 -89 -818 -873 -515 116 -686 877 118 -937 626 469 -735 320 -121 419 -61 577 -127 -896 338 137 -958 -712 -643 189 103 -864 -959 718 -956 543 198 -905 405 330 -722 -101 -254 -532 -873 -594 218 -36 -958 495 643 -277 -555 60 -767 860 -3 -715 -313 399 -716 31 875 958 848 591 35 -542 -576 -614 -536 759 24 -761 -153 195 107 40 -979 272 473 285 327 97 -205 177 163 -747 627 -531 -15 784 154 -811 611 35 -60 -716 718 212 855 -495 678 -441 945 538 -739 -330 950 177 -482 145 -696 -46 458 -850 -687 1 -977 -16 -175 98 -607 -754 763 971 -581 975 604 389 351 -618 809 496 -349 454 -931 -326 -629 966 -595 -491 -776 621 -122 162 127 -691 545 -611 -345 644 -296 350 -428 -845 -889 -459 556 116 957 407 394 -18 430 -141 -493 693 587 -870 -758 -159 366 624 -823 434 -255 -639 -878 379 708 -294 571 -395 -108 722 -292 187 -369 918
-422 327 498 -662 -882 -250 -377 188 715 677 -392 -847 997 583 -10 52 -777 112 251 -260 559 -287 -982 -254 610 -66 -745 931 323 -868 -811 511 649 871 -897 715 -389 -447 -447 -117 703 464 972 -843 328 902 -584 941 -498 -453 -92 733 950 886 -761 -966 175 -213 -724 -181 -119 644 552 -830 998 797 -50 -271 172 -591 -351 500 832 -478 893 -353 -262 -92 531 880 667 156 -296 -977 526 -341 -530 -837 -625 924 -941 422 -381 427 684 -139 351 558 -597 -585 -773 856 62 856 585 290 456 -798 188 -329 569 -749 608 -817 92 -313 -243 -6 -227 937 -281 192 166 635 -834 520 -740 539 509 380 -78 -386 -902 62 -537 -711 -88 518 -521 -914 484 660 -165 -999 -899 -489 493 -105 255 -888 931 142 -858 -198 67 701 -588 -722 -317 -370 -626 12 207 -481 998 -342 -164 -897 -209 -666 915 760 672 484 -329 -572 758 496 -525 -945 733 -220 23 216 -418 50 70 211 343 -931 -460 -219 -605 365 665 260 -236 483 -691 -762
977 -332 -940 23 546 -643 495 -540 84 -930 84 960 725 -138 741 -506 18 219 -601 53 718 -540 655 -181 -854 562 854 132 154 597 607 -804 -6 562 248 696 404 -790 -13 899 -982 453 884 258 988 87 -563 899 856 711 -577 -764 250 360 357 -471 100 881 -654 352 520 -52 927 -915 -525 854 -152 -285 -69 326 -342 -35 989 612 -915 215 992 -674 59 340 -759 -846 972 149 -634 119 -904 -595 -465 -5 -234 -147 275 329 162 119 -94 164 191 216 959 -370 461 -953 -301 103 -584 -111 -304 -779 -274 20 -283 979 117 -807 412 -733 -661 -629 -934 -954 307 149 513 -822 -792 -44 377 202 -957 -599 111 -462 -160 -974 413 -566 -454 -439 281 -803 465 446 207 -896 600 203 566 640 -878 -930 -224 23 933 712 36 972 -61 359 -712 -778 -622 383 408 670 -660 957 -333 626 79 860 -470 630 564 131 -26 -246 -183 879 223 677 32 363 -752 -693 747 293 984 231 235 172 -710 711 893 977 -924 159 -427 -654
258 669 -818 884 379 755 182 -699 447 -776 580 639 727 -234 -995 -71 -847 820 -668 -103 681 -463 -579 -60 146 343 44 989 -84 -120 718 735 -913 -839 -889 419 765 -236 123 -679 -904 938 179 989 -606 666 396 -45 385 -152 286 461 924 291 -224 -169 -550 263 -647 -806 267 -234 -852 -240 -214 324 619 -677 -448 -796 -648 420 651 -624 195 -366 -620 -993 -717 -191 261 -799 933 -52 -597 -561 613 384 964 214 -294 -748 981 382 -834 205 799 -429 173 986 856 576 868 777 -657 -890 224 -134 -822 -804 -119 -115 -918 -106 -155 -956 938 904 963 480 820 10 348 -353 314 -932 -824 300 761 567 -444 -347 -855 433 -381 976 -865 937 -474 125 -864 911 824 -943 69 -630 840 640 -417 708 482 794 284 610 982 -152 -507 991 682 -638 -968 154 315 -403 -351 -906 -899 324 284 -130 483 929 732 -576 270 -847 -953 -158 -652 -269 815 -890 -560 -292 -262 982 997 882 -957 -699 -29 -37 188 452 351 -734 -814 581 -187 522
-481 -805 971 372 244 -850 228 738 -971 193 -150 562 70 -289 21 275 -454 742 979 270 -313 -836 371 715 -911 -872 -956 353 798 -476 -519 -19 798 283 -783 -620 800 612 -332 427 -719 -187 45 613 107 -214 -939 -283 86 -526 -409 607 -747 -824 -465 620 229 517 396 -825 -652 -387 -345 39 -912 -656 929 -476 697 836 489 -755 -551 -18 -675 966 297 98 -166 814 133 17 -974 -914 731 703 793 497 131 -886 514 -516 -657 815 -25 -740 986 891 821 91 604 -248 -711 -286 566 -855 358 759 -984 153 609 -493 -257 -755 -209 -260 -811 507 -771 69 -343 -51 743 -673 -916 523 -426 554 -199 -907 556 655 -501 -962 -48 -911 -724 166 -26 859 223 -100 741 326 609 286 139 623 -758 -571 811 244 -341 749 162 -611 955 37 -575 44 -948 854 -585 -841 272 -437 172 72 780 -189 754 -418 -102 -541 490 -816 -983 -836 847 -80 -775 845 -543 -94 -183 502 44 191 130 -863 -968 499 -125 974 -465 78 -666 -814 691 387
746 -527 -427 -400 748 74 639 217 937 -950 875 458 104 -508 -766 953 188 992 389 256 728 -779 439 -292 -976 -804 -707 -199 255 -234 -371 179 -603 568 -310 244 -598 -889 -123 40 993 900 442 406 -353 -915 -338 -273 866 -518 151 -410 -466 116 647 804 847 548 -346 266 985 962 70 792 -990 -220 -994 90 221 -124 -190 646 -642 421 158 594 -151 -195 41 -375 305 43 -370 616 669 140 993 163 -709 -813 283 -53 -862 -330 909 -276 794 -865 -211 -874 230 -910 429 325 -390 399 -175 134 833 -760 68 913 -86 -264 -482 767 126 897 -502 -936 -969 -160 573 -759 -997 -979 371 -213 -31 -351 -100 -950 -591 950 667 672 -940 -490 -975 -354 572 675 -444 240 -807 -521 888 -739 694 951 538 429 514 443 -44 905 76 -505 -175 -967 439 -257 716 -950 -320 391 -755 976 363 846 448 -25 3 -350 127 -998 -692 -329 796 -123 938 -338 -434 -869 225 -808 129 -203 103 190 -11 -410 -721 882 222 792 505 -753 558 123
-25 -349 -467 -742 770 -211 -15 -344 -297 -881 706 -158 998 374 -76 -15 -328 -272 -144 -46 276 -435 -604 238 248 357 -672 152 410 -775 873 834 744 445 -525 -292 923 273 -598 80 -893 -651 -573 420 -724 492 484 -637 -663 -355 -434 -440 -336 -653 -241 339 -135 -151 914 953 -921 -560 -472 -588 -978 268 -974 641 42 348 609 -946 -289 -913 275 514 342 -649 121 470 143 364 -638 240 -665 723 395 6 -914 247 842 -108 900 105 -559 926 -746 -361 919 104 792 498 -422 455 -535 -766 858 892 -498 -863 370 -148 -2 345 24 236 109 -47 -185 -807 -917 -998 -366 432 271 815 840 815 675 -941 -858 627 -431 299 -981 -647 -288 703 129 -612 -522 -299 558 102 -419 -540 -848 -428 -69 370 610 144 103 -526 -729 -437 -269 985 -586 -411 333 426 -61 -215 -666 -489 940 -678 -980 330 -406 595 107 -384 -368 830 589 -679 959 -584 443 -883 243 -906 -622 403 989 813 847 476 -46 900 -151 -567 982 641 963 -81 -494 -518
-667 945 926 287 637 909 -728 -232 -112 -989 802 -550 80 236 -335 -373 432 452 234 -954 -243 -907 143 380 -370 -973 52 981 -680 943 -129 -575 288 230 850 -489 -367 -631 -378 548 -162 -522 223 -909 -351 -702 491 933 491 -571 -279 -769 27 179 -194 -104 38 -822 343 -962 -742 349 -241 -215 -63 -878 -980 347 -523 142 538 357 974 -965 -864 124 107 972 -912 713 641 88 920 -252 -983 621 -965 721 316 307 -994 295 180 -742 -278 -268 -950 393 198 7 894 -434 -865 54 -137 -469 745 -461 752 -825 151 869 750 980 785 -470 490 -288 86 -511 -243 503 318 -762 965 -644 -401 -806 -844 -415 -349 -491 227 -660 -671 -520 -312 804 -228 -622 -205 868 -616 -958 -456 513 -338 -524 136 -493 -611 640 -818 190 -422 -983 -735 -585 -646 -839 10 839 -527 629 131 -177 193 -846 -55 -140 179 -284 -481 735 774 -461 386 -486 -369 -378 127 -358 602 597 -445 300 -836 -323 -329 173 304 440 -939 140 -827 -903 -344 139 917 925
-233 -576 -844 -372 -167 932 -247 95 -851 823 407 -867 746 495 1 -870 -583 -957 -360 254 521 -88 122 -231 637 370 -415 901 -364 524 950 -590 -893 -96 891 189 -75 -255 -966 -726 585 871 657 -185 980 -618 -307 -441 -392 -20 -50 236 492 -126 -147 896 -665 640 -704 116 326 935 -222 436 -417 -475 377 164 -288 922 -152 -172 -708 -233 944 -287 269 715 252 -10 338 181 -26 349 413 29 978 -206 696 107 -703 -39 -439 -859 -830 -642 654 906 -572 401 -611 245 408 -985 223 498 657 -244 -693 255 271 -358 -166 20 252 -538 550 587 -817 -751 809 872 -880 979 157 -89 -425 474 510 473 955 349 618 -107 -92 767 202 317 -332 191 -197 -12 758 -628 664 -767 742 467 547 -777 385 28 -801 980 730 269 -623 -862 458 892 -65 -195 -367 -517 -584 -414 -113 825 914 236 357 -965 21 -388 -905 -593 -320 212 -332 428 -342 -216 552 943 -208 350 -907 338 126 204 318 -620 -719 -449 -631 48 -818 118 -735 199
-154 8 816 -415 -239 -199 -67 299 -17 818 -542 60 950 684 196 -442 785 -739 611 179 47 884 80 -293 -871 -102 -734 120 -820 635 310 -989 314 -733 -201 52 389 229 90 910 114 -132 863 493 758 192 470 -849 400 349 601 910 -561 493 8 720 -978 -330 299 632 418 -943 290 541 758 646 -718 -42 -607 -211 48 -811 963 510 -58 -24 -284 -606 -486 -739 -330 570 -488 -755 719 -835 -203 247 -478 364 -982 180 -719 -892 -106 -436 977 793 622 -281 -896 -225 -541 398 -600 -619 -583 922 -590 939 -259 162 -393 94 -31 966 190 -875 -359 -940 739 -291 -440 -753 294 -432 484 421 -362 -114 -184 426 256 850 -647 -676 980 929 703 366 410 -163 197 639 185 -897 379 -948 -406 -480 852 168 675 829 248 -75 -827 -761 758 -301 -531 -847 538 156 -187 -330 289 213 -308 -79 716 -16 -439 231 -586 343 583 -176 244 -232 -242 -567 -261 -514 14 -723 -493 -811 -950 214 -13 -5 324 407 -359 -435 -259 66 694 788
822 -228 -713 911 454 -198 -830 -668 -89 264 -871 36 435 -991 -54 -578 877 285 -745 978 518 752 -354 -986 -338 -758 980 -667 636 -496 870 -988 325 216 -428 -1000 229 -676 -517 456 -736 -649 -359 308 -996 -91 -1 -934 427 -370 20 742 981 543 -172 -397 829 996 -136 90 540 -193 596 886 296 97 378 -173 -367 -578 951 265 -400 729 -373 -723 -355 -335 217 609 658 -616 67 -616 -616 953 675 268 655 391 -302 299 784 165 376 -896 -505 -275 -591 -61 -312 857 -190 -172 -216 -491 121 467 -883 -812 -176 691 763 -380 -342 -973 215 699 -176 384 378 674 344 348 -69 -83 -325 -278 604 -422 583 721 916 -595 -730 -578 -139 -374 -779 161 94 361 -661 412 -931 592 -671 -701 -322 -542 387 763 283 -737 439 100 -565 626 50 117 754 -314 762 -770 311 -64 -774 -26 -897 607 342 -281 -669 -161 330 621 808 -753 988 -935 969 -412 -299 378 260 758 367 641 324 -761 -683 458 -454 986 -324 -855 902 -423 -820 -187
-175 -767 328 678 909 -783 -62 489 95 -718 492 -661 845 349 955 -198 -85 13 -780 -84 980 -449 -773 320 54 842 3 -256 781 86 924 -461 -640 -336 845 -822 377 -575 -695 -839 -246 -760 694 746 -754 796 759 -635 -548 278 183 -874 932 -898 -590 355 535 -294 813 -49 808 -89 497 958 -526 -864 316 592 443 -351 914 469 956 359 -597 -235 276 -168 -367 444 905 869 309 951 985 -207 706 309 -539 -571 -708 -183 -653 -666 914 674 4 204 836 -203 -569 -442 -64 687 -999 -281 -231 424 -788 641 -822 -635 463 485 -170 977 -610 595 -53 -952 866 158 -37 -905 402 -28 887 165 246 -971 196 -855 159 -70 819 555 -488 858 -65 -720 671 -474 -971 -692 207 -394 115 -472 703 469 -806 993 245 977 996 373 632 -235 -705 -186 -394 420 -756 -704 238 599 -621 -736 -148 -466 -84 -653 -488 179 -952 -937 -651 664 544 678 -164 -758 524 267 716 -44 -537 813 388 -263 -335 681 366 -18 186 -544 186 539 -625 893
-176 -674 915 -353 388 -948 796 907 259 -712 -971 -273 88 559 873 -922 476 321 -321 471 -593 82 -9 731 403 -829 -171 -562 444 728 449 -188 416 -302 -855 -428 -306 -684 174 260 52 -703 164 729 613 869 178 -473 414 -57 -810 271 16 575 -698 -651 -932 938 -536 896 546 209 -843 -388 713 890 -317 -703 267 351 762 -177 -559 -264 -562 117 -566 538 -936 -881 -572 2 133 389 -938 693 -747 660 -355 544 -251 -979 176 815 470 227 121 -755 -92 544 343 -472 76 916 -430 890 27 856 -361 687 -672 398 172 -85 300 768 -762 415 -220 -541 -712 -270 -574 -827 169 -358 381 -183 885 121 -886 576 151 613 269 -951 -265 -997 -512 992 436 276 790 297 -271 467 -176 14 -694 -287 -7 -32 -534 -567 27 -851 484 -641 -543 -826 -832 -185 -233 -123 -838 -28 -512 308 936 -395 745 1 280 -973 -153 218 814 367 58 116 -132 162 265 985 -851 -548 849 830 -181 -817 -427 -998 38 68 -811 -790 -413 -430 434 37
-358 -186 -330 -999 -522 173 -226 547 3 277 -630 950 451 -254 664 -691 794 -97 -977 316 -844 736 -99 416 791 149 -371 -523 -223 -822 214 -245 -178 -693 -924 -416 531 -768 -509 733 458 -561 779 -604 743 999 836 -423 90 -895 -958 64 -392 490 -855 -978 -696 -658 619 -507 438 299 -499 -769 939 -440 75 -596 330 999 -171 944 -497 958 657 -275 955 842 809 137 990 6 461 -426 287 49 -139 -438 779 868 128 833 454 4 -539 505 932 -31 -45 -830 643 -266 -767 -102 -696 -504 500 -515 134 -497 893 -452 38 16 893 581 279 352 751 168 -288 707 -452 656 380 -57 405 -984 136 660 225 -64 975 769 -425 959 330 977 928 -644 -107 59 -140 -892 -449 322 341 -171 -155 4 745 -352 -804 -106 -15 -191 -77 -16 -425 171 207 65 -131 630 865 -557 -82 949 434 663 232 324 117 -87 843 728 -966 -463 -395 -543 344 -917 -457 -600 -233 -479 808 -836 58 852 -99 40 906 626 230 -719 -891 -614 -729 740
219 -907 825 -660 -737 -818 -591 -882 56 -665 -698 -485 -941 -811 170 181 108 430 -581 916 305 -954 -106 -779 -440 643 818 840 831 848 876 876 105 -506 -258 -632 350 -764 164 698 -908 -731 351 543 -881 -361 48 785 -56 -318 841 -313 310 -401 -79 -809 757 -57 638 -422 -379 -718 -49 243 105 999 6 -662 -360 290 -254 -87 -187 -796 -289 256 -78 127 -825 616 671 -72 -685 -465 -202 -858 -635 -251 624 875 574 718 168 -99 401 -470 753 591 709 742 517 376 670 -71 -776 -239 -486 849 683 442 58 -87 468 61 573 320 -12 541 393 706 386 -887 21 -76 194 -263 -637 -17 364 344 -192 927 220 6 -853 292 801 273 334 616 815 -421 275 693 509 384 -933 -258 275 -364 8 763 632 400 185 32 -431 -733 679 -895 186 -559 -262 -368 239 308 -161 -918 -241 -751 -242 767 -738 762 147 -232 -605 183 -358 433 453 211 -653 -825 -153 838 497 -81 -832 173 552 301 350 310 -456 635 -696 -289 -568 -403
-650 335 290 798 -9 215 -780 236 622 -653 -99 -130 -385 -957 -61 -291 533 244 115 540 -173 -243 822 859 980 -760 453 -963 150 -128 -805 648 -375 -35 -828 951 -158 758 -794 -143 -692 476 500 -140 663 -114 952 627 -685 850 477 282 -773 -92 547 -552 -445 911 604 567 -210 -688 358 225 -152 -194 -798 -156 682 -429 470 -538 -441 986 -540 -79 162 246 797 -660 -300 669 872 -376 -911 69 210 -447 471 -499 -965 -292 719 -131 -683 -635 40 -610 133 -708 -691 833 -101 -598 992 739 194 -819 -217 362 176 -293 -299 335 -624 -345 253 -627 859 -507 526 -499 130 129 -979 -998 -780 600 -379 -463 848 676 -309 -877 -128 257 -702 577 -293 535 -572 -658 -480 852 472 -860 -389 -1 -606 261 979 36 -914 -388 264 278 -385 108 436 595 300 -764 976 -878 708 -745 -774 -298 -540 -752 8 -275 11 -508 898 -244 20 -472 -591 -629 -707 45 -451 -449 296 -629 967 227 84 -621 548 739 -191 112 891 -161 938 893 558 934
-671 361 -933 793 268 -101 918 692 -14 890 -226 -991 224 418 -271 335 -399 -975 847 173 776 411 -818 874 -888 -615 -583 514 988 -724 -679 83 -168 933 854 -772 522 797 -441 -382 -199 811 -301 -70 720 905 -204 426 518 -972 565 -957 127 -578 806 -296 222 675 -206 -384 83 -699 157 116 -68 233 -83 -832 175 -14 -287 248 -386 813 -978 -474 932 -684 946 -823 -741 896 38 -953 158 863 -433 942 451 428 -956 -510 -66 -164 625 691 -456 22 320 246 744 -370 -577 9 -953 104 239 563 822 -53 -854 148 -375 -89 177 -859 -15 -405 -584 -167 496 726 115 758 312 561 -710 392 44 -881 -77 672 825 -638 -695 -825 -254 -266 -286 -444 939 -359 -950 -999 860 -111 438 701 576 -883 81 -801 598 880 222 733 -110 -488 635 288 343 -522 970 -270 -47 -489 159 -419 493 704 -38 616 932 -332 124 -601 601 206 -741 -621 946 -462 -526 962 907 741 249 -976 618 536 -82 -517 612 -632 752 -563 22 -418 725 -738
213 453 -240 -568 206 955 -670 -158 175 320 -892 491 -776 558 375 -21 341 103 661 345 -912 427 827 -688 844 -56 -189 960 150 326 125 434 201 571 402 -979 -619 741 -590 131 -274 986 -541 -108 377 -505 -296 -829 277 719 -986 -608 840 -919 -767 710 416 904 -693 16 -189 537 52 -285 -124 -97 -584 -84 491 -291 91 -442 716 -525 395 80 410 686 177 -965 -595 369 -563 601 683 188 495 65 207 601 -38 -699 787 765 -841 -998 -843 598 852 -291 454 509 283 683 -400 738 -242 838 -178 -515 -558 760 108 -907 260 418 551 5 -914 894 -347 833 669 -940 293 -746 -278 -958 382 -129 243 -320 -649 -538 -476 -720 -505 -657 659 -257 -497 -193 238 -169 593 823 -881 -33 -431 -209 299 894 -97 510 -531 383 -11 841 -615 653 174 -598 968 -213 872 -174 -800 574 884 -810 -528 343 536 -427 -292 -549 -159 447 383 -1 466 40 -345 81 842 206 718 415 80 65 -943 -243 -923 92 964 431 -332 18 466 734
486 -554 -703 -148 -831 -520 600 -166 871 143 -431 545 853 -492 -2 -665 700 -672 270 315 673 -95 -519 -446 951 113 501 925 575 -585 45 410 695 -412 -273 787 21 -730 -734 272 110 -920 101 -78 95 -51 -61 996 -733 -745 136 295 903 -48 -236 -638 710 284 -894 368 -244 -862 983 -321 -524 565 -111 -958 -826 -516 334 -424 767 822 205 70 358 936 -677 161 -806 -699 747 -548 -20 -234 551 719 -654 221 535 961 231 -806 -1 971 58 737 104 -460 264 460 432 705 487 733 -221 -171 47 -578 -693 -395 145 27 -96 -725 296 -719 -121 -12 -340 -927 -843 494 -124 379 819 80 767 -367 307 434 274 959 -884 -266 -451 -85 496 505 -326 -79 21 128 740 -43 -115 -847 -451 -264 -88 275 836 -255 520 7 638 -450 840 145 750 432 -269 286 776 564 -298 94 149 -405 -340 572 61 533 -931 -976 -730 -220 -635 -162 440 665 -511 -290 742 -870 347 -541 626 -325 163 143 -238 313 411 753 -83 187 -527 949
834 779 -414 -751 -681 146 -135 843 -65 -409 -330 382 -561 729 278 333 330 32 -127 -890 481 956 -958 -835 880 949 30 609 -140 987 -107 742 59 -970 -427 881 2 0 -188 -526 818 312 398 -864 -483 -641 -802 704 365 -296 93 -499 759 663 713 232 -785 645 -389 712 -710 -754 896 -586 -31 752 -596 -275 229 -596 483 -75 -384 -93 -926 -533 835 -944 -564 -946 422 432 886 513 305 -859 -977 88 -210 460 296 -266 -816 549 -416 656 -844 419 116 959 -384 55 952 887 -417 -868 31 -299 28 -741 -847 216 577 289 716 885 720 170 -682 774 -851 160 680 769 -252 -789 279 -786 -666 955 586 -631 502 172 -491 -701 160 -820 -922 -272 -279 -177 257 -138 745 -795 -940 243 497 -282 577 -804 -794 519 48 89 955 958 -179 856 -906 -4 -422 -789 395 -150 292 325 677 383 861 57 -730 -211 -622 49 -273 466 735 -156 -78 -652 717 185 526 791 448 -345 -637 -134 246 -291 -591 457 501 -103 -563 50 963 -48
-49 -330 470 -426 -387 708 517 -734 874 249 -622 -881 -52 -865 20 -611 -582 -495 863 -676 -546 432 440 213 -413 678 991 -131 145 -982 -991 797 -315 139 350 453 -890 394 861 -172 -465 664 -43 278 -494 235 -846 -555 -276 695 -502 -359 242 98 909 930 673 -8 138 362 455 603 -348 -759 989 -735 -573 -324 806 10 -591 -420 -854 278 -53 764 730 -691 745 64 226 436 -960 672 -311 -505 567 165 926 -822 292 576 137 -187 527 2 685 -735 93 -189 765 664 -816 267 992 -643 636 -360 145 552 849 955 -98 -147 -609 163 -951 380 783 -273 -523 -169 390 502 637 -63 -725 329 -593 156 -586 365 -978 932 8 -947 -68 -394 561 -637 -802 -615 -549 440 104 797 964 298 -410 55 948 19 -848 -43 958 264 -155 -554 681 -968 -508 -165 -63 279 -339 -296 -402 -885 -694 -433 -969 -733 -792 26 643 75 270 -743 210 -844 -529 49 -44 105 39 -682 449 -794 139 -513 -198 -474 736 -361 -774 954 265 -495 -541 -142
368 -943 -405 807 166 -792 903 898 130 -856 461 693 -887 514 -361 148 757 922 570 -320 61 900 -953 -764 -204 973 -737 961 -65 -375 526 254 -303 -376 -610 360 122 -61 -455 147 448 -134 449 588 400 597 -323 -661 -33 -79 561 942 -965 -606 711 458 266 972 -827 887 943 52 -291 841 -789 68 -279 -643 -697 760 -808 660 -446 -608 240 -67 606 -202 497 501 774 530 -484 936 290 -666 995 -847 -733 -98 905 -764 -876 822 -94 705 -303 615 921 -541 455 -125 -996 863 963 -186 568 -320 -494 -808 -951 250 723 -472 -278 968 -499 798 191 729 -280 -528 -727 896 977 -269 10 -934 995 734 -305 -627 -245 598 271 -759 906 -354 -164 -607 96 869 -647 -302 -611 845 15 -440 -595 176 -148 -121 -68 -80 578 -306 -589 -313 -847 -34 -145 401 -740 550 -946 -38 -287 -932 659 -631 59 -451 -690 -475 155 -216 620 -349 -796 -289 463 -991 924 396 -112 -748 466 74 875 -139 -847 945 461 587 -750 -426 -576 833 864 -136
-610 79 589 252 -294 296 -698 -559 -341 628 900 818 214 484 -449 854 525 -641 692 791 -777 957 -336 209 807 537 -409 851 -898 -718 -5 -89 13 523 225 -339 726 651 -819 73 -127 685 604 557 -238 245 -916 -457 -133 -74 -527 -362 -868 849 519 943 183 227 592 457 574 364 507 149 -232 38 737 -927 609 -877 -479 506 -764 723 724 447 -452 282 246 696 906 246 55 823 -21 -933 169 472 338 -825 145 991 -505 -230 -487 -390 -94 -347 -430 -578 -912 -776 -117 -363 -595 845 -810 -21 715 620 -307 -451 -641 -214 43 846 -443 329 -278 555 -873 -505 -988 9 -100 -912 -742 223 420 -883 -528 -351 -644 -108 119 455 591 -819 -839 -607 752 -543 48 -568 455 -794 -484 544 -52 -498 33 -94 263 919 -96 -417 925 739 571 -272 -86 -662 -527 -280 457 94 616 257 848 291 360 -878 662 -509 -861 -611 -945 28 -578 652 617 884 968 970 378 -644 -101 -669 206 -104 -379 437 369 -755 -483 537 560 492 501 -609
114 11 62 -322 110 -993 205 -438 -559 -435 577 741 647 -37 928 -895 -49 -518 689 865 884 270 -265 548 875 25 320 993 955 -938 -295 852 -904 540 -422 -383 588 253 -980 -12 356 -152 -852 -498 651 -738 -902 -800 -701 -953 -641 -488 -666 -70 -927 -67 731 257 -163 -297 800 -330 -952 78 -300 -924 515 -485 -448 -190 768 451 -38 -313 545 509 958 -618 -230 -83 -118 471 -165 460 -469 460 34 -157 -454 -188 -788 256 -915 231 718 451 -618 621 -185 -900 62 93 -85 -239 -201 44 139 448 688 -122 545 446 -16 119 -188 841 390 -532 799 682 274 40 -357 -444 861 97 587 -593 -258 930 -754 -107 619 865 -130 70 855 262 -490 -93 239 518 -615 -338 -44 -443 764 44 -406 446 394 -728 -625 -39 -956 514 -165 -426 810 -224 511 -177 465 -513 -961 196 731 -594 290 -106 -610 65 121 -846 238 -712 5 56 -151 -239 -887 -221 262 796 883 374 149 571 -984 -330 -878 -810 791 -743 -449 278 -576 -978 -459 67
-708 -852 -477 -712 -928 -575 947 -424 338 310 -187 -757 197 -709 -22 400 479 460 -579 692 26 433 6 96 905 607 -479 -679 437 -456 -117 -233 -104 -16 -275 -695 274 -746 -843 41 -46 674 771 658 -733 -214 -629 -306 -635 963 716 -335 155 201 294 -892 387 81 -824 727 -450 15 -400 836 485 -285 340 -167 543 -792 -682 494 -379 -339 -375 819 -235 -563 -119 444 208 728 901 133 -320 3 -46 -78 -781 -119 275 -451 398 908 -987 483 -663 258 -68 250 116 337 55 92 -662 58 928 -281 -884 -57 913 -609 972 -717 538 -208 667 536 529 -381 -403 -17 -939 357 -651 417 786 319 611 -970 362 -897 604 379 185 376 -316 -478 -76 221 87 -249 -398 950 -538 527 -144 -104 -518 -789 409 -911 -763 600 926 380 -7 161 -502 -813 -55 50 -548 -914 -106 -178 705 915 -150 747 574 941 -503 -633 138 -711 -39 -366 -94 127 -164 -638 798 795 539 -830 742 446 748 226 140 -214 -551 650 499 235 857 142 246 -774
-414 -616 -841 978 -983 -521 -77 486 46 -301 -291 12 -71 -674 -329 254 245 767 -887 73 217 -90 -411 732 -926 -43 533 -40 324 -75 -591 -450 710 -996 638 797 -657 -203 159 393 -508 -578 -47 28 275 27 -911 -184 380 540 -422 445 60 -899 -832 -694 402 829 537 462 -660 130 296 442 -128 -479 461 848 1 438 -827 -10 985 -385 -729 491 -449 148 412 528 -433 -841 957 495 -208 239 168 305 230 -93 153 719 -401 336 -9 -562 -196 725 147 48 -168 -494 368 5 -821 936 -940 978 81 833 456 -310 397 743 -568 -437 -925 -154 -84 325 -133 -681 285 937 -819 218 -671 -932 -314 695 -792 -760 754 633 784 927 174 -197 -699 -321 996 -962 -203 646 321 720 616 810 758 -632 -14 231 366 482 -693 474 -25 660 -529 484 -80 282 -960 -428 475 270 992 -880 601 423 -395 859 553 -671 323 882 389 781 695 603 -79 489 -561 -606 71 -739 -291 129 -685 675 577 -200 99 625 -975 -612 6 -429 -817 862
921 -617 -733 627 -269 -513 -684 591 129 -624 241 573 654 232 737 -729 143 -480 352 188 380 -859 263 378 353 -86 -401 -389 -680 -521 -855 846 150 325 -249 117 788 -273 127 -721 313 -965 -663 303 574 -944 917 -124 -645 36 -49 295 -769 951 -928 148 -743 50 -80 -278 780 -830 161 755 -786 -754 916 -930 881 807 -14 -858 -258 -49 -912 15 -570 -765 -117 -170 -571 -660 -985 532 471 537 165 226 788 -213 980 -556 -679 828 -84 -964 826 -316 224 -214 -991 745 8 -937 -934 384 644 -914 681 -654 -93 273 966 -11 -739 -592 -158 -509 233 -113 296 681 265 -484 106 -145 -897 -897 -20 -120 -410 -202 -456 -512 -651 676 898 653 -672 -302 88 628 628 737 -674 -485 -479 -306 -329 924 -133 626 393 228 -93 -88 -443 843 342 932 962 -997 -386 -313 -857 255 815 331 451 -532 -84 -738 -531 -772 -583 -569 -884 -193 659 11 989 608 508 -459 147 393 -422 -475 -2 -839 355 589 -419 448 -893 736 -934 -850 -648 -422
-94 -142 319 84 -878 546 -402 -166 392 268 -840 -512 -202 836 729 171 347 -256 491 -884 775 -603 -405 -732 -766 677 -118 651 394 740 -140 806 820 393 107 475 -657 -144 788 -815 699 178 -1000 107 -352 -429 493 -164 572 -209 243 -695 195 410 -232 -507 -483 290 -571 -311 -418 -105 -610 325 21 -326 187 461 -582 982 302 45 911 216 -414 429 -903 194 -210 -839 -620 8 500 418 -385 441 463 921 -409 430 848 816 -153 519 -126 -96 -367 770 -887 -521 828 261 -612 -25 660 -281 -914 -582 144 -428 -931 -954 -723 713 -59 270 702 -983 777 -982 -203 -151 164 716 -100 -348 988 -326 384 36 -848 -620 333 301 666 -380 307 -663 757 164 553 -56 -283 -738 848 257 -261 825 419 954 -890 -596 661 -577 -3 441 126 937 539 341 -627 197 797 -157 -73 -337 -905 -324 891 177 170 -469 -699 -51 687 -398 846 -331 889 812 664 365 394 852 602 -872 -362 -867 -675 696 881 -790 -826 863 -323 -562 185 150 -803 -977
133 -466 745 998 967 220 673 -922 572 -497 -748 806 995 -820 -413 427 -553 -320 905 -81 541 796 818 -958 514 -73 373 -21 397 -874 -900 -501 -88 -857 -757 113 794 401 220 -506 -653 949 734 638 73 -159 -712 -118 918 223 -49 -300 78 197 -944 654 -719 644 -679 523 898 944 614 -816 242 -804 762 -960 276 602 -634 -683 -369 82 438 833 -79 -809 643 -779 590 -686 601 248 -13 -279 -490 -165 -686 -344 995 723 582 -775 -171 467 974 -643 491 -228 -258 -563 706 -243 -483 -47 162 408 227 488 -280 -821 -132 636 -601 -785 781 165 326 227 999 137 960 -212 -510 535 -97 -291 -300 -395 475 -672 471 -262 518 -12 -271 439 -622 -211 450 -284 363 -512 792 776 909 -236 -825 215 -763 973 -610 53 176 701 509 158 783 987 372 -79 526 -770 -297 42 312 493 -762 156 -851 11 -370 -473 817 22 611 875 -775 -427 -334 630 -607 173 -147 231 -193 -697 872 -649 -918 360 -283 -347 -578 -343 345 855 606 -574
338 -999 -596 -327 26 878 663 -62 -595 -90 93 10 -831 724 -28 -678 781 -980 275 -335 434 -981 799 552 -362 -97 -605 539 -777 781 -701 -848 -639 588 571 -287 -162 285 -778 -634 -468 478 -561 773 -696 -39 722 -963 -571 143 -321 948 -929 684 969 -875 18 -89 -810 -708 -613 -881 -62 -489 -51 485 507 -958 832 -851 347 873 79 -921 272 -127 -519 -161 -602 -997 628 524 -250 -366 514 -776 -721 -224 49 -476 -477 -893 907 -82 874 -191 -984 -464 562 875 -265 308 904 -67 -398 -407 618 -130 -341 620 42 637 16 -89 -659 -937 -129 946 -437 710 371 -36 944 265 360 -794 -814 -812 706 510 418 -206 809 698 673 -634 221 -183 -731 990 -354 -384 210 -218 -286 -9 -33 -163 -236 364 -156 -439 17 364 -942 -470 -298 -141 -234 -929 915 -156 -204 -519 629 294 301 54 -976 63 -272 -374 -131 -495 -420 605 62 -541 -546 -329 -563 -619 -506 239 992 657 421 -293 615 -368 -801 -90 -464 -403 411 -318 -897 934 132 -82
-217 -887 673 -557 -653 -388 -53 -377 959 528 516 -958 -861 844 -925 748 -151 255 -24 -238 513 253 -36 -857 479 -689 217 766 857 -762 988 -744 326 -263 -986 -355 457 -736 51 488 -140 712 571 -260 -808 234 -856 -612 971 960 415 94 -16 861 214 -717 555 871 780 -551 -111 -630 -640 663 559 594 -25 -145 -700 -625 -734 -647 564 419 -448 297 515 40 235 969 788 973 286 623 477 -240 481 -538 15 193 -634 61 -129 -824 -315 -438 44 -859 142 -95 728 69 473 -472 450 -793 -194 250 919 -878 466 706 747 848 -917 743 -99 -436 -334 308 -93 -86 92 -99 -315 232 -853 -949 767 340 -685 676 -649 -77 -218 -164 761 -824 -856 346 -483 970 -84 941 668 -465 959 -154 -663 451 -279 -733 825 151 -502 -650 171 -191 766 -332 -878 -354 576 -614 311 -750 589 507 -26 191 -940 971 213 926 -734 -351 48 893 174 -880 813 -197 36 949 154 487 -289 -273 -324 -157 550 808 -518 -175 848 833 418 342 -296 -162
-150 220 578 -710 444 -481 -73 772 660 -420 -864 435 -38 -504 878 -361 -369 217 314 -332 985 -74 -93 895 718 866 -107 711 -258 -464 384 50 -31 235 910 978 470 685 752 -111 -259 -726 -225 -390 -449 256 -986 621 -443 886 792 -959 977 -520 954 -329 415 -672 957 -951 915 -308 920 115 -868 -884 -146 -908 -632 -783 -805 24 -464 628 -13 630 -264 -951 -835 617 -53 984 -887 513 684 -596 119 601 -28 -377 107 -533 -944 583 -895 495 -252 469 394 90 883 493 172 -248 862 640 -333 966 313 -303 522 -7 969 183 178 -336 -345 964 912 276 -571 434 -399 -291 602 206 -63 824 -697 747 757 -585 271 -576 780 -488 -600 -193 607 -111 660 -701 -107 685 55 -22 -161 667 -667 -735 -346 840 266 -844 808 998 425 508 611 -274 759 -684 -411 186 178 -24 -305 330 -249 -645 750 -710 -843 -235 -112 472 446 -588 784 -670 -832 445 494 -157 827 325 547 230 914 157 -202 -446 695 741 -838 501 862 -176 -357 718
-831 589 838 -670 319 704 -609 -70 598 617 -240 584 -179 -943 347 -939 403 220 -165 336 -652 494 -905 507 -678 59 681 702 -469 -831 383 30 938 472 903 -902 961 -678 -995 -698 -212 945 -353 -953 -508 718 892 -701 918 -533 -977 -451 -318 -98 -509 206 -586 -575 72 79 -449 981 -188 136 287 674 -213 -942 -916 859 266 -84 873 870 460 332 -554 959 628 361 -789 143 -294 638 -232 -775 654 -500 912 -321 809 875 -35 -628 979 847 759 -841 877 -821 341 -238 965 -946 503 142 965 395 -503 150 -458 795 -644 334 -697 418 127 -294 427 -195 -354 -995 821 -768 -463 753 565 -283 -378 -506 -891 -622 350 -38 -555 477 247 502 750 907 249 236 672 578 -895 -813 983 506 521 14 815 -225 571 -695 -901 779 -575 716 -728 -920 651 790 414 454 -573 -439 -553 -284 -849 693 -844 -837 243 326 -860 -61 -420 699 -782 -896 -828 -131 749 -174 483 544 -495 819 -770 357 -346 -145 118 -129 330 849 925 -848 513 946
-81 351 344 -344 883 -126 939 -453 652 996 285 -76 491 -233 135 -369 114 508 304 757 538 -210 854 -607 -59 26 -791 717 -610 634 -959 -265 -52 804 647 -753 77 922 398 797 2 99 -418 290 -818 -31 -94 853 491 535 762 -235 -16 380 478 849 992 777 329 598 931 154 977 10 -853 590 935 357 -460 -707 131 -662 -751 245 299 687 642 -586 -533 -938 352 345 530 784 759 869 -362 -674 -362 640 795 271 584 476 -52 977 -648 -989 836 709 306 -180 285 -397 -771 -663 -501 509 -848 525 -760 -21 -73 -401 -81 884 718 -638 -601 795 174 -154 954 96 -63 142 762 645 -272 450 77 -791 865 804 -821 -602 -745 643 198 -222 -700 -45 615 -195 71 845 -393 781 97 793 -889 -298 -998 614 -631 -869 -926 -559 329 63 414 842 481 218 -255 -327 455 -585 -963 -386 -914 -83 169 777 976 -713 916 -504 741 143 -817 -467 1 -506 485 470 492 652 898 749 974 -218 -561 819 647 -400 472 897 -184 79
-317 -267 556 523 -912 539 -125 418 468 263 175 668 229 650 -183 -122 676 -220 959 794 -918 936 -617 -275 -894 386 38 -361 -950 -906 -395 -915 -958 760 40 331 545 880 315 -506 435 421 -878 -659 321 -652 822 238 -41 -989 -323 882 -665 829 196 -23 613 371 -851 -941 476 -845 -890 721 -376 -708 -994 341 549 704 -470 375 519 -115 -890 -519 832 82 -974 625 166 -378 466 -524 517 -119 -137 176 -751 -35 -770 -54 48 -272 584 -616 -867 518 172 662 658 -962 52 69 -65 -478 639 -255 902 -652 77 335 351 990 338 902 -955 -515 -176 -842 -769 -362 949 -250 -707 75 -565 -606 -190 -845 935 -496 744 -185 -300 158 339 929 -921 -828 -453 192 263 -875 371 -498 843 -871 943 170 197 65 758 -494 -564 747 15 -863 -708 354 183 655 98 -720 939 -286 -900 543 -135 259 -591 707 -211 694 -404 380 336 959 -291 -163 -877 474 718 -307 519 -221 -750 -851 979 -437 944 954 441 -69 374 193 860 309 645 358
343 889 -178 287 -739 -895 389 -518 873 -816 -77 422 -293 468 -293 793 -483 996 345 200 404 736 702 -930 -808 349 270 481 -942 52 -811 999 -843 -765 -436 -55 549 -728 -441 -730 -10 -926 371 805 -198 -547 -663 -359 13 141 -265 655 703 -530 161 484 855 34 419 858 -212 -297 569 -215 -916 -975 -805 157 359 206 40 -473 486 68 -945 448 66 265 997 958 310 314 -38 259 174 936 -612 319 154 -890 515 -783 78 -184 726 -996 91 -200 963 -998 -260 749 625 -934 106 -46 -469 -658 464 988 -968 -782 465 -321 282 226 293 803 71 569 618 883 -404 -172 -101 517 173 -10 -907 -729 -569 -540 640 -971 829 -35 -576 -901 -581 780 -792 651 938 307 -215 -250 -976 -792 -251 429 -724 546 -737 -681 -303 268 377 356 367 760 128 912 -2 352 155 -352 799 -53 792 -858 887 245 935 919 467 -794 604 -351 350 837 -509 455 -519 -759 204 789 -352 815 434 -375 339 166 -496 -625 300 -268 624 -707 -378 -524
-30 -529 47 -553 724 -517 503 -11 189 -469 -495 -391 163 448 -861 -634 317 356 -799 -527 945 37 555 800 -694 -397 -712 32 -872 -797 20 -761 -180 -200 -544 868 -381 814 -153 996 -705 24 317 -94 925 -715 -135 793 435 -482 153 -765 -437 -203 -551 -126 -404 485 -257 397 92 -259 350 -352 277 447 615 -930 547 -56 71 309 -556 -412 -791 -462 892 545 127 372 -661 233 -636 -990 -461 -758 -928 51 -361 377 -705 -605 798 738 556 -934 836 -418 -174 -49 748 738 -753 -334 -1000 -712 982 766 -864 611 -733 -925 -967 -195 733 -444 611 -706 839 669 -551 911 -332 -281 -623 193 -955 607 544 85 -37 -413 180 491 -612 -120 52 881 23 -468 -432 -447 -994 -875 -891 790 380 -540 -61 -483 577 508 -512 -609 -652 702 918 -311 -407 541 -90 131 499 -148 784 -798 -915 -299 -19 -420 116 -584 -509 -373 -801 -287 -326 708 148 -43 -23 -923 128 17 613 -252 -954 134 -137 -484 230 754 258 304 129 405 -187 785 -899 -718
199 682 944 -618 -232 -254 534 -664 -159 -840 -351 -466 -882 -328 692 959 800 -522 -519 206 -22 540 280 136 -930 956 695 862 -502 884 -944 -163 -801 920 779 -976 -9 574 -677 908 836 -60 508 951 -600 966 -89 -480 -643 -504 -773 -89 -241 140 -929 529 -449 6 194 485 556 931 827 349 -348 -586 421 539 377 260 -67 -150 929 -803 486 424 -629 -353 -292 521 -75 -411 701 -986 -940 457 139 -349 279 -576 472 -213 -665 -943 160 -660 843 963 -775 398 992 -456 145 58 723 291 -159 -671 791 634 -126 111 -746 671 -975 -51 842 -482 640 896 599 396 -246 540 -453 -301 129 -854 -558 -672 896 628 -446 702 984 757 462 38 -969 421 792 994 -693 -969 737 810 -55 -941 68 -972 -228 -21 914 937 296 -769 363 423 -184 -524 982 -128 -382 549 -981 -75 754 295 947 -531 -799 275 -762 -110 948 -641 121 -889 555 283 -732 292 -505 599 -859 -230 -198 527 435 968 45 -89 921 -330 -89 504 647 564 -386 85
947 580 -918 -422 459 453 -873 334 114 -689 -654 -728 -382 -429 478 89 980 396 -337 -638 244 20 -651 -493 519 -374 -283 -896 -868 331 142 171 836 852 -768 923 -629 135 -694 211 -822 -160 437 276 -785 -190 -972 948 -790 -332 197 -591 -694 -591 -508 256 949 91 476 572 -266 -6 906 -196 917 -435 935 985 -63 -186 -947 72 -560 -165 -262 -822 -365 -605 -470 -859 757 831 -501 -107 998 643 597 435 -927 -93 -557 -451 -684 -637 -85 535 -599 760 898 389 -120 -665 760 -761 -81 750 552 -608 -224 -596 -707 675 555 -655 -877 847 -370 -923 727 -333 323 306 598 702 104 412 -410 741 -617 -416 -346 -64 838 -917 591 -700 413 -210 288 -750 708 -979 -156 698 842 -291 -339 970 -868 -46 182 -834 925 -649 708 -284 134 65 288 801 -375 -818 360 206 748 -912 802 -360 -320 747 393 -97 -103 -640 844 -586 720 970 94 -576 -438 462 294 416 520 -719 -961 406 579 -147 -701 -942 445 125 178 10 -97 809 766 -734
63 -55 -588 -702 901 235 -328 216 883 -562 -163 -635 -260 -75 -182 -910 -469 34 362 -609 -973 812 -476 165 -207 356 797 531 -195 62 -428 156 -237 18 761 823 831 823 -703 -102 -48 875 -456 898 -289 134 552 103 643 -12 -662 224 -764 234 -647 437 400 142 -752 940 668 961 -234 813 144 345 589 -578 424 915 -782 565 -280 -339 -497 -256 -401 145 -915 349 -796 372 211 -307 -895 -757 -10 -448 207 -783 698 418 -36 883 -603 259 -271 -265 -670 427 568 -89 722 255 -632 829 -73 -839 532 -454 -291 490 114 -484 -700 -679 119 722 458 -712 529 -312 515 -989 -699 21 -817 201 982 -43 -484 824 713 -734 -657 342 -41 342 -24 -879 -287 320 882 -95 -529 37 396 -104 -935 731 -100 924 399 -844 982 228 485 -882 -367 56 666 -49 60 -778 -531 296 219 388 627 -124 784 -491 540 420 788 -227 73 -725 195 -416 302 -460 -395 -980 92 676 -879 -83 205 94 -436 275 -268 807 -783 -53 829 374 -570 261
-487 192 -46 -189 -983 909 -380 561 -777 -952 487 664 906 653 -44 826 -866 248 -47 565 -266 976 -538 671 635 796 -786 824 -100 682 726 776 -249 478 648 -250 -795 -724 911 143 286 973 -840 -275 -561 -851 911 -851 911 -386 -837 251 910 -906 -538 765 495 408 370 -369 485 877 587 653 416 -327 646 666 -8 -162 -436 138 768 -55 362 534 -198 655 475 649 367 818 796 448 -284 471 -919 -410 -612 -354 882 -646 -856 -108 -313 -263 -100 381 -367 -402 691 -520 416 983 137 -834 -775 -978 -24 -742 25 196 -516 74 -72 836 390 226 483 414 -976 -549 -995 775 -471 -114 -354 769 902 -961 673 343 -88 -495 989 921 -199 176 -481 -534 681 -432 -620 760 -398 -132 -658 -514 714 -53 918 34 -15 -859 -944 -302 -870 -175 790 -864 -338 715 -52 -216 284 -348 -598 879 -865 -640 252 -389 -418 -692 305 721 660 -419 488 -306 -134 437 -702 610 794 554 -464 974 443 -971 899 401 -411 -636 252 -301 778 430 412 -188
152 -579 -849 373 -193 172 691 220 -496 -486 -868 -210 757 241 -369 490 946 -889 -290 -884 -605 72 -107 885 115 -307 61 -284 496 -878 129 839 -56 -370 -782 268 -145 432 485 265 377 -244 974 -235 866 -391 -575 861 700 -885 -617 -713 486 923 -942 488 -123 781 903 150 -976 138 323 890 987 199 -176 465 -908 39 -908 847 356 263 -841 188 -969 -202 -48 237 672 363 -488 158 -778 871 825 390 -576 -502 -130 -570 -627 931 -809 -733 -27 869 -31 69 205 699 -231 -64 850 485 -679 -840 -971 -112 -20 68 21 -545 -756 -617 -687 -654 -627 349 323 764 821 339 307 -589 588 198 46 205 -583 29 810 -322 669 776 -314 341 -660 13 609 -352 892 -14 -605 387 -50 732 -742 604 -223 -551 -193 -727 -342 922 -526 -353 -314 -376 164 -83 317 -793 -816 107 -324 -566 491 -362 96 -292 24 193 374 -46 300 -389 -314 217 -445 -204 790 461 -875 -425 -955 189 331 691 -337 -205 -565 -535 -783 256 -427 -944 -259 437
435 688 -906 760 310 -482 15 -354 -412 191 36 -797 -261 -37 -718 717 66 -510 646 -584 -274 491 510 -839 788 781 -779 -124 536 -908 -38 -744 448 -797 356 949 -211 483 -651 508 659 -328 76 982 -398 737 967 -792 -181 471 -60 365 892 -173 -810 672 442 -849 557 -865 -469 -762 596 -483 584 -675 423 -880 934 -645 -457 613 -688 504 -990 -243 -909 -833 -89 663 -897 -900 -450 -661 116 -52 -846 93 -343 213 336 377 911 -411 -375 -461 716 -114 476 205 -89 717 -61 485 961 705 52 -239 528 820 -885 813 -961 -94 -157 23 -37 508 454 -241 282 178 -930 451 33 -954 -921 -723 -678 832 410 -292 809 -10 -586 773 -147 -369 -71 966 883 190 -149 -121 347 -960 181 708 -836 -567 -947 322 -324 899 -362 213 -179 -14 -886 940 779 928 -579 -551 257 -331 697 712 -20 -440 -33 715 172 -704 -412 374 -702 -996 686 -742 497 207 -243 388 590 327 -340 25 -176 912 187 636 -391 638 -982 867 -989 -382 597 473
-253 -506 168 -996 -923 -239 548 -377 239 550 548 -296 321 -855 173 862 861 837 35 -81 -347 -995 529 350 5 480 -900 633 -296 -512 -365 -485 -17 -662 218 140 310 675 810 704 41 613 -789 146 -395 243 140 -124 437 -635 -881 947 -705 685 928 425 443 793 -909 412 -70 581 896 -892 893 -257 -550 -419 -813 -897 -765 469 320 756 981 -987 -496 986 -910 -76 -595 162 346 -640 779 -386 380 -264 -508 474 462 91 -476 -154 542 -612 -668 -625 -689 -877 -608 636 -429 169 596 -260 -756 637 597 228 692 563 5 333 206 -393 596 -925 -425 -313 209 654 776 837 489 -290 92 682 477 217 -294 -167 569 901 539 991 103 -239 -805 697 -141 -791 425 -621 -468 854 -18 -554 321 322 -478 190 336 -42 -463 855 -986 -654 218 -6 -539 -701 -284 -494 -938 -512 566 -871 -484 -449 238 34 641 697 -476 672 406 963 279 811 -201 -257 -187 558 -497 993 -333 -147 437 -725 260 617 -484 970 -843 476 312 -792 873 -108
243 -787 -836 -189 895 -387 -678 -561 -335 -211 -105 -342 976 -167 795 826 -557 660 995 -339 -626 -224 617 273 -573 927 -599 929 390 -94 650 58 451 -584 -364 937 -454 202 -747 554 -99 -172 28 -671 351 853 797 23 -537 -943 138 402 -964 -991 -225 831 -508 -142 191 195 -474 104 53 -107 518 -689 913 -505 862 215 -578 653 786 -979 -698 -963 -368 -910 262 -930 13 -258 442 416 638 -265 -881 -464 592 -28 713 430 504 334 -888 443 787 739 97 113 -316 25 -168 220 99 -357 80 -979 -426 -80 585 -56 -665 -235 650 -83 430 -219 -802 122 191 -370 -744 276 -457 298 717 -391 -180 508 -425 592 -287 -210 -775 955 -985 185 -539 97 -294 -79 886 -517 486 599 534 -958 676 -924 -83 -443 -569 -77 704 402 -204 -993 -742 -267 743 210 810 -79 -232 -781 274 820 -116 -549 44 923 129 -546 398 353 855 -310 717 598 -759 296 537 -535 -410 -115 -916 998 45 531 593 30 -535 231 988 715 -782 -175 -224 -951
872 348 -938 861 3 -504 307 390 -965 -305 702 650 -562 373 -676 -955 566 205 -950 -482 412 -895 558 899 783 -391 -932 -993 -20 -415 -166 736 827 -683 -340 788 87 799 236 -902 397 -821 -791 -41 -646 429 222 -842 526 636 380 -650 213 292 -249 -562 83 -29 485 369 -408 -48 421 -423 -780 -484 810 945 304 710 433 993 717 -115 48 -330 551 -758 -862 -201 -787 -138 -925 -611 743 -35 461 -872 899 -887 566 -905 101 -894 -108 334 -567 154 -396 -158 -662 887 753 -905 704 936 -562 -317 349 971 389 -462 825 -40 396 -382 672 807 523 -468 -874 278 -912 494 -461 892 -220 -383 -267 980 -48 -227 268 700 197 -566 236 664 -245 -752 372 76 293 -444 881 -939 -460 -48 732 -359 -616 128 -580 -12 209 -556 525 -526 687 404 -499 -209 381 828 -2 -345 870 -149 873 -197 -518 -628 -844 -773 678 384 -785 -854 -773 -698 -277 824 -857 -437 -48 553 999 298 -408 901 -964 -14 -526 -19 624 268 -901 142 855 72
-67 -537 -274 984 -379 337 186 158 -578 675 -439 -20 -780 924 -498 -676 137 -494 943 -610 -372 29 612 668 -527 -766 933 111 -103 -52 -575 218 610 -311 691 -45 -229 862 538 808 -334 -3 451 -421 -423 -268 813 86 750 -685 304 -810 -682 82 605 -737 376 510 -184 521 641 -971 720 -337 156 415 69 54 612 -369 -208 981 -293 -527 877 -18 -477 347 -394 -647 762 -801 9 -481 600 -989 -170 -473 -562 364 605 -735 -823 918 817 899 -107 997 929 -654 728 620 -642 -781 -147 107 -896 584 -306 -841 -880 641 -833 -177 145 831 -537 240 491 -329 -49 -368 -417 248 194 -24 509 -206 -48 -979 752 945 -111 -207 783 -864 -283 215 -457 -456 -616 422 -371 -191 -858 125 -528 -995 518 185 759 725 922 984 35 465 780 342 -928 702 -505 -434 -692 462 802 266 -65 939 -6 -656 903 649 775 830 -981 -976 413 492 539 788 -657 -179 -5 195 53 -722 -743 -494 318 651 -538 -252 -617 646 102 807 -424 982 -641 870
798 619 -395 -594 -361 436 812 -106 326 -21 -247 788 502 24 -278 -93 206 968 -283 756 254 -48 88 853 326 -63 -977 545 -719 -682 -973 -601 -23 446 -398 -2 462 51 -925 697 106 -623 -116 -50 -698 -379 282 581 620 -326 -805 397 385 675 193 43 -974 795 -642 -572 722 -568 374 729 -212 -606 -340 637 -470 -871 325 94 -876 684 -959 637 922 219 442 901 -459 -132 -967 659 498 247 -745 495 100 -279 -832 -686 137 646 -893 978 -628 -89 -284 -412 -156 499 -11 418 60 -166 978 99 265 -523 -122 603 -869 743 122 -839 -870 -356 -685 -899 -67 985 -410 83 572 303 101 143 236 881 -818 437 -406 -913 530 223 -594 -696 607 393 828 -470 421 -11 754 -748 -908 -294 -340 -378 -794 -549 317 963 893 -728 -583 -199 489 -571 -1000 -277 -913 -293 -703 -609 -92 975 179 993 367 141 207 416 305 -577 -901 265 818 -654 341 -198 -913 549 140 792 -149 722 -789 67 -767 182 64 103 417 -38 843 929 691 667
219 998 -738 482 -53 695 -795 629 670 946 101 125 -254 -479 -220 121 -86 750 108 -195 692 523 934 -504 -847 -984 156 15 -304 333 646 -584 931 -20 676 -514 -430 -694 -568 -271 428 -375 -730 862 -364 417 -91 -777 482 940 210 823 410 441 887 -155 472 813 -502 546 -127 -579 -133 639 -907 -569 -420 726 910 -446 -219 676 -869 -229 -24 143 -817 626 -563 577 -575 -286 -755 909 6 -882 765 -13 435 -947 917 897 -388 -480 -677 -215 -906 -53 -493 -406 -839 -234 601 -161 333 -156 897 -776 494 952 330 -707 98 646 877 -479 799 854 150 903 804 -920 753 250 230 855 -954 -84 628 -806 831 -230 -719 74 96 -570 916 -718 -649 265 170 -375 677 433 -351 268 -512 781 -950 752 -431 118 -695 -767 -291 -121 164 -766 244 356 710 -654 -178 -870 67 -998 -625 -101 -313 304 449 -932 -793 489 -557 665 468 927 -243 -573 435 947 -603 -668 -612 -61 -804 800 -618 701 674 -360 -461 660 135 916 344 -145 -283 759
-178 52 -928 676 -101 454 298 -928 -388 -432 -799 -136 -756 -760 847 676 520 -363 78 257 -259 194 105 -782 936 262 719 121 633 722 -106 -222 -302 153 174 213 278 -258 139 -626 806 -504 -548 -430 173 -551 288 -534 -564 -225 630 -138 -849 110 223 -904 -514 -925 -367 616 671 -559 68 -533 89 -923 -545 -662 -952 -68 -379 324 -814 147 107 -828 -650 -472 500 33 -217 99 162 521 287 -209 -30 -519 277 966 420 248 -767 -202 -714 16 -536 466 -528 384 -776 837 523 -391 627 430 44 -911 -318 587 -941 -929 -951 -582 904 890 499 -327 -996 56 -736 -855 372 -691 566 262 -257 164 749 -633 613 952 16 -558 719 177 354 -897 -854 333 675 225 -600 -359 567 -16 -265 -90 956 92 284 86 682 681 272 -323 -881 -507 -490 339 -734 -438 -948 261 282 -804 -773 -127 -289 612 484 -224 -502 -856 483 521 962 -983 -868 -523 -440 302 -211 950 -768 -456 -96 895 405 200 469 125 53 -575 -25 579 -461 -789 316 10
170 -299 -390 -140 619 33 404 138 884 -321 -887 580 -99 -203 790 -19 -294 785 -774 -920 -655 67 18 501 253 -345 -642 -98 882 199 -225 -568 -494 335 254 379 556 408 825 -723 -571 -500 208 -37 -928 -671 -885 -244 -993 471 94 8 613 -992 -742 -41 732 -270 -356 -636 312 453 -408 643 -715 101 76 604 -122 119 782 -704 -400 803 610 413 -924 -681 294 630 24 907 -927 -240 41 -353 -486 -445 -298 -641 -888 340 -791 -778 785 -738 -706 739 438 -214 41 -65 914 -344 -259 -785 -246 197 744 474 147 -342 962 -653 -816 186 113 -268 39 -723 -141 -999 735 -69 723 300 -672 -203 601 535 -937 14 493 -665 369 580 769 89 -221 796 -313 -92 449 235 380 50 16 514 68 -599 -883 5 346 -950 -323 -798 -872 -307 725 -854 290 66 -950 191 716 -729 833 407 701 837 28 -612 674 845 -705 -23 9 828 693 -857 -773 415 -696 -471 33 355 -536 251 627 825 124 362 -521 72 592 251 182 782 -319 -88
226 486 628 -369 -650 -805 -357 527 -630 232 949 299 -764 964 -674 209 -388 602 58 360 -337 93 -733 -755 134 -387 -205 -757 -5 268 216 488 940 -462 -925 359 563 939 63 -92 358 296 -497 -496 452 -430 -651 857 -427 -730 -295 -653 -593 217 565 -716 44 -251 816 -157 -151 887 816 501 -709 -160 851 -233 450 645 -981 -361 -603 -204 149 -285 -206 -750 468 -85 -187 -431 438 -176 564 -400 -793 -307 536 295 699 189 -918 986 -106 648 -65 -368 -782 -29 -722 -823 -71 -394 458 -542 -284 603 274 215 193 -1000 473 227 500 -174 553 565 615 214 -318 489 583 259 -63 800 -835 -423 -360 926 -709 -426 -214 -938 -264 -597 -203 -736 271 -641 -500 -227 -793 40 620 488 78 866 -864 13 -13 485 -270 924 -723 246 -192 -718 -780 -160 -325 30 -835 511 261 962 -101 12 355 833 673 -908 -524 769 -230 -943 -660 -531 217 952 -665 723 698 -98 360 808 -812 -805 308 -500 745 -766 -99 537 999 190 869 -828 489 -349
-991 134 128 -824 968 236 -757 760 -197 728 983 -458 515 820 -379 368 -41 -499 772 -891 -624 -157 919 494 -748 -818 -422 648 -444 -513 737 -602 994 516 -236 -468 0 51 -879 68 -45 201 -920 339 688 494 427 358 -184 540 -620 418 652 968 195 974 818 85 -490 511 -366 -398 270 -226 -80 -793 995 -122 928 -779 -14 -388 -414 320 -957 -667 -89 443 -826 -929 -734 -737 548 275 -404 471 -144 -498 484 113 509 -394 587 -834 832 -221 369 470 -661 -441 -329 528 767 269 560 -750 -315 236 597 -745 -721 936 386 -425 -445 165 156 -574 -927 191 489 371 402 733 947 964 -979 -106 -130 -417 426 57 -816 -574 -173 -996 -308 42 -700 -158 0 -104 -451 -870 -709 346 863 -890 -350 66 -453 -125 -998 807 -979 -453 51 -853 -513 -759 623 -303 -92 -596 -189 809 549 175 642 532 818 907 -44 386 357 355 -173 987 -671 -933 -739 -936 -903 -502 45 -813 364 -869 967 -663 -751 778 -825 -837 -864 -310 -713 959 485 -550
-68 -173 -934 -719 833 426 322 -87 -74 -160 -595 61 312 688 936 -97 289 949 16 -983 183 -130 52 -387 -17 -182 3 603 -387 189 18 166 -408 270 385 -120 962 -537 -374 590 -543 -417 5 590 560 36 -994 315 950 -870 -625 794 545 -483 641 549 639 -135 785 -992 852 -585 -369 -310 628 -203 -93 285 390 378 -572 -4 -238 382 261 -475 504 -106 311 -319 -785 234 285 323 -731 296 852 766 -643 -370 90 141 -459 803 288 -784 -554 -968 -317 -643 -575 623 -672 -799 88 344 828 -419 -768 279 977 25 -473 -430 645 172 462 -839 -205 -574 479 342 -999 474 607 -310 -114 409 -617 201 -471 -528 -661 397 791 508 -758 -946 42 -497 -338 -236 898 660 457 -635 -413 936 -572 672 292 -101 -991 733 -625 -768 -502 102 263 -716 192 808 -853 439 405 -149 485 -107 -981 339 59 42 953 -925 693 816 895 -14 116 -234 -238 146 769 -674 233 763 -716 -678 -360 -444 799 -573 725 -704 616 -405 -955 -677 -624 -780