200
-826 278 -622 350 761 368 876 29 783 -367 -39 -343 379 -513 -83 -732 255 -696 50 -7 23 362 29 -784 610 936 -565 459 -624 -993 -446 362 283 131 -775 -92 129 984 835 291 923 865 326 -748 -719 712 145 -102 698 729 -102 -759 258 233 -936 -957 339 -7 -582 -163 -31 -27 471 -963 890 948 -458 971 -498 -597 35 -673 -644 -65 34 569 -252 -380 -117 -896 386 757 -3 36 772 955 -651 318 -849 722 815 -515 944 665 706 -580 -450 521 787 865 -158 393 311 -975 290 406 101 155 -520 389 -411 71 808 -547 -466 -607 -165 -146 864 654 -220 970 207 -433 133 400 -205 570 -146 -171 333 766 -366 182 -451 472 -310 40 -618 754 107 -541 0 -244 906 117 836 876 -673 239 -28 808 18 -646 221 -507 -283 310 -252 -238 658 387 -592 301 -623 -165 -383 -459 525 944 -454 658 45 482 -926 -936 -813 -997 -402 181 193 807 379 -600 -849 -536 199 547 930 -960 -812 -588 934 332 929 -876 -596 -674 911 -583
15 263 651 788 829 -640 495 394 747 302 -721 976 -276 -844 -459 760 583 -339 -687 -7 -950 -143 -405 296 944 -560 -859 -635 -409 213 894 -22 346 3 -192 -396 478 89 713 -584 -353 897 -258 838 294 650 629 -596 -846 -315 -991 -904 685 -609 -438 729 561 -643 91 245 735 880 625 539 335 -413 -407 -331 -447 -421 704 -214 -491 -228 -579 2 -424 92 -731 -271 -319 745 822 -333 -593 71 42 -477 717 889 -316 -951 -756 -781 909 -239 115 -249 813 305 5 953 43 745 -16 -647 -910 21 -989 -868 41 497 801 276 -322 838 630 209 234 525 662 -661 -340 151 -449 -935 944 -839 301 929 -475 -484 659 891 530 -122 447 829 -958 -830 -692 -378 -915 331 199 -603 458 404 -693 -635 892 -596 186 -22 -493 -976 165 -856 437 113 -571 875 -441 -496 -108 889 -599 -870 -722 487 123 640 -762 -687 -307 -528 753 811 -68 368 -393 -896 431 872 -906 -649 240 375 -895 -277 -352 -180 -956 -105 -961 -283 464 751 -483 922
-658 263 -176 280 780 -30 -844 -688 896 -48 64 -632 688 580 919 -705 -421 -870 897 -284 -430 -705 -429 -671 -693 -130 -582 -283 -874 30 712 -476 498 577 26 660 -284 -346 -852 -465 -233 -59 -753 -580 333 -732 700 -407 748 -994 -274 -247 886 234 -471 -678 494 -377 0 -693 914 346 584 887 140 223 53 -2 52 -815 -673 906 -272 176 949 543 -136 -178 38 -328 455 994 -621 -87 -580 -172 712 -367 -147 -723 -705 31 -620 515 857 -805 494 860 -164 -329 -930 168 -676 -626 717 -544 803 -954 -687 -981 161 53 515 340 -178 -521 754 529 -779 433 941 -115 114 -436 -892 43 -846 995 -204 -784 -86 532 -327 752 -59 615 -179 36 959 1 287 -94 933 -328 375 389 400 16 678 183 693 466 -999 767 314 622 -561 -857 254 35 -14 -148 294 -667 -544 670 744 834 -893 -985 -839 958 -595 -416 -757 473 -892 -143 -236 733 49 106 988 954 -330 -825 -478 594 461 447 -832 -703 -985 656 940 -696 593 279 916 82
697 -629 -395 -182 856 -591 870 -652 462 -17 393 69 158 -569 303 387 -995 -61 782 -314 993 -473 667 -48 -408 317 833 -420 -537 523 224 922 -323 -602 891 -136 -431 85 738 742 -979 631 -172 -62 -551 111 671 102 920 -269 492 403 333 94 -486 -266 -182 -80 272 -449 380 132 551 -845 -831 -188 -557 -783 -125 922 -813 912 655 -831 -735 711 -366 -454 1 611 463 414 -414 279 147 -474 952 -596 961 -56 164 -636 514 -613 563 401 -634 829 -464 -143 637 -981 276 899 647 -299 -250 57 -968 212 -982 190 -391 529 342 -757 218 387 360 -101 -209 280 -959 380 -216 588 -720 644 347 717 364 213 -91 -6 875 -677 872 141 -583 -982 940 502 21 956 -201 681 385 -971 859 -729 -186 -254 832 120 -298 458 -671 -348 266 608 605 -575 263 -198 -774 815 -234 -307 -293 -803 501 -572 936 -637 312 618 -743 664 335 130 -358 -561 -704 -664 915 -877 16 -313 -296 -839 662 17 10 316 527 329 -265 11 774 -584
-55 869 212 437 -201 -411 -473 565 -837 941 -158 -812 46 832 298 722 586 -765 -285 824 749 -944 981 57 916 229 -795 756 -460 248 -483 906 680 -574 -708 818 842 2 160 -413 -306 271 -784 746 -476 -973 -626 -326 33 -180 459 207 -625 -419 -400 527 -919 -935 479 777 -764 -737 968 878 392 468 713 837 -353 82 297 880 -398 726 120 912 -212 -792 -421 -41 147 -545 -344 663 -416 -412 -604 -37 47 922 -829 -835 -64 64 468 214 -420 -295 -930 781 -353 531 -743 975 -754 310 -693 -223 -277 -188 -136 559 -987 938 -847 -678 532 905 -126 -853 -591 -576 -436 -862 100 -891 331 -840 736 -824 646 39 -728 965 -489 -642 -376 -255 -763 -926 811 -656 920 368 -866 -684 -330 263 709 303 660 -552 -292 740 165 -121 -547 -304 604 -16 676 -175 -411 -632 -906 160 425 352 507 81 766 -566 -712 317 -48 347 -813 547 291 860 510 -506 142 781 -772 208 -583 -547 -646 -929 357 -553 -424 861 161 -954 -373 -30 259 841
398 -479 800 -507 337 947 192 288 211 -572 -616 303 -566 634 681 -648 675 525 705 -380 -124 -334 -380 -789 -336 369 -889 -623 -682 -161 -538 93 -561 -673 271 -182 493 -892 -316 609 653 316 -268 715 785 233 432 -998 -210 -679 -308 290 905 -220 286 793 -442 383 958 -58 -558 -855 -321 -16 712 524 -998 -444 305 -798 -339 -643 326 491 -333 138 241 331 724 -549 -969 -731 -496 -737 -788 -343 -419 152 479 544 -194 739 460 -112 -552 853 200 505 -822 842 -630 -419 189 -489 374 -906 855 870 695 164 509 -993 -462 -84 946 220 357 -206 -486 -942 329 -331 43 -89 -9 222 526 -420 708 -801 -63 135 709 477 741 399 -71 -299 839 986 639 -503 -924 -197 949 578 -213 81 -782 -656 -530 167 616 39 491 625 225 53 -243 863 378 -309 -351 -215 -417 -513 951 -147 -31 227 -147 331 52 -554 -768 324 436 523 -871 326 418 -426 -503 45 563 87 379 -435 -867 315 -641 -709 807 757 -205 312 -60 -743 357 667
-831 -667 73 84 -302 -254 122 33 53 -563 -153 507 655 556 762 -22 -295 534 -412 676 -860 -847 -122 -56 -902 -363 -294 254 -746 -630 -329 -606 -37 241 489 -668 -769 330 -374 -931 784 -160 -289 228 -206 193 -384 -357 -417 -862 -39 444 299 375 619 -714 -672 608 507 48 -865 488 -619 -862 388 -228 429 -893 -370 -455 -75 -765 -192 -990 939 -354 -637 -884 -881 901 -312 679 882 -366 -956 598 -416 149 -918 -206 446 576 696 548 -866 499 -9 -968 859 189 -725 -265 -232 567 -305 -972 101 676 -881 344 -675 583 155 859 340 -764 550 -269 -900 180 -68 -928 608 -90 -934 860 -492 -573 -808 -214 179 -385 469 -439 670 -487 950 -817 528 220 -962 -742 -83 -194 -553 -270 838 975 -903 501 850 963 -781 176 -443 614 -603 613 444 -688 -195 -728 513 755 666 837 241 90 294 -414 -927 -607 -861 721 472 -681 -720 117 833 -939 -491 216 42 777 95 930 -4 468 52 -622 -70 905 577 95 625 -752 -454 85 -527 89
-577 -476 -207 -72 -829 -381 -346 -930 -536 198 345 -175 -829 681 749 52 453 823 243 -793 -67 -364 -596 -390 529 -707 845 -344 330 -242 -645 420 617 -430 -994 -60 -853 21 332 192 631 -905 -462 -687 704 -415 367 90 771 429 369 -50 514 351 -866 84 389 -602 -191 -23 123 102 587 735 614 883 -721 -553 16 953 878 -326 118 745 282 711 584 131 -444 308 84 265 844 -762 -123 222 -281 -800 -691 -931 -354 -245 529 897 -876 568 -126 407 -647 -582 -396 999 -249 149 398 -467 634 796 -4 210 -705 303 -127 -272 921 318 -308 647 -348 994 -374 -571 987 -36 751 84 76 833 446 347 227 607 68 -416 -119 133 -744 738 28 984 729 564 859 -35 -467 241 111 -663 -350 -184 365 -587 738 258 -323 207 772 -615 -391 -90 65 -294 -57 -573 612 -646 -414 -653 151 -650 123 230 847 -750 -564 -329 -539 -297 -965 315 570 522 -222 -603 24 305 -350 -87 879 -38 593 471 -670 -812 464 599 66 -38 -413 -61
27 -56 -603 287 392 97 -978 -246 -59 625 -568 -434 -75 886 -770 563 -405 -540 27 -498 372 699 -489 -637 336 -103 -316 117 136 602 161 -243 -237 974 353 -345 -753 536 145 -814 737 340 807 -494 -716 331 519 480 -959 593 213 -714 -106 -126 -120 673 -533 -700 549 365 -892 42 -956 -855 288 20 -207 -188 352 -799 -306 9 -498 951 936 58 -221 -163 402 129 -495 793 643 78 537 293 808 -18 121 -687 -547 -232 -571 -140 126 -930 -913 -543 257 -512 -802 463 515 -121 813 -136 392 -166 681 -717 887 -119 556 442 -159 163 836 895 -763 -978 -789 525 678 -620 592 -833 881 209 -21 -987 -414 -69 773 180 757 -414 -480 -74 -30 -350 -214 -202 -132 101 -874 -95 289 -352 832 394 20 279 -369 -879 -520 -556 191 141 -967 -290 -631 -744 -512 -662 -915 800 -847 -949 -950 -408 -744 -757 884 -63 566 -797 -15 -671 648 -784 -110 34 87 559 -864 -896 124 960 -349 -896 -377 469 531 207 -201 637 559 702 548 -356
-719 390 -548 725 -358 835 792 -261 555 -632 -74 459 839 940 633 -567 852 821 456 -512 -911 69 -117 -297 -431 -494 828 380 -677 -612 -962 -122 557 162 -23 194 -678 849 740 137 -914 452 -403 730 525 -214 -794 -291 447 737 219 -169 -753 -343 666 -988 -563 447 522 -409 -316 -398 -664 2 533 -112 168 41 209 372 -573 -346 592 319 -959 647 -987 113 -717 -82 -623 -267 852 -925 -379 1 -832 -621 -683 -65 136 584 -465 -979 76 846 -846 65 508 963 -111 718 754 811 -243 61 796 -635 -620 138 -785 -302 201 363 -966 -267 157 357 -17 -354 -235 -749 534 -112 74 392 -363 956 178 -817 226 -710 620 -672 -385 651 -247 106 -729 163 -959 400 -376 573 -644 76 -197 930 -885 -97 -981 311 -688 -23 -99 -371 483 -607 755 -368 -7 -169 -706 -371 590 -385 -774 958 -526 -998 -53 40 542 947 476 965 283 -594 949 192 548 -824 -649 848 537 -943 417 -547 990 532 877 176 -666 -476 571 -164 -198 958 80 238
132 330 -908 986 735 347 -806 275 -736 -5 -166 -469 492 588 -29 -827 -800 -176 -951 -737 203 687 -8 -254 336 -98 422 884 602 75 175 784 -267 348 770 -812 195 858 581 -216 441 -847 843 -154 673 -720 -388 -612 373 669 -319 -6 -693 512 849 624 95 -491 795 695 -422 345 -590 507 -18 -770 -325 10 14 459 -852 -530 846 952 -125 -611 432 988 436 124 270 -987 -507 180 895 483 977 -381 478 526 -742 689 -890 648 701 -263 -97 144 -532 759 -345 -869 -811 359 88 -683 541 512 714 703 172 305 -626 -947 770 -861 274 226 -19 582 -29 796 -628 -653 -96 -124 2 377 206 -662 757 702 -260 -735 -150 -599 -84 -560 836 -184 800 176 -462 -41 -453 -173 187 593 -223 685 -522 -668 -570 -661 -505 -771 -371 151 -321 -935 -103 -337 -476 162 10 -329 -77 -403 938 -720 338 -445 -863 -222 -842 882 -107 -451 -722 -957 418 -125 778 -382 -475 -517 -916 -909 599 -35 -296 -909 138 -141 368 511 -165 83 -889 979
-862 -35 125 -413 -260 -239 405 673 887 684 -189 747 -512 821 -582 795 -970 -91 -569 36 -669 194 559 811 -95 89 698 -265 167 447 -372 245 -24 -907 553 -398 -223 -323 596 -366 -921 694 204 816 -418 730 -816 18 822 -823 -59 479 320 -637 -988 139 -743 928 465 -527 -587 513 -313 -886 -249 733 848 -89 -192 -426 121 838 17 -82 977 -945 -828 -362 438 597 349 -236 -340 709 -597 563 71 -685 -496 894 -524 -886 637 2 339 15 -208 -558 -249 56 -471 -463 129 656 250 -32 279 788 -35 823 -759 -343 804 329 340 750 431 -191 874 -251 -98 591 -202 -370 393 106 776 693 -25 347 833 -575 149 363 285 720 557 -37 -290 731 -553 -53 812 -314 -738 863 -206 842 676 473 559 -241 517 -313 -97 -426 -6 915 577 -739 -600 -143 276 142 -99 -685 81 -544 915 -321 -207 269 885 248 273 -278 864 659 292 301 -241 140 -675 61 -135 500 944 -996 728 -400 849 362 -33 487 -826 -603 -465 160 -918 -507
278 591 402 -581 -741 -109 -80 476 400 -518 -881 165 -799 -621 729 -52 -588 3 293 180 -703 -76 -854 370 -343 -814 497 -617 259 189 954 174 141 -108 200 310 890 15 -882 -565 153 -960 -526 -21 -484 868 793 683 -236 -571 -135 -182 -466 158 -375 -326 -389 -856 -797 -741 367 334 442 -80 -863 76 -75 623 566 821 -695 175 382 -919 681 -714 -442 -948 -594 360 630 526 -321 962 -867 294 398 -737 -62 -330 -368 -881 876 -455 -149 782 -882 -59 -626 -339 198 763 613 711 -923 6 -302 188 226 -763 -745 -585 -398 -188 879 -545 183 -767 927 -651 -10 782 -478 -315 -979 942 480 652 -103 -228 523 155 -747 730 973 335 -334 289 -105 963 411 621 -3 -532 -150 -672 134 -190 639 -245 609 -164 -535 707 252 419 -30 -312 516 574 329 862 -660 -658 -893 -407 518 -5 101 -598 -172 941 -944 -475 140 448 -980 371 5 -356 300 -985 790 -887 -447 218 -672 -124 547 -170 555 -906 450 878 235 -609 -949 645 366 -189
468 524 -167 286 67 333 -654 251 163 -834 361 -88 248 -497 -327 -877 853 123 -654 -761 668 600 596 -652 416 295 -700 474 -240 4 -772 -411 190 -165 579 -448 -342 -309 -634 -126 -939 684 188 -594 -597 599 533 -714 689 648 867 583 850 -233 -413 285 9 920 99 -389 161 -619 -212 734 -518 926 792 401 734 -291 48 -451 -795 -517 421 -797 605 323 -285 -742 -922 -415 943 809 -590 -7 83 569 239 775 823 720 468 683 721 679 -98 350 370 -358 454 -227 558 -643 -787 -367 74 791 947 141 -471 -717 972 43 77 -781 107 653 551 811 190 283 0 775 638 31 -883 -202 -936 208 -108 -66 -619 557 914 -322 369 985 -63 407 508 199 413 196 -542 -901 -49 19 956 -854 510 565 632 81 881 879 -5 987 -503 920 338 -532 518 571 -66 -21 180 921 334 689 206 -883 506 264 -359 -147 -362 -354 720 -301 663 -330 198 928 147 738 60 -810 -158 924 -753 307 417 -356 -126 268 862 296 -775 936
972 693 -941 973 -807 26 -465 998 710 -847 -369 957 -902 583 224 405 133 -534 903 -429 -783 961 -983 817 468 -512 -399 147 937 -94 -729 46 682 496 -65 -420 0 758 -922 121 -357 -948 853 -910 91 -566 508 329 498 818 776 -320 759 -324 325 -873 272 472 -187 194 988 -598 332 -955 907 386 68 317 -855 519 -466 -763 -666 -407 -243 -388 335 -219 -424 -595 -352 278 -402 -185 888 -953 -889 -334 -806 758 -847 -516 -436 131 -923 943 -394 274 404 35 117 -572 -28 109 751 -982 950 -203 307 356 -588 -992 561 522 203 -58 441 -319 353 -968 331 660 211 -568 -699 -721 -477 -273 657 413 -836 -59 -252 -931 965 270 759 296 402 272 328 5 470 509 -93 34 686 256 31 -640 767 500 -609 785 -648 37 -400 -138 224 -844 -501 876 967 -554 -620 -843 -67 -104 112 545 -98 -661 539 -589 -708 457 -885 258 930 -972 62 -568 -610 733 624 197 655 234 -553 -109 822 813 -398 -412 -800 -955 -705 639 -292 22
589 280 218 0 438 -230 -722 -490 565 569 -376 560 -913 596 767 435 -476 -243 379 136 842 -859 425 165 341 -134 840 -95 608 906 328 -693 -45 987 -787 94 60 726 -295 576 659 -499 588 935 -655 -657 688 935 -433 -737 590 164 11 -438 42 237 903 -319 -468 -67 232 74 724 447 355 587 -475 993 -995 927 -49 324 -645 -437 -466 -897 602 -309 340 222 22 34 177 -199 257 -624 -352 896 250 -144 -537 -409 306 675 -995 646 -639 -445 -275 814 726 -235 -772 -627 -718 -604 -721 -245 947 -103 613 724 -382 112 -55 -769 -480 -264 233 -921 -734 761 365 274 -277 -131 -174 262 -902 925 -533 -563 -271 -937 -693 767 -762 745 691 -249 -83 -323 947 -174 -589 816 -115 343 780 -358 450 -71 967 174 110 886 838 229 184 296 548 887 -291 571 83 -84 217 160 326 -641 -470 298 838 837 -337 590 115 417 -84 -682 -84 -424 553 691 237 -696 444 65 -133 575 -549 990 384 406 548 -330 -136 373 203 -178
-237 779 803 -472 -468 235 45 -275 922 452 -634 -884 -358 -777 785 843 920 767 451 -817 -890 316 -332 411 -455 521 -489 -254 94 811 935 -381 546 -798 -716 -827 -856 62 972 -331 410 647 -825 122 873 -984 -293 -375 681 968 899 56 873 575 -533 -466 -95 291 604 -651 -983 -843 -309 70 -626 527 828 -940 522 428 272 241 284 304 749 259 504 632 863 796 -451 -832 -407 700 21 866 839 193 -774 539 777 -941 -978 -653 135 621 -231 -324 927 570 -753 764 72 8 -522 -386 -709 988 -797 -914 -15 -163 -556 -170 -977 -966 484 -979 812 -71 -641 676 366 469 -950 939 -321 342 -646 790 377 331 653 -33 665 262 824 -36 -981 -924 69 -409 -917 -429 -983 805 -368 -110 -52 -270 293 306 752 752 929 616 540 -810 -846 -582 -985 224 -241 -852 766 198 -779 530 585 -814 335 -255 -394 -438 -354 861 328 472 -520 -984 953 786 209 -565 243 713 803 223 119 987 480 -704 430 447 741 962 -729 -63 -41 757
594 784 -214 -421 -22 -759 -618 527 894 620 -266 -15 -255 731 312 143 141 -455 679 177 318 -488 -377 247 -976 -116 855 638 149 777 -864 403 -418 -44 -529 -822 -463 -378 -724 -394 262 975 768 -339 -415 -887 -336 700 231 349 -493 -599 353 -832 569 -667 -801 -199 128 715 -248 972 991 870 828 530 295 -757 -268 835 873 -726 42 71 127 585 -668 500 979 -243 -902 40 -269 202 251 -199 814 971 -347 211 333 -782 544 -805 624 985 -106 667 467 469 -463 781 -498 -67 -328 260 759 -105 -521 364 -886 410 896 29 -975 199 -457 -18 -627 -17 -748 -5 -7 -649 -697 -486 741 -67 591 855 777 -156 702 -503 199 -982 927 -530 -465 -289 330 -325 957 -100 298 29 888 -160 978 719 360 916 -991 58 -628 -354 781 -819 -81 673 -559 -199 343 -654 -678 809 95 -828 -982 -292 945 248 -390 -681 -749 -394 -198 217 -277 -316 -798 -759 704 -960 -921 198 -479 -311 -906 -359 -443 -191 -797 -210 946 -673 -427 222 84 -597
-926 240 -417 -536 -70 -681 -148 -410 550 879 632 -29 820 899 270 252 -428 779 -813 694 -681 -204 -75 -784 -470 -217 780 -345 -650 -5 988 522 -966 598 516 572 -734 -851 -279 -871 -344 676 -116 -160 -97 -775 596 208 728 -265 499 -623 -641 -796 -372 -467 -67 -521 -386 369 115 -398 663 -396 154 -737 348 -409 199 960 254 -949 63 -625 -146 106 640 -783 32 -94 -985 -643 762 -623 645 -430 -970 561 189 950 769 841 562 640 -835 -558 306 -452 435 -867 89 311 -511 987 341 642 470 63 70 -171 -738 -352 150 -339 -446 933 -415 450 413 -963 -930 -88 131 175 -56 -877 393 390 633 562 673 84 599 484 292 -453 -515 -570 -878 -388 877 939 -572 -177 627 -276 481 614 -202 808 176 -668 -771 -495 291 -543 -385 368 -808 -971 -676 -843 -937 -184 -591 683 958 -432 41 -771 -800 383 224 -219 -989 -299 433 862 804 298 446 181 -137 198 -502 584 -283 863 866 -661 -938 -476 32 175 90 280 504 -885 -799 483
858 -352 600 257 507 825 -392 -76 -545 344 -302 501 959 70 813 -948 814 103 -804 -379 -484 -170 -126 -123 404 -369 14 -808 -908 -833 219 642 522 -440 857 -831 533 954 235 332 970 740 -832 -463 894 -553 30 185 646 -984 -888 949 -804 -591 702 -346 -534 -419 -508 921 713 955 -25 126 -631 669 998 -754 812 98 -880 495 -198 -922 -642 -230 584 -760 986 -366 -831 -586 -521 -527 -888 34 -681 -804 -843 110 138 5 -101 748 -382 -180 -758 674 823 721 -340 -385 -495 30 115 739 -809 292 -308 -521 -850 930 298 220 421 426 61 -148 175 578 -109 -388 674 -656 -207 915 780 -167 -346 116 -156 -102 411 -480 689 959 -33 -989 59 -782 -836 -449 709 -744 -712 -970 883 608 887 943 -149 290 -745 -774 643 615 629 -216 506 53 422 832 516 820 -851 -377 -703 113 476 290 -446 -807 -479 -770 818 -942 -140 612 909 -424 537 646 -987 -642 -992 207 -165 347 324 -601 -50 859 688 635 689 -767 322 -902 746 -145
489 666 49 -179 -498 -392 -917 479 368 605 -154 -236 -303 -739 -754 -804 592 -379 -963 80 -591 -713 -328 -224 -225 643 579 921 -77 -104 -550 817 675 49 941 -350 633 -141 676 460 -666 285 -157 355 -585 962 399 274 -908 -447 -406 -342 867 570 144 -968 -433 383 343 528 833 -280 853 -336 999 -496 954 -846 -366 67 -98 -840 -647 -773 476 -940 -389 869 804 -421 642 471 -983 972 93 543 358 891 366 638 660 -562 24 -970 435 -919 -75 977 -502 -881 934 -844 558 382 -478 174 205 -176 -829 278 54 -711 875 -152 525 -914 499 -912 99 373 311 -4 -385 835 -557 -195 376 -864 285 928 837 984 -548 803 -148 41 -346 -337 -821 765 475 683 -119 -209 -979 888 -748 78 -59 -122 705 -83 -197 -211 412 199 -291 -741 969 -89 465 -737 -235 -446 918 534 -787 -648 -45 736 286 -539 968 526 45 146 366 980 685 -63 989 121 -164 -598 -596 69 -923 163 -405 -549 -717 -929 -155 -332 -920 170 553 102 364 952
-30 938 -859 -96 776 -740 805 -527 65 -954 727 -927 -807 -125 603 -358 -115 -906 21 183 -954 236 -162 -701 -902 -253 -546 -210 -918 -207 -271 -196 -754 -405 453 559 603 16 546 903 -855 -537 646 627 -240 -866 798 344 -206 -907 77 780 41 896 -631 -347 -828 208 367 -855 890 -942 199 -179 -912 870 -758 -318 716 -119 -297 -860 300 -378 112 -783 -739 -415 -73 -778 -933 297 621 746 845 -273 -29 574 494 -505 -361 -181 635 279 -396 -508 779 -368 980 -591 188 382 800 120 994 -244 -840 573 630 689 907 -571 -892 -236 -151 -765 -455 -557 17 721 -911 990 995 85 -407 -331 650 604 -192 705 58 -940 -629 487 -393 -277 -143 -229 -244 -619 -894 109 90 949 869 719 -420 -871 60 227 43 812 87 737 245 151 297 637 614 -51 -67 830 273 -619 -372 -415 687 437 688 970 -183 786 -374 -813 883 -708 -708 -389 24 -16 120 -703 -715 509 414 193 979 -575 -715 415 617 -880 -104 296 450 -50 -926 -144 -365 351
-803 -153 -530 -910 -449 -562 841 -860 9 218 45 187 681 -838 -261 943 114 848 87 864 872 -431 -309 231 -512 1 -859 -817 513 -738 -642 -132 -632 -706 114 -477 932 -403 -534 -92 6 -667 33 -224 874 -543 438 702 -992 -59 60 -238 -975 887 -746 468 -935 -259 -502 23 -387 -437 714 -993 6 -868 -691 40 335 517 256 -164 -78 383 746 -129 -17 529 -772 433 665 -686 -545 907 195 911 986 729 719 879 167 -972 637 -144 -249 278 -403 -342 221 460 230 -762 -591 -816 -558 -947 704 -131 81 511 -17 731 69 -417 408 429 -10 55 580 -951 718 -938 373 -35 67 577 -584 241 -326 -304 323 -748 901 -728 122 -623 -955 55 485 809 867 -567 734 -48 125 15 547 -286 924 -246 -651 822 174 -334 166 572 326 -309 -961 260 -876 -498 -11 813 -253 253 282 -846 237 -137 -663 710 789 -579 931 -845 250 422 -513 876 -470 96 199 993 596 999 -889 -717 874 869 694 170 -457 -833 161 -572 700 168 260 -530
-526 -67 -966 388 647 -290 -689 -78 -457 940 471 -326 -374 568 310 798 -401 -682 -218 624 114 -525 579 -952 -786 -395 -823 13 -548 441 676 -533 272 502 754 -431 174 641 956 60 -90 -695 207 693 -420 -121 -609 658 558 373 649 -215 -343 807 -660 784 258 977 -506 162 -284 -611 -202 703 -568 147 27 -412 81 -961 -692 -861 -379 -929 -253 -249 81 -49 210 -9 -247 -842 -520 -702 383 -21 363 258 -534 542 43 -325 985 9 236 -310 545 740 -543 678 648 -900 -218 -381 -748 956 -523 -451 140 172 -142 -895 578 602 -917 403 -793 -798 493 450 -666 679 -2 316 -605 -921 -445 -735 -927 -431 919 -801 -708 -260 955 -383 -500 -694 -526 644 593 -693 378 -350 318 37 405 347 -306 -704 485 687 785 -19 450 -97 787 -412 -712 -229 639 315 -875 168 -957 482 -414 1 -101 106 -436 -20 46 -764 -490 -232 -239 524 825 794 -928 852 804 223 -159 886 602 303 -84 831 -627 376 371 -950 596 -810 -710 -379 -414 -235
-121 -509 392 460 -476 -821 -355 -120 473 -20 65 -881 -942 648 866 -616 -580 -398 -22 -847 -939 -164 751 -53 180 -126 -212 -442 997 167 -759 -821 -999 20 -951 843 -302 729 -90 -370 327 817 -766 299 -822 196 929 751 -616 -4 938 866 -623 -857 -925 134 871 555 185 1 887 -101 383 -92 24 985 -688 985 733 -962 312 -96 -724 -432 26 322 910 796 270 -60 834 263 -656 -792 -642 -256 -430 939 -230 -466 -414 -363 687 430 -542 684 703 331 -977 867 -406 692 -242 -879 250 751 -431 11 -522 -87 -993 -680 -738 -302 -339 -593 107 -624 -511 883 51 191 -574 639 -810 951 508 -50 -67 537 83 -615 955 -133 -324 608 891 -34 -729 -317 828 -194 827 -580 -816 682 -295 843 996 -638 851 191 -902 -478 683 471 -480 -246 -621 -303 -939 -462 -76 -53 478 -179 624 179 -58 108 431 -826 -33 -625 884 -683 -723 -791 -237 -226 666 761 23 355 -859 -407 864 362 769 -766 -721 -731 22 -598 -61 -343 491 385 -417 -585
-722 -662 539 805 964 -995 868 -922 52 199 -114 649 925 -405 746 448 728 17 -538 -589 -384 -263 64 989 388 -482 -891 944 -255 686 583 -855 99 -431 96 911 639 144 -909 897 237 928 688 540 492 -300 520 650 782 -181 936 -730 -909 -941 -56 -673 437 -605 -575 -959 717 -465 313 542 13 -488 260 785 603 678 -532 -824 -553 -276 -557 331 -782 273 634 -235 -653 481 462 -379 501 59 -686 -522 -588 829 -507 -614 -649 -365 259 590 -525 -150 -354 -433 683 -383 -662 -389 -194 -309 -846 702 -595 882 389 469 -272 949 -433 722 967 -566 -70 362 123 -603 61 631 783 -158 949 11 914 393 -106 -582 48 -370 990 871 -897 -552 -923 -299 76 -17 112 243 -306 27 -538 867 302 -887 186 356 -976 -111 716 -74 -809 596 505 32 -586 366 -560 598 -402 -743 -377 -491 -884 -656 729 733 964 549 957 474 689 -773 269 608 850 -100 -461 170 479 -514 32 341 -443 -217 232 334 -518 -223 -509 384 955 487 953 -607
-213 -688 301 -827 -108 -900 866 -515 332 -239 -892 -634 -377 574 -463 -390 -667 -415 -428 638 -553 -883 -302 613 -283 26 -377 187 342 623 930 575 -776 -281 522 931 550 -287 -238 -514 -653 979 173 579 339 772 -667 -299 -634 -819 -836 402 -226 380 41 130 -157 328 -60 -585 722 494 246 440 -206 -594 -848 -91 772 -863 256 -932 607 397 -731 945 399 227 -97 -533 -910 844 429 374 875 578 -223 -948 699 -540 615 407 768 -511 -976 560 459 -134 -340 -940 -464 -506 281 -701 -446 -6 -751 344 -975 28 861 -348 -876 -633 -464 -867 668 -961 477 -554 -679 123 588 -441 -680 179 -295 -668 -639 -786 325 594 -181 429 478 246 -280 -528 507 -404 -848 525 517 102 325 323 438 -200 -7 438 391 32 466 303 -54 -296 348 -583 -638 596 -371 290 -819 -964 107 379 -938 -431 -855 498 83 -990 46 -520 -932 985 -806 297 396 959 221 113 -969 94 846 742 -140 944 973 -849 411 652 73 -445 -713 300 -716 -307 -291 -435
534 275 -475 861 -445 578 807 -622 580 649 495 -754 552 470 917 418 -299 774 -121 455 -908 -924 -30 157 -604 -185 -743 303 201 -504 237 -395 -928 885 -883 927 -73 -90 809 915 -974 867 -729 -833 -279 -859 -112 837 -63 117 -403 479 470 -392 964 -705 534 -573 398 104 780 -51 59 254 -500 -51 10 11 172 729 962 -869 -551 -525 461 279 -126 -622 533 -195 -429 648 -639 -754 -898 -644 -215 532 821 374 -889 -577 466 -205 -641 -792 921 433 850 -834 -548 373 -880 -312 662 817 -424 386 68 -682 828 661 517 -700 -778 852 -4 -94 -351 -600 -769 -807 -824 88 391 -219 -440 422 -806 659 325 -393 -330 573 165 -370 134 94 -769 -322 325 536 981 348 -662 261 385 921 -558 519 -471 -93 144 -40 -65 22 -122 -130 698 -819 43 -95 99 -418 742 894 286 192 -275 571 -485 373 881 -402 866 70 -530 366 151 373 549 224 -272 576 42 378 -405 -144 550 668 -683 -125 -442 637 -533 -777 -788 -359 234 -218
-683 592 -761 726 712 835 -158 599 -313 256 706 557 -950 509 -49 161 550 -704 -349 -214 -838 237 -540 367 -64 14 -389 -524 732 733 237 -857 -454 69 -604 -487 -680 279 -812 -768 -858 -576 364 -298 -466 -496 106 544 -900 -465 -479 475 -420 561 -975 920 456 908 652 185 -599 -543 113 -314 538 -618 -935 320 -520 -877 -329 891 875 116 -274 642 -245 927 842 -125 954 318 -899 -931 464 225 -109 678 -533 -519 415 -130 402 643 574 -575 530 -517 -625 795 -475 -970 371 -373 314 849 205 -274 990 56 515 169 -213 97 -842 -889 -925 -54 -625 98 -344 817 779 267 -722 -352 -88 98 -206 -872 -320 -520 170 -393 -166 -37 -131 -767 178 801 191 -52 486 371 483 -380 979 -827 404 -695 849 262 -370 412 265 441 -66 711 365 980 -756 -452 -443 -717 -782 319 107 -37 -338 -664 -440 319 179 -296 -113 -954 125 630 868 -692 108 662 405 -427 -879 957 319 747 76 805 199 -413 1 -709 -145 -629 -513 158 -248 -320
938 121 284 934 -994 503 -682 -356 -678 -644 611 -303 279 -687 -404 817 -742 -948 881 40 370 -400 -513 403 -932 239 757 770 244 962 -12 717 -289 444 578 603 -853 677 97 -258 -716 -438 -399 13 63 -312 -499 -729 593 725 385 132 59 -991 -799 -555 -841 -123 -861 -868 4 -762 162 925 -109 43 742 531 -979 -514 -90 -886 -59 802 -215 -284 996 502 -41 -705 -519 -794 792 26 732 -165 -841 -748 840 -784 244 924 -43 -847 -478 -824 416 319 636 -467 74 479 -576 796 -89 -201 24 292 435 -223 -938 -865 -116 -998 530 75 124 143 -733 805 -570 -783 -651 928 -592 -939 -514 731 -149 82 -791 605 -808 274 490 -661 -865 564 -500 138 202 558 -557 342 -761 -944 -582 -334 -695 856 653 -128 -534 -320 770 -131 -655 580 -61 725 -608 -854 422 805 711 -524 141 705 -818 786 464 548 260 894 850 -770 585 -772 555 -488 -540 780 -708 263 -470 575 444 -396 -277 -488 -369 10 266 427 -586 894 -530 907 397 746
318 808 -396 -48 -292 484 351 279 383 -347 -366 -313 -41 332 704 258 33 -671 7 874 -515 208 894 -196 -246 100 643 -391 -17 689 758 -953 -375 627 -36 -304 605 692 172 940 946 -626 507 542 404 -216 47 -866 879 684 -574 52 736 67 -248 -652 -351 382 280 -665 395 307 -368 382 -71 -245 -784 -100 -847 -106 768 -823 925 429 -818 -512 323 651 45 -188 859 -684 -906 795 -626 -215 736 58 166 490 -255 62 -40 -700 -718 142 -852 -516 62 989 -661 2 -414 592 -120 -422 878 -370 5 624 -497 -602 -832 12 -317 464 -887 781 651 803 650 712 -491 -713 -50 904 531 -819 -528 100 75 486 -47 -546 -872 -862 -320 189 399 623 -31 -366 -429 535 -670 -909 242 450 -533 482 -249 -440 620 926 -252 -831 -190 223 599 -727 -766 -364 -959 901 -503 -300 179 -948 -691 983 -479 904 -507 738 120 -180 0 -371 -755 89 -769 -411 -987 703 -55 553 -815 129 -15 -95 149 -244 -265 777 -53 873 329 940 377 -614
-787 -63 250 -547 880 -195 760 151 -239 -2 -618 -430 -716 252 -299 186 312 536 584 550 495 -83 -304 -901 756 950 -173 207 -532 585 394 993 803 232 -874 -170 -884 5 215 619 787 860 -201 -814 -955 813 253 574 173 723 -100 572 -226 -74 83 615 -706 433 829 -357 704 910 140 -777 -343 -9 894 -676 645 125 661 -332 -660 745 -712 -894 -678 -439 -690 -353 -756 -886 -5 -113 413 -957 329 519 61 383 -964 285 -67 337 217 765 -96 -400 -457 931 56 -413 -277 994 -574 -692 884 674 242 -127 -470 -569 -62 -954 373 47 -873 856 500 432 -559 284 -112 -252 59 475 724 22 -348 947 -606 -970 -794 485 -630 -367 477 119 342 746 341 325 -27 -962 -175 759 -454 -447 60 999 -316 189 -66 -495 -155 -868 692 916 -277 -521 -222 -363 -36 899 -282 718 919 -811 262 515 762 -530 -1000 769 595 -599 89 -542 -848 -656 505 191 948 891 219 440 -562 2 -941 740 951 926 289 -714 -597 -803 476 684 740 942
-92 -771 742 899 -122 -354 519 -464 969 885 734 683 -359 -534 -408 -501 -773 650 319 170 754 124 677 661 296 -174 -451 -376 724 -112 596 311 574 719 979 393 277 98 292 -822 -587 211 622 26 590 2 798 357 -870 -653 -716 -606 503 -478 117 -14 701 -327 716 567 -157 -503 654 587 -124 -999 -695 469 983 426 -825 -88 624 133 -279 -557 -441 -475 357 16 19 17 161 470 413 379 973 421 -596 -61 747 232 -394 826 159 870 723 -99 683 -348 814 -672 493 -756 -98 676 -908 -180 -157 737 -985 -398 28 -16 -495 -148 993 105 -436 8 0 -537 -272 453 -148 367 -207 -715 -182 -119 -960 -770 68 -227 266 -198 399 467 25 -199 888 -252 -270 -426 111 -767 848 946 -792 658 57 191 -966 269 -177 -399 701 -245 973 176 -682 172 14 -436 -775 121 -66 -281 -368 534 -891 868 305 756 -66 -230 951 -524 -898 -204 -419 -502 180 375 -813 177 -56 485 -385 579 -411 -640 -30 -159 844 -345 381 -539 -764 -371
829 262 -810 -343 501 -658 -119 -64 -865 629 -197 -117 173 286 696 218 -498 -597 792 297 240 -842 -606 -617 -705 -348 378 -21 -568 -829 895 507 -598 -730 10 473 209 -993 471 364 -601 -80 -993 -903 -105 -237 -760 -586 127 -636 834 445 -650 -606 364 -640 218 435 -734 266 -142 587 477 951 -585 27 -636 925 807 887 870 133 140 545 975 577 867 428 -128 867 702 -200 -391 -434 -783 -290 -855 378 767 -871 592 631 648 498 -439 -932 684 -425 962 -544 -458 203 -856 407 659 386 -863 256 -368 509 -772 -421 247 -925 -477 893 435 804 -799 136 -623 566 291 -271 836 -833 713 -871 -32 -800 406 -972 -490 701 300 -674 -463 445 468 847 23 -226 -549 626 -859 704 -611 288 -893 -804 -55 -528 144 -974 619 890 798 859 807 -920 -310 -957 -808 -950 636 -115 -16 -291 -884 299 310 -132 -376 69 51 -196 213 444 698 817 -535 257 141 -224 459 -496 -952 -911 -245 -161 -722 -903 276 -145 414 235 -662 484 860 183
748 202 -206 -956 6 -818 500 -884 -674 -583 828 -250 -910 239 65 -944 -679 -561 -457 -296 -625 -547 782 859 192 -491 300 275 531 -229 -409 -272 -582 -953 -962 610 -314 54 -618 -299 613 493 -864 373 -720 -263 8 584 614 -244 -518 968 -303 -381 -676 445 711 838 -645 -737 -740 -147 326 -830 -396 547 117 -270 109 931 524 288 84 -892 67 971 386 -670 -833 -668 515 325 -708 -119 -232 -537 -59 -811 410 -37 196 -722 -319 -922 -103 282 -902 -142 402 -109 -290 -965 -956 -280 -993 -736 -725 -183 728 -748 944 -499 -544 -327 -806 -428 -385 -415 62 -929 424 -973 515 672 504 674 845 -116 303 -894 -39 718 -419 -833 696 -118 576 589 130 586 -170 112 -183 -351 -238 782 584 572 -523 -807 -209 951 435 -816 -919 90 -465 875 396 212 -756 -97 -214 -181 -743 363 -409 -766 596 -938 72 473 831 808 -267 -839 -347 -592 -845 -556 713 -29 20 195 111 165 -146 -633 -526 281 141 -629 509 200 409 240 -555 383 493 -340
361 380 -120 -818 873 -69 738 884 -152 187 813 -677 -182 -330 -967 678 358 953 869 -321 -334 440 -386 -352 -342 409 -440 -810 -719 160 -870 -586 198 836 989 329 470 885 -882 -281 -228 -665 -42 -905 -686 714 761 -965 76 964 421 -469 -726 51 -347 399 -524 -815 -901 -477 -967 -891 170 -427 595 443 705 534 576 172 -402 -839 -419 721 -98 454 641 -93 936 128 613 -725 -1 385 -338 570 -961 238 977 -854 -515 -948 -39 -24 -22 -76 -382 -514 501 -3 876 -41 137 439 -183 600 -204 317 -81 -373 725 743 -437 -133 -866 597 758 -535 322 -365 154 842 -734 -72 762 932 -309 182 -624 374 500 -540 17 -97 -742 -525 617 -809 -226 410 848 -719 -684 -687 530 790 -666 152 -967 859 -610 -11 470 -358 763 -784 -218 -3 632 -774 938 214 120 -279 312 758 -213 -173 -441 749 682 340 768 512 136 928 -762 351 -563 -27 199 -138 -972 -788 -265 827 310 -191 -771 -269 985 724 -230 173 -371 375 -998 -934 313 -483
-797 675 169 -95 -729 515 -646 718 -45 125 117 -819 -847 373 -945 -408 633 -821 -559 -937 -867 824 283 -845 -763 145 -877 96 331 -444 303 917 656 638 387 -241 670 415 -362 9 -15 613 -266 367 -900 -611 391 879 -290 -791 492 -834 -31 233 -856 404 -451 162 989 -79 720 877 -539 181 749 69 492 -670 896 644 -779 636 580 540 -498 -723 625 517 -975 594 -815 678 440 722 434 -216 -415 506 -89 -638 453 397 -867 588 284 502 910 -683 677 -240 -73 -72 219 -928 -618 -632 -530 -14 -563 -117 353 613 -265 -403 515 660 30 462 684 -812 684 372 -412 305 668 137 930 -354 809 -829 167 826 577 161 74 719 501 600 446 -908 -741 381 980 -898 -387 7 -449 429 -792 -514 -737 257 161 48 -516 578 156 426 65 856 512 639 984 -707 645 610 591 -247 -302 826 -713 573 -489 -732 374 -104 673 -812 -681 -331 811 -216 -886 243 -641 -263 394 161 702 208 29 753 702 252 950 725 -430 330 -502 -719
-148 677 87 667 -460 -129 -3 903 362 -622 -253 153 188 -773 -750 657 -568 135 -851 -975 -695 -64 -649 106 982 -670 -543 -632 81 -379 -197 -355 460 -527 -21 903 -603 -22 974 -128 348 32 744 -232 -249 54 -319 735 838 -575 516 -197 -988 -491 -834 821 -57 -700 -507 -708 174 815 -734 -502 -640 -381 -476 236 -827 -163 -998 757 -34 -688 -335 -457 669 531 321 451 994 -194 882 671 -930 -295 -58 517 -292 914 329 -57 387 -465 -196 652 -152 761 -378 637 -412 197 -256 858 -297 818 -995 -529 -969 744 -305 584 -156 -415 -135 -693 -643 -381 5 -194 -76 -82 369 -89 -259 -46 -719 -278 -508 129 572 144 -883 -80 -288 85 -501 145 878 -128 -567 244 -230 376 -171 -142 -132 -859 844 437 -974 -561 590 -202 -483 801 4 789 -349 -200 542 489 256 664 -172 -539 354 -749 -646 33 834 -171 -373 692 290 -418 -181 62 199 39 826 -431 -421 -280 65 759 -741 -736 684 595 633 531 448 -439 904 87 558 407 188 814
36 615 910 -575 321 138 -8 383 131 611 188 646 382 -577 601 143 198 -95 905 -788 -894 830 233 242 -962 -627 393 -353 251 -88 874 869 620 903 -5 -52 439 481 102 882 882 -590 -812 153 -66 -809 -684 -445 -486 -466 254 -318 291 -475 -824 494 820 -157 796 -737 467 594 127 -690 -936 982 -166 811 -552 948 496 -48 -506 893 -85 719 539 350 -695 -590 119 -937 -706 -247 594 -567 -683 -502 -698 203 768 30 -182 917 -941 77 374 -522 453 758 983 784 -398 -33 -994 490 -580 -577 877 -546 922 481 148 -745 -438 -222 101 969 102 779 736 -259 952 622 738 426 197 445 -300 -201 -351 517 590 -127 -726 -92 105 89 -708 -161 -224 144 965 807 671 -694 334 87 992 76 616 810 -213 -549 -519 -781 957 -712 -425 579 -138 989 634 313 200 667 -248 382 -823 66 31 555 239 -961 -481 -627 27 -111 -26 -858 532 -387 -344 -740 350 -74 47 170 -383 -490 992 -203 558 -925 -478 543 -677 -92 520 854
613 521 678 -552 -333 -395 -881 530 -783 729 -992 -12 889 -461 -907 -86 633 375 20 -118 683 -561 -955 897 180 -867 -377 36 -322 245 -418 558 44 -299 -705 84 950 -795 26 -833 583 -520 831 -988 50 529 211 -768 -19 -481 389 139 388 -247 775 632 -82 879 330 751 272 -756 825 -418 432 747 -942 -753 434 945 -930 -92 340 -169 -240 173 855 277 -335 813 944 754 901 420 -183 -140 -75 -299 -965 -541 -135 756 33 -147 -883 962 -516 -33 204 31 695 470 734 -348 -290 234 304 -392 -654 -363 589 15 -181 380 735 452 32 720 -436 406 -294 -787 -834 141 745 -826 498 -521 999 747 -219 -492 -826 -311 379 309 -116 -764 348 -476 -790 -782 859 977 -424 110 -874 515 764 -915 -957 -246 -85 -448 -408 452 906 -883 303 -625 553 -480 -572 114 288 -446 -756 190 -272 552 -206 -411 -683 379 -618 507 205 -599 148 689 718 -591 -142 949 -567 -338 438 438 -220 941 -288 766 -152 -78 -666 -879 701 96 442 178
318 -241 697 611 111 566 -824 -583 684 555 281 812 324 437 -586 933 289 898 468 -47 426 -595 656 4 761 987 -766 -879 501 428 -486 830 -513 -286 -311 733 -477 -659 720 152 409 820 285 -873 433 -870 -933 39 -628 -722 551 -158 -637 921 810 148 272 -424 -634 -854 -657 157 19 -194 459 802 386 -266 -78 -581 -812 699 -87 997 -650 20 -476 -870 618 358 294 -15 564 -921 -124 -138 318 -686 -122 -116 923 -643 -793 -727 -324 -52 -842 -837 847 277 -273 -951 -75 -73 51 -155 -698 -930 -43 122 -88 -737 626 736 594 -846 -997 914 -791 180 460 449 -453 -76 328 -148 306 85 836 18 -13 -65 167 502 -420 710 -810 167 546 -290 -141 -260 -582 -188 727 -385 -369 -651 -749 647 124 499 797 -940 586 396 741 -309 358 970 419 163 437 613 199 -498 -18 125 -746 881 -871 -721 547 -656 -322 -407 533 -837 51 556 -455 799 -40 -172 -345 -867 803 401 -717 -961 250 626 -941 -30 -892 840 -273 -150 -245 131
265 -649 -155 498 564 490 799 -117 974 -751 -110 532 584 -377 443 -857 563 453 1 372 997 455 -74 -576 -312 -219 -582 -102 305 162 -867 374 16 -988 -136 376 -342 677 -43 783 457 286 464 907 -674 -810 893 561 -908 -555 929 -975 -776 -381 889 -459 -458 797 139 492 -800 -193 160 -543 -922 610 -301 -990 -92 -673 -261 -188 -398 -336 -916 403 -774 406 -250 0 -539 -115 -30 119 815 -189 938 -369 305 129 -236 -484 -461 907 -999 -359 762 -398 -970 45 896 519 590 -454 176 -19 -109 -698 -873 -501 872 870 148 222 -536 -321 968 -894 -384 -669 500 -964 -72 -10 -980 488 614 -986 -96 853 -52 -135 -550 -482 -860 468 143 846 556 -901 -497 136 -627 -452 -616 -444 -259 405 -764 738 -689 833 -501 673 373 518 26 308 -343 -627 239 -794 752 -316 -598 573 -267 -735 166 273 138 -30 375 314 -786 -198 666 -812 -257 -953 -535 -999 32 559 956 13 -297 -219 -492 -172 860 -295 420 495 -408 709 -608 -618 587 81
-353 -250 -255 -681 -261 533 -571 -296 914 925 -825 -649 142 -474 -69 -528 573 -43 -232 445 216 -753 -31 774 900 -985 245 571 526 987 163 -631 -14 -244 50 532 4 -87 921 42 904 735 -175 -87 39 -549 436 95 -90 540 898 -262 -153 -699 93 781 588 740 -238 206 -710 366 -933 -447 -684 81 961 935 -45 -907 524 -97 -944 -223 689 587 -163 -158 715 623 -73 -537 -858 721 735 839 308 -112 573 61 -659 -987 558 -783 506 193 -331 580 431 -847 -917 -685 -253 -204 -789 888 526 -994 684 6 142 -857 -348 -651 -131 -647 192 945 89 919 -599 -963 -297 422 836 963 -157 648 704 -780 -628 -520 403 -449 -492 23 448 -974 -770 794 -81 -511 -230 -543 -666 992 -800 407 -854 -922 -921 -429 -104 -67 -803 -2 -837 -582 -752 -822 940 -707 -541 -378 210 419 404 259 614 -2 -576 -683 -73 773 611 -310 580 -48 537 972 -276 -336 924 55 -456 735 -650 -553 833 6 -667 -181 456 -376 -213 149 54 -4 -182 624
-433 748 -870 302 -230 -902 450 -937 301 33 -65 -980 -351 -661 -691 36 -956 -120 732 143 -429 143 491 402 -292 -535 634 -496 60 615 -950 -646 922 -946 683 -238 417 -264 488 -494 -787 -945 -468 -653 323 -730 -764 165 -515 -387 -535 -83 -233 307 200 -709 396 -412 555 296 -864 -215 60 357 -517 -743 233 778 791 -523 188 -255 -71 -754 485 869 291 -742 532 -972 199 -564 -263 -564 948 894 736 -84 849 -450 -969 -460 199 -716 892 -424 679 -524 -653 -759 753 -910 -312 310 -108 -131 152 -617 223 606 -580 963 -203 -160 -315 -567 -579 583 111 -251 -532 969 1 960 985 104 -909 196 -82 192 337 740 -531 -993 222 -452 530 -451 39 186 -779 727 -651 382 -409 313 977 163 729 705 979 263 -581 967 662 -522 229 611 -121 -163 -689 -480 92 -786 697 -442 -837 107 -599 -120 -524 -664 512 -594 -922 -583 -375 461 186 -826 105 28 779 -51 532 -99 -316 -984 -153 142 -202 -468 240 -62 -242 116 -603 -267 853 472
-97 941 965 319 680 -592 -703 290 -466 4 223 -553 54 -537 141 818 -735 850 518 -68 326 -504 -420 197 -865 237 -534 904 948 147 496 -385 -949 -698 134 223 -801 710 -18 1 -302 -526 -873 336 -999 206 418 -597 38 195 -702 387 545 -737 -793 304 -539 392 -691 214 -746 298 19 -919 106 55 -725 758 848 -158 -194 67 -820 -167 324 848 112 -334 779 -763 -317 -188 620 953 -792 -912 -473 689 -905 -852 -348 386 -515 856 -858 -230 -997 -461 -468 -698 942 -587 721 862 -834 531 -527 225 741 723 956 634 950 780 926 244 -866 -916 -842 216 793 -36 359 -789 392 810 -645 848 128 -759 882 -22 975 503 -579 -447 813 283 -944 449 645 527 941 -291 102 -764 -313 -470 -506 -103 163 -630 365 -658 -442 -312 792 289 871 655 -313 -701 -824 516 980 619 -807 374 -114 -373 -418 -982 612 -172 -532 -357 -550 336 -543 -428 386 -336 65 -326 20 -467 -951 -993 100 544 145 496 336 923 822 384 -471 -944 -123 -899
427 202 750 -239 974 521 -859 -847 -241 -497 -91 -689 -164 825 -650 -28 754 460 -7 -993 -845 729 -981 434 758 489 785 771 29 28 -355 -933 -673 737 -633 -131 -775 380 -471 -333 -125 813 -326 -289 -138 663 -277 664 -389 -888 -533 246 -593 -580 713 609 -432 -478 -618 253 -685 -87 -889 -978 593 878 890 -340 -43 -679 -21 -521 -117 649 -707 -992 65 -206 936 -747 -997 433 -857 733 983 -6 591 -815 838 -580 -87 81 457 -5 -955 -748 918 -235 -799 -102 -14 -622 -524 425 -872 976 973 324 111 -878 -125 -380 -954 -277 117 384 -628 570 -460 419 -343 -82 -738 -80 -4 732 -942 216 -539 604 537 -480 894 -770 -374 -910 780 925 -639 127 -754 959 -495 460 566 998 -746 671 -326 -998 166 290 801 -669 -479 836 -44 618 -125 892 78 603 256 -781 -465 -254 259 527 -187 -516 468 -924 23 128 739 144 22 558 -921 -894 684 718 -42 -786 -806 957 -236 -261 990 -92 -178 -87 188 393 -802 -97 450 244 500 636
986 20 -990 144 793 -178 -28 972 107 -516 469 -723 -649 -722 245 478 26 869 -334 782 -159 477 -993 347 -23 982 -534 -504 -495 563 -920 274 456 249 996 857 -720 503 -38 243 998 -307 0 595 250 73 542 -214 -212 711 393 465 861 409 -272 -453 -135 360 924 -478 -902 -291 -679 -143 618 -590 797 794 561 319 910 -837 -642 70 468 343 -475 -113 314 60 577 80 -993 -260 -768 93 866 702 -352 982 -847 481 461 778 509 -447 -327 -979 966 -392 322 -64 -931 -297 -490 -455 -710 -425 -375 220 -454 -241 -749 -281 556 -932 822 -242 -939 263 -272 879 938 -501 -958 905 628 -851 -343 -119 -937 590 -977 -726 826 -558 940 918 -718 -574 -637 -434 586 -691 -942 465 -965 953 247 -12 -363 569 608 -275 349 -829 -63 351 -339 128 -384 -857 -383 524 586 -196 672 807 604 -653 -327 959 -877 181 892 -76 -555 -743 207 453 -929 483 -998 -864 -696 -656 602 -84 250 726 821 -786 411 425 421 -693 -14 313 354 631
212 -642 -610 -162 147 88 -647 -727 -768 -644 -947 -344 -105 -408 393 -613 -783 20 507 953 -555 -35 -329 -275 933 247 -392 261 439 309 536 59 772 -982 218 -532 -986 330 -297 103 -591 -511 246 -232 301 88 538 -345 -818 935 -151 -586 -623 215 -837 -557 -359 -82 364 -360 -134 432 -814 -743 -476 -71 909 504 -223 -192 -658 238 180 631 911 -680 375 -154 208 -111 -852 -154 -796 202 437 340 -759 -953 -443 -857 -441 -871 -489 438 221 -477 645 -237 -228 731 -335 972 -664 -23 -422 -741 18 -695 -989 241 -301 643 467 445 -254 482 -884 -262 -692 -345 141 -616 867 673 -349 898 -686 936 205 392 -504 -121 785 64 120 -671 -551 125 -954 -996 933 -298 73 70 320 -12 607 206 53 -533 -748 -36 -540 180 -396 836 -18 -309 -168 513 973 -798 803 -524 -249 -918 -900 844 -20 -295 -672 -840 -753 605 -963 540 257 502 583 992 -857 731 116 45 -10 -506 -816 -831 -762 -185 -452 -945 -240 629 -462 25 -726 246 471 -223
909 -503 943 -438 -673 -884 57 936 -638 -919 220 -270 143 239 149 -369 -651 -226 -631 684 684 -83 -935 -674 -791 296 234 48 -551 859 -908 796 -511 -348 -214 -158 8 -593 -746 -856 -464 1 127 -410 -229 762 841 225 -818 108 546 -146 -484 -896 993 -320 -714 245 -9 -404 709 791 777 195 323 -688 -210 -350 -298 -572 -500 982 268 525 440 835 413 274 425 12 354 -99 -214 944 58 832 -254 493 768 -841 -70 -741 -950 671 616 779 763 458 420 924 -896 -884 -208 -101 357 937 258 -407 -915 986 725 328 -21 -448 199 -400 348 397 -44 -14 881 294 334 627 504 -73 -154 -745 377 790 983 -473 -528 -667 -516 531 -69 30 548 -867 -204 -727 -682 -53 395 453 -467 -316 128 91 -585 -782 802 589 156 -685 677 370 246 180 -757 41 -893 729 396 939 -250 930 -518 -374 -617 -107 -684 935 866 -665 -228 -452 300 438 662 608 -799 -185 47 -942 -532 -57 394 -151 485 -387 -635 235 -826 654 -338 -756 -751 -301
-365 -852 833 -122 -704 -701 -61 974 602 -180 -699 -656 718 -910 -143 401 884 899 837 235 -188 -461 -506 -907 -150 -115 522 818 316 774 510 128 800 712 2 592 225 39 986 -647 -509 -529 -868 556 -523 -380 212 -305 -355 686 665 -320 510 -212 -694 848 -293 -258 -860 -888 -811 -444 -296 -464 328 162 666 923 -344 530 374 434 154 -391 -515 161 125 -164 757 -931 205 733 674 -812 833 112 -123 588 -45 897 -112 506 797 -146 -516 -148 -600 636 -710 -418 -438 -926 -65 713 -970 -815 546 914 -715 764 -954 -632 479 457 387 -579 772 -924 -125 -638 -618 257 -79 793 -602 726 19 29 431 253 -242 822 -199 477 -584 236 -669 166 277 -809 944 -191 202 688 -947 -783 499 -319 -75 -687 -576 879 -468 -970 -440 -131 855 215 10 202 -786 140 -255 -316 699 746 -859 -803 -461 -825 -860 -45 -267 -8 508 -923 -861 47 658 488 831 -305 -437 31 41 -690 -804 -905 313 374 -474 353 -377 361 -627 -416 -387 292 -778 230
754 978 -807 -646 -709 -681 -786 614 -835 -588 -598 -50 -551 714 952 959 -928 -336 802 -610 24 204 957 -224 -563 624 -200 304 828 -254 -673 505 -585 -856 966 980 -710 -543 3 -810 146 532 -565 996 347 461 -480 91 -358 -278 -831 -695 249 -716 348 -948 911 969 -460 -846 633 -445 360 660 195 -832 -86 29 -709 -855 983 153 -997 -17 -206 -537 -987 -471 812 -570 976 -709 426 -7 -15 -888 976 -744 -201 -402 -851 179 548 201 -183 -811 38 848 -167 512 -719 339 -470 608 -338 949 -918 322 315 -489 -963 205 -613 -969 -29 -764 191 -65 -773 997 -366 9 -350 738 -917 764 -402 802 888 565 753 729 835 825 -353 778 228 867 153 -862 146 -545 -654 412 95 -157 -19 761 -257 483 451 -938 33 -601 -168 337 -899 -292 -427 -890 -540 354 -203 812 -410 -124 -242 -887 -297 420 383 594 940 960 -286 -47 -113 -45 760 -657 356 -250 -231 -673 103 -71 -209 -623 753 420 200 579 -50 874 -390 639 794 -437 478 437
-298 -541 -304 455 925 -451 272 -877 497 950 22 716 933 -32 -21 950 239 367 -918 395 752 613 933 -31 366 -241 563 -58 -310 -307 120 -843 8 656 554 -78 503 -512 -915 731 333 -877 -924 242 459 530 -881 150 -146 -840 -110 -141 877 470 23 765 -949 -642 96 -43 931 -271 302 503 -418 572 -40 311 -18 -877 389 795 296 634 -735 -521 229 915 342 -430 460 314 209 -831 -658 911 64 72 919 961 17 884 626 -443 -571 679 -491 623 -265 -618 595 -654 43 -589 -13 -401 93 689 -319 146 -141 414 837 -416 514 22 578 491 350 685 185 -593 -732 -581 891 -528 852 -53 703 -155 -312 557 296 540 -211 -847 -196 -369 427 678 -45 775 -143 -393 622 917 990 -729 -932 -595 -83 401 -4 720 -91 -158 -300 -453 496 215 -317 630 543 -905 -665 -273 145 180 672 -639 105 -839 -275 425 28 -445 -514 -626 382 -356 -534 -561 584 774 955 117 -485 873 -840 -375 495 732 -775 -293 -288 -220 -795 -135 -257 -115
-146 -885 48 927 -330 573 650 -328 624 514 248 451 -577 623 106 -232 -313 -778 323 118 968 -119 377 432 -929 -883 548 320 -482 860 184 129 -482 701 -905 -912 -14 609 -583 -123 608 -291 449 -354 368 43 -554 -316 815 -564 -676 143 -478 53 -74 -425 -109 -976 -162 51 643 983 -236 -50 455 133 349 -578 -98 -902 -815 -236 -15 701 888 -109 -112 -595 185 -683 -19 759 -483 302 73 553 908 -328 21 556 -874 997 285 -738 -701 368 9 -957 -962 -843 466 -93 110 709 711 -564 584 326 -35 543 -170 -298 848 -212 389 -339 853 -492 801 148 -133 199 23 -6 328 -914 196 -713 153 71 114 -699 -460 998 864 547 -188 -441 66 714 -941 -401 -69 827 -655 29 893 464 212 -300 788 -864 -35 231 -926 906 -666 903 -27 -434 296 -688 -857 -795 717 996 59 592 275 -416 -967 642 859 -47 -5 -261 563 622 542 1 430 249 868 -47 995 -859 -731 298 -92 719 -706 123 -77 -866 -494 -64 863 621 -574 -418
449 840 -156 -539 531 320 687 -528 -758 403 -467 579 -825 158 578 26 -403 181 450 953 304 -963 -942 -993 827 632 253 -970 -963 875 502 421 -664 -570 -934 808 352 425 745 -966 261 971 63 -938 -295 362 196 -410 222 932 -811 -175 300 564 -448 -236 -945 -976 -219 95 -801 873 17 -239 -563 183 -417 44 214 154 -682 188 851 485 -117 126 -865 399 -243 -973 -843 -696 714 -457 -520 -541 -112 -322 656 375 -944 -797 -642 829 319 16 -914 704 626 -155 -561 -840 405 49 -973 -934 -760 -279 441 -755 -969 -36 -545 -774 -190 -820 615 -83 986 -800 860 -2 148 308 901 588 -138 -856 848 20 -527 145 820 -875 -612 -969 933 -46 10 -89 -795 -567 -120 -895 -911 -843 452 -892 754 206 -434 -437 326 654 159 -555 -142 503 654 281 789 811 192 -924 -200 777 510 267 278 -240 263 -26 -881 655 -359 -753 859 610 21 927 -803 658 -297 978 111 696 839 -982 -366 -648 -640 998 -971 174 -980 264 349 -984 280 -988
-1000 10 -636 624 361 617 576 3 -945 254 136 904 -462 552 794 -222 821 915 -852 46 872 -807 -325 63 215 -18 645 433 953 480 237 -735 -389 -818 -229 305 -251 568 -592 700 -220 -991 766 833 665 456 -956 -260 -566 -782 -279 -639 -381 291 43 -841 877 814 189 818 634 -599 794 524 -641 794 777 -141 -803 -121 996 -177 91 -109 -373 -807 481 -900 301 23 -253 -782 564 428 359 617 787 -910 345 928 774 586 -684 -309 -912 -401 433 188 -842 599 501 579 -561 612 778 968 573 -595 506 976 -549 -383 907 -538 -67 220 859 626 268 112 910 24 738 -96 -482 -455 161 481 -411 311 -957 355 10 769 993 -489 768 -954 -380 -682 -337 712 -280 -38 123 253 -852 -457 364 634 689 -686 -451 -637 824 -457 821 -735 606 -641 253 -575 920 -206 3 -828 620 935 377 -876 632 -505 -495 827 799 -876 -926 906 392 -382 222 934 997 -482 690 763 856 -863 835 -141 813 -3 796 315 81 -539 203 842 123 399
890 -856 -342 -745 510 498 127 63 542 428 661 -691 -77 -871 -240 -960 922 -111 -523 -132 711 -578 219 720 445 -810 -214 224 -393 -589 61 -798 899 402 -625 240 16 607 616 -47 593 -45 -789 -958 -713 -942 -732 -49 -244 -148 150 -861 -292 112 -715 -27 857 483 -71 -542 -565 -881 -337 -768 -35 706 447 -195 -635 747 -583 -27 722 -717 -854 198 856 689 -397 -402 -747 840 607 -759 -981 -476 -867 937 445 -110 207 940 556 -344 812 71 691 856 707 407 347 -156 -415 980 418 622 107 652 277 -934 982 -202 873 839 85 293 -165 915 -813 -241 392 967 917 -984 -218 272 -880 -971 -23 -200 52 665 237 22 -81 550 -982 227 -430 -752 -555 833 332 -981 -296 -665 579 399 599 -25 -41 707 -821 845 -665 -845 181 779 164 273 409 -388 -7 434 29 801 588 798 -726 -953 926 528 354 -131 531 -295 -605 515 -869 -247 409 572 -984 181 -314 -355 722 41 301 -443 536 697 486 64 36 -704 -532 778 821 -497
-498 -869 -609 382 2 -928 -890 395 451 829 754 -451 -345 204 -981 -760 620 -607 -64 -13 716 -693 -757 -837 872 346 640 214 -378 -973 596 -311 -513 715 531 320 217 756 -163 -822 272 -73 167 -386 562 -889 -200 -535 -158 -933 -704 238 854 -178 -59 471 614 709 -947 334 -133 474 222 513 -184 -585 -615 221 -231 -705 875 491 -460 -988 -302 -316 497 684 -56 -417 -588 899 682 690 -110 -820 894 102 -557 654 12 920 -100 -236 -619 644 782 684 -809 925 -109 534 -677 -749 883 354 -569 -172 782 222 322 -997 -428 476 793 -565 -673 289 -188 268 -301 455 241 -619 -159 538 -282 779 -263 850 -232 789 502 -36 -618 367 593 927 -808 251 250 -361 724 -285 -111 -737 190 -812 812 418 896 171 -874 955 226 -338 -714 -404 -188 157 -239 488 -386 -388 538 722 103 211 -503 -39 -221 -24 50 960 -622 207 375 -758 510 -947 -119 -233 -140 239 524 765 -896 -352 -615 -847 -136 -678 843 883 -1 -458 -89 -104 622 -194
659 30 -520 -618 54 110 -200 -46 -250 157 -255 -56 993 227 -577 -356 859 -810 -751 -258 -745 -498 549 -345 995 -84 790 857 -401 430 -467 178 702 -287 963 284 -471 -958 -711 -450 218 -41 -401 -466 261 -627 -31 175 731 510 -91 445 -986 494 220 -543 -321 660 892 521 710 195 832 -452 -241 -409 -121 729 -656 146 -383 655 -749 -64 256 -437 170 268 944 665 174 -15 678 -970 -744 -828 -791 543 -626 -220 22 -542 598 584 674 -749 -183 -724 -549 -916 727 266 -305 956 -67 -228 255 -869 -296 621 -399 263 -13 -858 -994 -271 -223 -863 -655 507 -779 -711 482 -136 260 873 992 231 654 -618 -558 6 79 -597 696 218 -72 591 222 151 -764 -993 373 314 -127 964 499 -282 -891 495 -198 -776 -599 514 2 676 577 943 683 51 -454 457 788 -780 -415 -149 735 90 -625 441 292 563 790 -632 98 -380 319 912 146 19 816 216 56 100 827 705 -498 -991 394 -225 -661 0 422 766 -350 215 519 113 -214 -683
467 -325 -242 -352 -441 793 -193 -378 -628 -112 -553 -319 -722 6 708 -953 841 -894 763 -256 74 -165 697 -7 489 623 -532 -237 440 567 417 276 743 -509 -706 -153 542 -634 434 26 -973 -739 434 -138 481 82 -363 -512 -918 -66 -644 -270 367 903 -204 -632 650 -792 -679 -294 -459 740 409 -271 587 587 -899 518 -846 346 965 -120 552 -679 745 965 780 413 180 -472 701 -270 588 -925 553 -262 861 276 389 -569 -924 -872 948 -457 -855 -133 -778 -217 -354 274 163 -15 651 -407 -705 580 791 -309 -317 328 634 -716 225 -214 -839 346 -388 -681 -754 -955 11 -853 -543 468 -167 388 -681 -465 786 629 628 -310 -558 964 543 266 244 557 95 691 885 -722 -214 -254 -184 -268 819 -819 -589 -290 -389 -63 -914 -886 552 181 -736 -320 -322 756 967 -685 -91 -433 -621 -96 416 -88 559 247 509 144 -62 -648 -394 152 -665 801 -188 -113 619 -179 654 291 792 -731 -825 381 514 269 18 725 -20 -947 -322 -797 -661 537 482 -711
575 -829 939 -148 -870 523 855 883 461 126 794 -334 -81 904 -335 255 -306 -3 552 212 -782 -430 977 -941 -301 523 -337 -843 -576 -625 334 493 -694 -359 -423 244 145 -36 401 210 12 -587 -874 -145 290 -695 -132 364 -999 80 645 -150 -380 -553 182 -156 573 -805 262 -779 -949 -481 -502 232 -435 485 707 -422 382 -226 -506 -805 763 -588 875 -213 -14 -979 -928 -570 -908 325 677 -290 -352 151 -321 -540 22 158 -940 202 -46 -277 -53 887 -995 845 602 776 717 -72 -1000 -168 -342 228 -102 -33 -728 877 799 -457 -853 -534 -862 581 -683 -85 302 -589 270 -348 458 98 127 -570 339 779 722 62 -937 -116 399 862 -245 698 -817 602 951 583 -351 -45 -713 26 13 -745 527 -387 -36 337 -902 -107 -852 -744 -989 9 282 856 636 -160 -896 416 496 321 880 998 -786 -627 -323 -601 463 162 -456 -326 -137 -415 656 448 425 -139 -9 -526 -706 737 310 -1 -816 207 -802 412 -655 -407 773 -764 -763 -796 127 -200 -617 -468
139 86 385 694 776 -213 -142 52 -934 -530 -584 255 122 71 499 977 -760 -827 603 -299 755 885 -602 -822 962 41 129 -713 -924 -826 -913 -749 593 -617 959 194 -146 -11 -786 -68 -442 941 338 -982 386 -362 230 749 -562 187 19 879 -146 194 915 257 -745 -309 383 930 -202 604 76 652 -54 -170 -534 243 181 -75 780 44 74 701 704 -866 -609 351 894 -148 -84 509 -502 -724 -161 -841 -436 505 984 941 21 -573 -956 -504 -907 569 -115 450 921 839 672 -888 86 -274 -740 138 -320 831 -363 -446 -909 205 -817 737 588 -262 802 87 -764 65 516 -111 -694 590 289 438 -465 462 618 818 -866 693 708 -241 -847 37 653 -535 -109 -184 -650 -994 -669 -789 966 855 -123 -492 980 -995 288 330 -790 240 -391 941 781 -499 471 96 577 -988 472 -313 -417 -99 -357 247 -655 -840 814 -404 491 475 428 301 -55 443 -684 -487 281 -566 845 728 -472 676 938 -755 434 -611 22 512 364 758 -696 -41 -533 142 521 538
-570 197 -357 -313 -891 -431 379 -635 896 -380 -266 -959 345 72 992 -924 -149 244 600 580 -824 329 -345 745 -350 230 -694 25 815 605 -203 -558 -348 -117 803 -616 997 -829 323 -377 896 951 979 447 -152 198 -593 74 -112 -768 794 -728 432 -779 867 171 -5 373 335 -590 -412 -466 571 -60 -558 424 991 -515 296 -470 445 792 -63 90 489 169 -463 498 -274 -32 -682 -769 976 365 160 -96 -612 -958 535 34 -12 438 294 -688 -44 180 43 107 449 -789 -416 33 714 298 603 285 -963 87 320 602 224 5 -133 788 -925 482 495 435 -667 876 -698 695 14 133 949 -996 -328 -343 -48 -847 366 333 341 -639 -827 -940 78 590 -672 -220 49 940 -102 -139 -82 -726 870 -921 132 397 679 -476 379 -286 -973 -742 -557 210 806 -240 677 328 -898 -125 977 -267 -950 -714 -747 -106 -84 371 126 805 -764 -905 61 -872 100 -891 133 161 704 -897 -302 -971 810 37 -137 357 612 -217 381 556 332 909 -249 799 210 -703
-920 503 47 780 -467 -642 -574 -688 -270 -335 243 541 -543 -741 190 779 496 834 -113 -802 -730 -787 -872 -712 -581 -86 228 -855 93 861 252 -120 -684 -247 377 -823 -730 -357 595 846 722 175 756 -520 769 -524 -531 405 573 117 343 -476 -902 -23 -126 -709 -64 -59 48 229 781 -359 -22 -467 -928 -144 -753 798 -651 -548 -41 833 694 -234 704 -216 -330 850 -109 787 551 -334 402 289 846 482 -397 703 980 -758 12 -14 -378 -92 -858 18 443 -813 258 612 338 -164 687 -924 -35 -810 991 949 166 -798 940 -761 396 -602 -784 -383 474 -720 843 -729 -9 994 -106 -605 -247 9 432 -53 410 -920 -475 71 816 -909 478 -31 56 49 -594 166 162 480 -88 270 150 -255 -468 -976 709 -453 -97 814 -222 880 -832 -511 474 407 -117 -139 -716 953 -278 792 -247 844 -372 438 891 -711 91 -837 381 -661 -656 880 -614 -974 -690 -194 -998 -873 722 -222 -841 -215 -439 -508 -443 347 505 -425 -173 770 -741 -855 783 -126 -698 755
821 -187 441 -737 810 -456 418 835 -507 -297 465 49 -412 217 408 677 813 -408 -512 -786 -18 -829 -834 -139 508 -887 -295 -927 -847 -540 717 382 -81 923 -463 -373 -935 -783 963 -950 670 715 384 118 813 -728 928 730 301 -892 -518 -404 181 -397 221 373 88 -696 395 693 -652 -258 909 468 -305 -401 -416 -411 194 749 -645 -590 283 169 986 -347 -517 641 326 -370 -185 -361 -905 -827 -871 662 663 -309 -168 199 -571 530 -968 -292 213 121 383 60 -777 -924 -162 -149 953 -814 -766 -457 -525 -549 750 -531 -942 673 559 -114 721 188 818 827 -484 -646 597 -20 -525 -573 331 748 -538 533 579 31 570 -499 -937 141 -909 25 124 884 946 803 753 5 -649 790 673 840 655 65 -177 -422 -619 -10 -30 -290 -125 -886 256 -709 133 -349 -492 -756 -882 -807 -570 -133 -221 249 -3 -464 773 811 -982 625 566 350 197 -667 831 -10 -721 -643 -877 -365 548 -371 -826 -38 -613 -232 -481 591 620 137 -131 -563 -76 -824 729 -1
-367 -612 -198 -330 -994 -950 263 885 221 890 -61 874 856 952 -175 -780 -191 41 -389 -675 212 -535 -876 -904 250 -772 698 -8 190 -989 -213 920 638 -668 750 718 284 122 -302 -113 -880 -676 -574 -2 -771 426 349 -48 460 -45 -419 33 -512 572 990 -16 -495 -956 176 -296 518 121 183 -939 643 -77 -429 -96 584 -104 -846 -122 371 -295 867 -852 497 -973 -485 -577 901 290 -218 -832 622 631 146 -842 -693 -643 25 456 -803 789 366 -805 -139 40 -497 216 -468 42 -214 -306 770 -123 -197 651 725 -233 604 572 -381 -428 -101 -719 -517 498 565 -572 -354 -514 -263 961 -745 759 -985 974 -374 -499 33 888 -890 233 528 -454 727 -633 -655 -244 -300 -627 438 -893 493 -301 311 355 984 166 909 -115 459 464 764 861 4 780 518 -872 -48 112 -813 -618 948 -170 587 190 -803 231 156 -349 -304 484 99 924 698 -402 -840 -635 -945 223 -707 -127 495 -489 131 42 515 -62 482 802 -458 341 775 -131 498 -444 -813 613
-324 793 634 640 -622 320 -395 525 -461 -56 -409 105 576 -358 536 859 657 776 -12 -855 394 -543 511 74 -252 352 -386 477 517 962 22 -665 -531 232 -813 -553 -272 -937 882 -77 -288 -527 293 -520 -325 -316 -279 -223 -869 -545 777 614 498 -132 193 -832 -406 -611 272 139 -500 -717 817 -151 177 816 -887 874 -216 45 -458 -544 219 -999 48 261 595 144 287 621 -966 613 -276 44 851 -149 196 892 166 106 831 -966 89 763 843 -496 -951 -152 787 -764 954 -259 884 721 -716 -747 826 -112 -125 -333 854 812 -278 511 540 -839 853 418 -736 182 757 945 -361 -400 54 487 -936 210 880 356 -424 -775 83 498 -168 -978 820 799 -531 -872 314 -453 -999 -181 -577 -978 829 207 87 -452 970 -686 -546 958 -815 524 -719 -261 -885 152 206 -31 597 28 -347 -791 959 737 360 -256 87 493 112 93 970 3 -763 -884 234 401 -920 926 -339 -61 608 700 -231 76 -611 -859 -995 612 413 -950 780 227 -543 690 -852 -882
-83 -250 -109 -374 394 449 -556 -767 19 -432 -155 -622 231 434 881 -918 -659 504 511 671 681 -660 -241 -632 383 512 576 100 -110 776 857 323 -955 277 -427 -660 636 -497 818 -960 -849 744 495 -201 932 955 684 434 -206 660 -986 216 -364 -360 218 -778 834 9 -814 -835 710 -251 -350 618 985 -999 -608 -376 596 812 -718 -128 187 509 742 860 -606 -787 -402 -350 217 -810 371 927 874 587 3 -351 121 608 -951 317 -169 -553 619 196 237 208 897 -337 496 162 978 -716 919 123 525 -868 -458 -280 -368 96 819 199 -325 -239 582 508 -398 -407 657 -581 664 412 302 -887 804 -721 306 682 -827 656 -366 476 40 88 -789 -205 -661 -39 156 354 -530 -384 382 -908 -229 480 501 -956 941 918 -562 26 137 -269 -599 23 -785 382 881 11 -305 -466 -782 -961 -653 549 -35 -450 795 152 -499 -308 181 -225 54 -25 641 17 451 -140 -528 923 362 873 519 -295 -123 -877 943 -14 -561 721 695 -129 202 514 -598 -132
-66 724 -561 264 -566 210 -81 -473 118 -700 740 787 660 -578 482 -967 -662 -962 977 321 236 -208 350 -49 -707 -424 -698 538 700 -698 -33 707 -369 -331 770 -301 590 213 -522 915 513 -967 911 -211 182 291 -255 -198 -631 -714 903 -822 792 -344 -246 -489 210 -642 569 321 -80 507 72 611 282 -800 471 613 526 46 513 13 -113 245 -956 -823 -672 829 87 366 541 118 922 200 640 -975 -980 266 -114 -849 -94 636 -192 184 516 425 -502 -195 -625 -820 835 -513 444 -486 838 -641 139 287 637 -627 -31 -822 -611 -351 292 12 -412 -131 812 -785 31 216 -196 -495 803 -319 294 490 755 69 41 -243 -845 49 -97 -601 958 -581 64 917 -352 709 -200 963 -573 373 641 -170 546 186 -554 -982 -569 297 661 -833 -242 776 623 -220 -971 0 583 3 -459 169 417 -914 -978 -864 -976 -254 235 43 -934 259 556 68 -447 -352 -706 -511 -716 -146 -792 -779 -342 -644 489 -143 591 119 76 276 845 330 -673 -634 739 -494
-303 728 582 -998 302 -532 -207 -184 -39 -454 911 262 -111 782 893 -319 887 -754 252 -418 128 690 336 868 -950 -763 643 -315 -91 797 -334 859 975 -940 -946 503 876 -296 867 -287 337 -348 42 879 -659 -920 362 -755 -120 -31 314 -58 619 191 215 313 -872 -846 -623 -633 -903 76 -665 -415 -761 -559 929 -825 346 -490 -340 747 -703 780 640 726 -670 480 63 800 287 -883 -387 -946 3 344 -65 976 461 -718 -920 458 -534 768 5 4 -581 -21 -561 -675 -627 -68 18 914 943 68 -462 310 -184 -391 891 -854 109 -291 347 728 -477 -741 251 900 33 -243 63 781 -826 573 633 125 687 211 802 -912 775 417 740 -78 864 117 -636 211 242 25 -567 673 149 -206 413 873 726 186 -572 -98 -877 -78 -397 -630 648 -449 717 -804 432 -805 336 913 385 -419 -951 -595 -982 665 787 479 802 -162 -906 95 -909 601 841 12 -931 366 -284 -602 839 -324 168 911 359 568 336 220 -656 -478 -747 985 -428 706 410 882
-18 675 -140 -541 -308 -529 -142 -488 749 -348 204 -805 192 -776 -407 -531 -885 42 335 -866 -788 983 -924 23 -504 157 746 -610 -638 -978 633 185 944 585 -715 -428 -803 -254 426 584 945 137 -393 768 -344 695 -727 -43 -721 693 885 986 454 -594 -842 827 -332 455 -915 -358 671 -772 -734 -604 -197 539 774 -739 -207 144 966 -210 -506 -124 -286 -380 982 -517 661 56 -466 -104 -816 -757 77 -372 899 261 -859 738 -307 -152 673 -2 -677 -232 -167 81 -113 -873 109 -351 -184 126 -994 247 -984 795 -462 -424 -939 -867 -291 932 291 513 -665 -286 -667 -163 -677 282 -27 -944 438 692 -85 -85 632 565 652 594 782 -353 -175 286 371 853 -264 -47 347 606 892 -296 661 -466 962 -795 -922 295 214 -472 872 -736 -711 -191 596 -246 822 -788 -136 531 -450 665 133 101 -870 19 54 -872 -884 949 557 716 123 -910 20 320 -801 -881 520 -623 947 -511 -938 980 -339 -293 12 101 230 -242 -422 -216 73 -196 576 -131 907 -416
-318 74 -201 -675 -312 778 809 -451 -224 465 -814 -726 -951 872 -10 141 365 807 -296 -53 -257 -349 202 -405 723 -96 -118 395 -133 -611 685 554 -414 -871 779 -657 783 -123 904 436 -599 951 -60 -889 -243 -288 92 675 -698 278 994 515 162 -75 -25 528 -99 355 510 -909 -798 -860 -453 297 -226 -645 -101 75 890 -68 -593 246 -38 343 706 517 -103 269 936 120 -135 -526 -739 -653 595 844 593 384 -785 -883 803 644 -120 -647 226 976 -776 83 470 -552 384 944 -96 312 -249 -387 224 757 -813 244 -885 157 364 -251 -383 209 -827 -770 -969 -367 70 -253 550 -297 571 -948 85 -407 -42 247 -322 710 -239 -867 -257 242 -936 -418 719 110 -74 931 -959 292 -13 -580 -281 -401 -255 414 377 815 -867 823 -376 -733 -55 -232 143 -225 229 231 -569 841 -420 494 598 628 700 356 -798 -65 -754 -208 -350 356 67 -493 -382 914 -391 -465 491 461 419 813 -547 -135 650 202 137 -26 -411 441 -55 -16 992 -69 902 440
-773 994 -368 587 677 -555 864 -971 -63 968 -851 -258 712 992 -310 -862 420 -819 -765 -728 376 180 -437 979 261 -836 -621 988 724 -947 366 -661 224 409 -258 138 -720 406 -532 703 80 803 -293 604 -578 -548 -310 -592 974 -171 640 573 483 -647 -835 -518 417 18 -606 -287 698 -967 -107 -949 -465 553 190 -416 575 524 -843 -759 -58 -76 -639 307 91 490 461 410 769 -237 773 -792 -654 558 -180 -220 649 855 803 -892 385 -450 -689 368 -506 249 977 -757 176 -647 -314 -47 268 76 -174 389 182 913 803 19 603 643 -47 -486 -682 -547 280 208 -33 -58 -351 123 -575 -184 -284 -345 904 576 199 -188 391 731 369 281 -292 -17 -127 -202 417 -272 53 381 -733 -664 33 -384 -73 -429 -34 -749 -812 709 428 438 233 288 -5 -899 659 196 -850 -329 -176 63 -732 -666 872 763 133 340 -516 60 -920 820 363 653 -689 -417 -244 485 244 21 846 -177 693 349 425 835 989 -592 774 344 -600 479 -96 -627 -744 738
871 -467 962 744 -249 787 -62 524 -31 832 -703 -734 -708 29 762 -752 -572 820 472 41 -950 -420 -199 937 -176 -420 -677 -537 394 -480 -33 689 319 13 1 54 -198 -58 -501 107 -388 614 -834 377 393 875 755 289 -782 -694 180 722 -908 738 -887 -341 528 124 519 -368 828 -696 202 -240 -274 401 866 -726 -274 952 -287 -716 919 39 -785 776 401 -529 -842 858 522 538 667 143 183 -698 -971 -546 -102 78 -101 -494 -692 714 751 -140 148 -949 -879 -37 -219 -392 129 449 -855 -483 -574 -388 -189 -25 540 49 -306 -599 -587 -408 860 -183 -995 321 353 -221 -811 51 -953 -943 -513 -781 -511 23 233 860 -377 853 -525 152 36 976 233 -236 -853 438 -453 -273 -611 36 734 -144 -277 573 398 951 -728 705 668 924 -385 157 338 -88 -770 -391 317 878 509 328 -76 -813 -238 735 -451 -777 56 999 659 369 -839 559 -429 372 1 -820 473 85 719 717 -955 142 -191 -667 869 -924 667 -92 -318 -968 711 319 122 843
-312 -358 -842 -768 449 -405 498 13 -46 -639 103 189 290 587 991 835 596 -770 -154 886 574 890 13 922 237 -252 557 704 490 -951 -645 993 -468 494 496 -912 922 416 -148 955 874 449 -119 -747 583 490 573 37 -88 325 -19 731 -140 372 196 810 993 -148 333 -955 681 860 -762 477 -158 740 195 -356 -95 -760 23 551 -782 -611 542 864 -817 15 -569 551 -919 652 -936 568 -180 -349 931 -361 -610 -135 -973 -894 -391 -688 843 664 902 607 794 197 332 -837 163 125 413 -178 394 -840 -440 -28 548 34 377 367 991 -263 -338 118 -201 -187 976 530 -274 637 808 545 640 588 -474 -650 -674 -714 -811 174 332 -329 -419 609 -472 -822 567 -960 238 -710 919 -521 -207 32 -981 -367 -764 362 322 -924 331 -779 947 5 660 -699 -374 -233 -730 203 -963 799 -506 -474 678 377 -87 873 -149 4 81 -161 -120 -354 844 -86 977 378 520 -877 70 400 979 -123 166 -5 707 235 -857 158 797 -607 -340 -219 -740 532
-837 726 -836 411 271 467 570 -709 289 -827 104 728 -207 810 -829 140 544 -202 992 262 980 534 -466 967 957 -113 -754 682 129 443 88 822 -67 -823 413 224 -723 365 -833 855 836 456 -922 -779 -952 724 -918 -809 -98 792 -697 -63 534 -744 895 -372 -57 -641 -449 -236 -307 -583 659 744 943 -711 -333 -906 986 504 438 776 912 -507 670 403 818 953 992 737 -499 -812 -94 -864 207 625 651 -552 -460 -274 -164 183 898 592 -67 6 -998 -668 328 373 876 456 -248 16 -253 720 -190 510 -884 -240 525 -925 809 -775 460 770 283 -631 -775 508 -34 241 441 860 -823 -962 -24 -489 617 462 -782 -50 440 -342 126 928 -216 -641 221 -755 -395 -861 283 -864 380 -411 -494 92 -580 325 865 575 95 -125 -325 710 841 -747 640 416 668 -122 -298 589 -109 744 -984 126 826 84 541 824 -811 748 -280 301 821 394 -217 801 58 -751 494 796 -969 951 977 617 841 -532 813 197 977 425 -198 -657 837 397 -692 -418
-753 102 -188 -333 -991 49 733 330 -471 -54 297 -549 -983 948 -675 21 -567 404 -204 -298 -532 458 -898 -130 974 -918 -172 776 438 286 -85 -388 404 937 727 14 971 -62 -589 404 -646 886 -896 807 -997 617 329 763 449 750 -308 -513 733 -652 441 -576 915 -286 -646 63 -106 155 -869 366 -465 728 8 -182 -243 397 -655 883 768 -487 837 -314 -27 -601 803 69 610 -783 638 513 -768 -895 713 854 -441 -810 58 856 -970 464 -769 -918 18 -319 762 -550 -591 -112 -903 286 784 897 476 -395 795 -623 -646 420 564 -929 751 38 922 -462 238 -230 -199 753 -993 147 -561 -707 74 615 759 -538 987 -461 96 555 -881 546 -386 418 831 -34 521 -267 346 449 -391 -456 237 340 -586 -750 876 120 -847 954 219 621 551 -256 477 928 943 -635 -296 447 629 214 223 -450 -648 -910 -134 313 -283 -433 651 -254 334 102 -178 -879 -993 404 91 722 -731 -965 -315 261 758 823 659 629 -220 -778 -346 -613 755 -500 -575 279
172 -718 -864 -183 -453 720 156 837 -963 228 720 504 210 966 -467 253 883 -575 806 -968 428 -538 -144 761 -757 110 -471 -680 -847 228 -746 702 -90 471 118 -578 261 823 767 -947 -845 -919 -767 -178 731 -685 912 717 507 -893 -790 -300 -982 328 -637 676 948 737 -859 474 -46 229 -347 873 344 795 175 57 -623 777 -930 954 402 -255 302 -465 -220 -990 -770 833 -827 -81 -430 -72 -601 222 -899 -172 126 -453 -599 990 -366 986 -453 -656 363 357 45 625 39 -462 755 -243 -133 -495 332 362 807 -853 344 -422 -884 519 799 835 116 -261 -212 -688 132 -432 -223 145 795 386 -708 587 -1000 597 195 691 -670 -57 -617 570 469 -98 -237 606 734 -210 -216 -273 17 -156 697 127 -216 -108 -713 800 85 -434 581 -639 -156 154 708 337 -986 812 594 -312 -951 -260 96 -977 412 958 -37 -687 571 -110 -653 -871 -957 112 -757 -918 -387 -924 460 862 -300 -592 353 696 -75 755 -566 -822 -80 -851 -688 716 -156 -603 24 -278
700 484 -859 -605 -905 70 -10 976 -877 -811 843 -956 462 -179 -463 822 -627 726 -910 -406 107 -670 -674 -762 -210 -272 -758 -502 162 21 889 -51 -991 174 -575 -321 -339 360 57 436 -340 137 -773 -674 -903 -712 -429 -679 -619 272 -988 -3 183 762 -146 339 291 -626 -951 -452 815 161 243 293 -7 -806 711 289 401 -474 665 937 -892 -214 742 559 -44 -508 41 730 192 110 -254 442 35 -740 127 710 -688 -759 828 581 -782 -799 -268 338 622 721 -91 -981 492 264 405 983 328 -148 861 692 -267 -1 786 112 188 -312 404 26 508 988 -634 941 -983 -170 -470 -661 -530 342 649 457 -62 377 247 520 370 -19 -648 962 -906 -118 715 -764 57 668 -71 950 -273 -391 -336 -750 825 -80 803 -535 -649 880 -563 91 -769 -806 782 -908 -114 738 -769 448 -229 858 -335 280 -473 123 -630 -316 642 126 297 -476 -167 -340 583 -8 694 830 -27 613 -833 178 577 976 724 -732 851 986 194 961 -455 162 567 -635 -167 -179
-278 596 -900 529 132 -594 -340 -216 -549 77 630 -213 -930 680 411 358 -683 87 -656 940 -323 -31 468 -415 563 -807 127 765 -580 118 -663 -99 73 -952 454 78 894 514 -577 -619 -778 610 79 -687 254 -925 -395 -830 241 -662 -451 -496 -211 366 -815 -994 278 -268 -402 -746 458 499 -494 398 539 965 896 256 809 -223 -651 -620 -796 302 532 448 -698 -884 -102 69 349 -969 263 883 720 -250 -368 681 -124 685 389 907 -347 -775 608 102 -401 -38 624 -843 561 870 -804 220 499 -389 -138 -877 825 -672 -199 -958 750 926 446 990 -156 689 541 -754 407 -289 -612 -629 129 -681 -12 -524 -275 -820 -434 -378 -513 -508 -222 588 303 -498 449 -273 -609 441 387 -288 -835 -691 -175 -688 -1000 576 -549 116 -69 -698 231 103 -424 -600 -38 -466 -7 573 877 772 182 577 706 507 943 46 -415 -584 13 977 -597 -559 820 167 -293 -640 953 332 -13 -78 -530 270 369 -296 -264 680 769 -719 271 46 -969 -464 -186 530 -567 692
-893 -262 -290 -182 157 230 -785 855 -226 6 -454 637 -458 -855 -572 675 -831 -468 -145 896 -226 -529 -977 290 -393 -841 -174 -558 -614 49 291 337 -481 835 428 852 291 -234 -674 -950 -403 934 -822 285 -371 900 766 -538 -404 -524 378 -688 -986 79 209 -209 -258 564 -8 108 382 743 891 347 485 -970 436 -169 -154 -695 619 -578 797 -752 855 893 955 -714 70 -205 -35 -218 -208 738 233 -14 -149 -536 188 -926 477 -368 444 -54 977 262 -157 -404 95 -212 772 268 -761 -774 145 845 22 -698 149 -720 508 -533 -733 -559 890 -930 -229 788 448 569 -617 -913 683 -929 990 -612 -603 -804 -932 294 -950 -425 223 932 109 -326 92 -911 374 -234 834 -168 481 -88 671 -624 471 -14 -151 228 -765 -589 -41 -942 522 -260 459 -676 -917 -722 323 -889 -268 685 -942 680 -32 -878 -630 520 -572 -931 -945 -951 -289 294 270 144 -615 65 -797 686 -4 571 165 -76 -346 831 -526 -901 -720 565 455 -61 562 575 398 353 119 636
595 -899 60 -370 115 -154 -543 -550 -736 586 104 612 -441 -749 683 784 -373 -113 847 303 926 680 786 64 -628 -281 465 -966 238 -134 -207 534 849 159 -271 881 -224 390 -413 561 -205 668 127 835 -220 429 135 326 424 -949 -799 78 -875 370 -348 -869 -922 436 -435 -175 -561 789 995 102 -915 -295 -539 720 -503 -502 -986 382 -171 527 -553 901 146 -333 -765 -134 -731 103 -959 287 605 -15 -935 649 288 -406 832 -307 -360 -263 -570 -353 717 90 -150 -389 -70 -638 338 739 -217 -330 -283 619 -222 582 84 -172 730 -392 178 -284 641 320 185 437 -132 -215 895 -26 -196 -996 296 167 -733 -708 -262 -697 -307 -925 -460 -142 -137 389 920 -330 129 542 -143 925 -54 467 202 599 120 -672 -325 788 -250 -92 -629 -989 376 235 232 47 359 551 -458 -328 607 -122 -833 -570 107 -696 994 534 -689 769 -946 963 803 -177 636 -748 -790 -33 -46 -468 -931 951 -105 610 -644 -971 -566 761 543 -734 -563 194 -695 -241 -898 903
229 435 -111 33 238 643 -842 -699 383 -264 -942 936 -882 735 814 17 460 259 -370 -161 402 675 -713 398 -218 490 -963 -977 -570 710 -496 -71 32 -877 259 -210 567 451 718 -318 982 647 657 225 -239 -586 774 319 985 -55 717 132 903 -762 505 237 895 -115 -240 -347 -576 537 699 -727 -367 550 -347 -247 281 833 -993 -50 -969 -758 -969 385 574 -855 -59 -888 -89 947 -537 -856 892 -896 -328 640 -136 -812 -384 -33 611 699 267 320 177 -458 -968 45 903 93 -637 363 -915 527 892 -572 300 600 -245 -742 423 720 486 650 -953 236 -214 234 -77 -455 604 -977 -799 818 802 175 -877 -99 684 -400 -356 -11 -804 -588 -299 -847 462 -400 926 688 -279 466 640 -33 374 -714 302 287 277 -503 -275 -367 -262 -833 -595 349 60 144 -438 276 735 892 -271 -426 -664 353 -592 -421 -463 -969 656 -152 932 -499 701 189 -376 348 -335 742 235 -774 144 -911 -221 -657 504 -287 -780 -21 894 498 947 -631 -321 829 -488 -177
589 -569 296 -441 -359 -162 -328 -44 -694 -168 231 844 -34 -519 -471 453 -346 -140 -989 578 -494 134 -914 943 -671 34 -916 -483 228 -755 -162 413 -854 -156 -258 -134 922 -880 822 -562 310 148 871 -332 974 749 155 883 -954 -961 -895 97 541 -243 -107 887 -702 273 -847 -304 -494 -831 419 -30 381 193 758 -757 76 -922 332 763 -612 -886 737 -889 -769 -491 -119 309 -642 943 -359 -583 669 992 -447 -934 -821 -949 472 380 -901 397 -86 996 79 -548 -529 -539 593 733 -218 150 746 656 -608 -501 -813 -384 -269 -832 51 168 -692 -953 946 210 327 -307 672 853 -413 -775 819 750 -276 -67 377 891 274 773 744 -209 730 158 -64 -844 -930 925 75 831 -129 -161 -585 -254 92 755 321 -538 249 837 -672 -459 -951 -933 843 -31 -938 -692 939 -478 259 -385 958 789 -690 526 -205 342 760 164 771 923 828 53 -770 203 206 197 402 98 41 466 723 -731 -244 -48 -878 -654 -28 16 -808 -172 -157 777 288 -978 -118 -626
-156 92 -582 -386 276 25 -154 215 -327 880 -712 359 -998 -783 443 425 917 -400 819 -249 -777 222 561 739 -236 782 185 569 -212 -245 -432 -336 -700 -526 16 -419 968 157 -826 546 -307 986 20 -76 -269 -237 302 -570 -889 -302 245 824 -789 843 684 75 616 -475 -18 636 -132 -881 285 54 580 766 279 917 -251 -107 909 -354 -701 -287 -620 -534 676 -862 869 -311 781 -737 -959 987 -442 -259 808 -882 -763 263 872 -480 -669 480 -519 752 389 604 -144 384 -21 -266 -634 996 216 -986 -692 927 -436 204 543 461 322 561 864 756 -137 523 -481 -23 -134 372 607 238 729 576 266 -282 -1 533 732 -739 -65 -673 740 -126 -229 -500 635 -700 -799 -534 923 758 190 298 368 387 -97 -903 -670 944 184 744 329 -891 -471 -483 -660 -434 324 -106 -240 45 -720 760 -393 -405 -825 -202 -634 934 -503 -34 -144 156 -257 -751 911 111 535 886 -232 84 372 644 -446 428 -50 -904 -474 615 -415 891 72 -296 -694 -645 391 619
35 175 385 696 -82 458 -626 854 -172 332 74 -66 -636 310 -671 736 -203 648 789 -512 -380 -111 263 56 -762 -119 -324 168 -832 -816 -254 201 -7 970 883 -82 97 -117 -688 469 -340 87 -568 -358 273 188 -457 837 -210 814 -790 494 -958 326 -765 832 -210 415 -388 -922 -317 994 -447 -989 142 220 -14 56 -795 376 -315 920 -667 -775 530 -688 513 703 -292 -649 646 761 806 191 428 -855 -218 -350 -915 -274 -757 -941 -399 -518 743 -418 877 -776 781 262 -899 -318 -209 693 -555 746 62 -203 -73 -642 184 783 -302 -386 -534 675 -890 -877 717 24 -770 285 -138 775 -626 425 -809 271 -911 -802 -176 -950 25 -735 712 -458 886 -207 -128 -917 506 -260 145 510 -300 898 -669 -203 595 -382 -325 -541 -302 385 -205 -316 -66 -257 647 -918 -243 -49 -773 -259 -942 149 -746 -114 -149 -202 668 109 -849 -269 156 704 641 -123 -364 690 18 -378 -702 -781 863 -493 209 -856 -471 -56 98 58 272 135 934 81 -88 48 -868 58
-644 -311 560 -299 178 -273 -67 -698 789 -735 -776 -905 836 -50 167 -991 -778 -603 395 558 8 420 228 -117 852 -607 -100 -117 -11 883 371 -381 -854 -274 -666 637 212 533 -215 513 -664 249 -764 -501 163 -376 -256 569 700 267 -439 135 75 -64 -670 -63 220 -951 -47 657 -543 -514 -812 966 -454 -83 -540 -754 848 351 779 592 -412 366 -526 -533 -658 450 326 142 -204 -271 -104 -60 -609 866 -453 -227 -585 960 -277 -967 538 557 58 343 -576 -103 -149 525 -799 989 -922 -106 -100 -28 361 104 -549 717 -976 55 52 -897 -669 -546 -764 -329 -73 906 -117 -465 886 -111 858 268 -322 -968 -964 713 -333 317 -777 797 358 -814 18 365 301 942 462 -53 301 929 956 -649 -504 -625 -254 -556 601 899 -590 -280 261 722 817 -641 557 -582 -899 473 -586 -55 78 635 759 12 404 886 -272 436 335 -747 363 -811 -122 948 -855 772 663 -946 -579 557 -406 773 -418 -412 143 254 924 141 -958 -102 607 575 810 556 572 451
-154 -754 463 930 -743 816 -228 540 -135 -777 -624 918 490 -198 -57 200 -889 845 -836 575 -698 -788 -359 205 -955 986 -452 -929 -764 184 -251 -173 -741 -61 996 228 -555 -633 -284 380 -823 -376 145 362 -967 -582 -659 216 153 -53 965 312 -303 -845 628 753 -503 -430 -938 -727 -746 321 703 721 73 898 -456 612 -999 316 44 391 691 706 750 865 949 622 -862 123 -936 339 201 -696 416 700 -152 775 -333 789 513 -168 -962 -63 136 -889 856 -259 -64 517 593 -180 -357 -835 -827 -720 -623 730 883 -473 -493 933 -489 747 -294 333 491 -741 89 -520 261 387 492 -835 -167 -775 501 -93 -364 -119 653 -446 -773 785 51 156 210 196 423 -163 317 -300 689 983 -275 -132 -679 -817 -523 -977 438 523 293 -946 -536 8 760 -115 594 407 276 782 256 174 805 -770 881 -305 599 30 -121 33 109 -730 -783 354 724 -235 935 323 963 -321 457 255 -324 -768 755 441 619 579 482 72 403 -60 894 55 -111 -876 -346 264
-287 125 -160 498 594 -579 -355 -358 -169 628 -979 -65 -303 -866 -801 -961 321 598 758 469 17 623 -531 81 -82 403 348 -714 39 -555 -639 -818 278 -146 529 -973 721 918 -509 -158 330 -543 -816 -716 -613 236 248 -348 632 -24 263 -210 -132 635 636 -204 667 -58 -890 -966 502 700 736 587 -981 -671 27 641 -865 70 -445 980 112 -661 -642 805 -429 448 -367 561 664 311 821 656 -365 -778 -777 590 842 237 -217 281 -753 -546 -489 -426 43 -884 -690 -257 730 -569 581 873 -32 486 810 -930 -734 308 635 849 12 577 187 515 515 8 -556 -270 25 -433 -215 619 518 -618 330 -268 -551 -853 883 -448 804 230 -810 563 -586 -329 -933 -333 913 466 253 -31 -787 611 649 428 -209 990 296 767 614 867 362 -893 -887 -822 814 -981 881 297 777 -983 -889 -882 -12 270 378 613 943 -311 412 -807 -467 138 563 499 -179 -103 253 831 -947 421 -470 -617 322 257 382 -872 858 -187 623 -836 -117 828 786 -229 -443 -125
-401 -839 639 -72 -660 -253 -708 -200 17 -430 -636 -193 -890 -798 296 -931 -692 370 -413 -442 480 658 550 -667 -983 342 435 -587 727 973 -412 -746 904 189 -889 645 568 -447 -621 793 673 612 -596 -780 -691 -532 489 -276 500 18 50 374 817 -31 718 -141 917 -120 562 278 462 63 -788 720 619 785 -100 327 385 -37 29 -711 -699 -283 992 912 -430 729 401 -746 -213 -652 137 292 75 667 -120 -806 687 -781 -859 617 -960 644 -363 -803 -543 720 -224 -492 815 -475 740 -806 642 -800 -102 -782 -374 703 -113 -595 -982 574 -676 -349 -873 424 -45 -802 40 905 544 484 398 -855 -539 130 526 469 25 325 -11 327 -707 804 -156 -258 576 -169 596 -625 373 227 372 -611 -861 747 595 832 617 128 150 -688 239 -257 97 283 -432 830 132 191 594 -541 755 -377 649 -67 -929 238 414 900 527 -761 -64 996 -873 590 100 -144 -387 417 979 139 896 -717 -232 -20 888 863 -279 671 -205 69 -287 96 -949 453 529 288
-611 -337 -340 -167 -668 116 770 -869 -722 800 -130 473 676 854 25 897 -284 44 430 645 87 -549 514 -697 719 -342 -34 279 -521 159 -513 -192 710 -15 728 -777 -748 -273 792 -445 -665 -768 314 -5 -747 241 838 -186 352 -93 835 228 733 476 555 -298 425 617 420 -571 756 -280 604 -844 404 -262 -17 -164 464 278 -339 -71 55 208 664 932 -103 377 -343 637 682 -577 865 630 -441 402 -636 -25 -954 -489 -227 -265 993 -93 -772 500 -110 -158 911 -630 101 -432 871 -157 617 594 -49 319 -752 891 -310 172 482 -473 49 418 -730 901 309 570 -755 422 -800 -367 -839 -620 -845 216 643 731 -500 -45 335 -881 981 230 -103 -99 951 997 -200 979 674 -720 -22 -790 -992 -417 -240 -377 165 -310 353 -373 -199 28 59 -90 -236 -673 -400 754 98 209 0 -422 -905 -84 -453 261 -639 -857 -192 -792 245 808 -189 -643 653 -530 370 -592 -115 933 835 404 29 -801 -40 -354 490 480 867 -121 -801 424 979 153 300 -109
651 -825 -162 290 -393 416 -473 -527 -513 490 683 -46 -535 391 530 -73 844 884 511 245 -911 -139 -518 -411 -861 -383 577 -453 -716 282 -227 139 -640 -545 468 -811 -805 -133 -720 535 735 459 915 -312 529 -385 653 -609 466 -619 -241 386 -214 658 -226 -11 -979 60 -826 474 -80 -345 -382 659 -37 631 -657 31 105 179 -25 -720 -577 -618 27 599 -22 -273 988 163 514 926 716 -120 -747 -342 575 -732 208 -446 -193 324 129 -833 122 -665 70 -561 414 -715 -802 -297 155 -914 422 -718 397 -699 -87 742 770 -833 371 -205 -489 -205 -981 -185 953 234 -793 252 434 162 -914 491 48 996 97 989 -605 -155 -393 -443 -489 -994 889 706 -371 -273 -52 -587 -342 -407 185 134 -966 -508 -212 -775 665 -434 433 -275 95 -676 18 -71 355 531 -787 -649 -636 -643 -47 444 720 48 -469 388 -420 460 453 -185 -687 180 39 636 -194 368 827 478 -586 -523 -706 -415 -330 -364 909 -929 718 -108 -893 -989 -760 281 -832 927 -699 -226
593 -671 796 -246 438 -987 516 401 -812 -832 -638 -271 4 585 -390 918 -346 -23 -259 -866 179 -475 -679 26 576 971 495 -549 223 -315 890 4 -522 965 469 -986 717 -849 -896 -284 630 -544 253 -568 -391 988 -604 729 -382 912 -525 938 143 -997 -635 806 823 945 266 144 -639 159 419 84 -99 180 -946 -558 -568 -980 562 -641 552 -871 684 -586 -498 -513 -267 -428 -147 -326 842 437 -956 -248 -918 -143 258 -732 -181 -400 790 -726 299 68 737 430 32 -136 270 182 -861 -170 536 151 -435 -4 350 -73 -267 -152 878 644 232 888 -685 -400 941 -862 804 338 714 -224 565 75 -496 -567 513 -953 -186 118 -559 11 -701 -882 -218 -560 -571 -700 -291 -780 -118 182 -343 347 -674 -994 -898 -732 237 59 -604 99 198 867 -67 -663 -857 418 -153 -796 547 529 229 636 -798 893 619 -816 753 -788 -770 -336 -318 289 27 -420 512 -814 -308 964 -589 -782 -60 648 733 -118 51 -334 -972 -500 233 68 -715 119 -768 -858 -932 -541
-706 -602 -472 -969 107 -956 749 984 255 683 -526 -797 -612 -808 157 -527 313 797 601 279 -535 128 359 -504 -880 -634 276 -492 578 -667 550 872 -311 -13 -127 932 86 524 -349 383 19 -194 -576 628 228 -243 -163 -701 813 716 974 835 -521 254 -805 -709 -729 915 -439 -481 302 987 465 298 997 429 -605 -613 335 -434 -124 -710 433 580 630 113 -127 367 947 -398 143 -126 -472 -370 -717 533 -831 113 -774 45 -719 542 -28 -800 -271 -606 122 -690 -15 -52 -770 -41 214 81 755 95 -9 -774 89 939 359 189 690 449 740 -52 -359 -894 -951 86 423 374 938 502 166 -558 -415 -726 160 39 -929 -499 609 369 385 -852 709 -973 22 22 539 564 -946 750 24 -405 -342 -22 -723 -813 -607 -404 -517 78 83 750 63 991 -275 985 588 318 -238 -155 -571 474 -270 200 712 556 543 157 309 -875 -191 -392 -13 579 -121 249 -511 -10 412 574 -863 169 702 501 -566 -499 -571 199 110 505 -942 -57 819 -894 230 -310
504 156 286 -158 459 590 75 -116 -425 -5 277 883 410 -725 -452 -915 -524 -138 -54 243 499 305 -36 794 -403 -375 -122 -570 607 -515 83 725 -661 15 388 -206 -320 253 774 721 -349 545 893 -900 -8 93 -675 -612 -910 -617 593 20 404 -922 -379 498 892 666 621 -637 960 -55 390 -774 -539 -91 22 124 -99 -940 -533 532 -968 -771 -91 -140 -498 601 309 261 602 357 -739 -403 879 808 -157 753 -194 -337 944 -903 -878 504 279 294 495 -37 892 -575 -143 307 -786 -538 -132 -313 -774 -869 206 592 -298 -645 -822 -938 351 -843 -122 693 -57 815 691 -56 -336 -65 438 683 -164 -526 -861 -595 -336 -572 260 34 634 735 796 887 5 716 597 631 -66 -525 -558 -765 381 -65 -12 -790 -514 373 86 -796 611 659 508 713 -359 440 -604 -262 320 637 -362 527 866 390 665 -751 962 -242 -418 -227 39 -196 -133 64 -867 214 676 -283 -233 -926 652 -109 -813 -993 -392 -305 251 187 359 -53 257 348 92 -961 603 -319
952 -454 921 670 248 -136 857 -151 226 -655 33 -994 699 798 556 556 -608 -491 942 209 649 545 718 -801 -411 888 -173 539 28 -897 604 222 5 91 -950 574 784 912 -408 690 -570 -677 317 -561 432 -609 -606 -424 107 -303 -783 595 -978 169 13 211 331 -976 797 391 -273 117 585 315 -242 -768 -425 590 477 -619 254 -174 161 -528 939 659 205 -63 923 -273 952 470 -257 -56 789 -127 -325 216 924 231 -148 -496 -420 -588 824 752 -595 -112 -666 702 -713 128 -354 940 -606 -946 -41 228 815 -42 953 -198 113 -634 -283 -431 86 -300 -7 449 -818 980 -528 134 -102 -624 -733 -761 -469 -572 722 937 827 911 -829 269 192 590 508 626 433 231 -814 -358 -654 -528 -547 -442 -775 -432 77 -719 -387 -690 -70 194 72 659 -984 -129 890 309 916 -672 913 -899 -854 624 -636 775 484 -916 -130 48 -788 871 21 -568 195 -359 776 359 -606 773 -588 742 -747 -600 -787 372 -974 174 -577 792 -384 -444 133 -903 -455 -755
518 -114 466 -721 433 85 150 386 404 699 -977 739 -22 819 60 -861 -580 131 -589 395 635 511 -86 -900 420 156 -437 281 -236 -445 -703 -78 818 -203 171 886 -375 -713 -887 318 122 -967 -552 -682 399 -891 245 647 -121 590 31 108 -625 685 559 -765 -641 71 -314 -552 399 781 -329 -447 474 -816 -757 -521 -1 718 642 363 -764 965 -335 -941 -993 780 -594 -283 527 -562 -814 212 -267 -493 -756 -321 486 -9 201 212 -524 -152 55 -75 -359 -234 -820 424 47 517 428 979 -189 697 460 108 -855 613 -144 -992 -487 910 920 -605 -526 -535 -114 -449 283 -90 -885 -719 823 760 65 453 381 478 -790 983 -377 -986 100 -868 939 -389 22 509 -197 -95 -45 723 311 636 -540 312 -97 3 957 -573 -206 -764 386 760 155 179 774 -396 -392 -118 481 -941 -479 395 -267 457 -128 -163 -73 -46 228 -386 907 -833 438 -971 -985 -827 70 606 454 887 292 465 546 418 -888 90 938 -972 591 91 81 750 955 643 -839 548
692 526 -919 -242 -441 -484 965 71 324 18 -516 -454 -459 -26 -443 699 -624 -878 -353 -95 -446 727 814 408 -915 334 -647 637 860 -933 51 -971 225 563 811 7 664 -408 421 -915 -732 -289 -447 925 -790 -413 -192 588 579 504 -10 -670 -27 942 568 396 -51 -318 -667 -189 -442 46 -263 -272 -37 770 580 802 440 -251 -267 -123 784 -325 -150 3 -120 -758 -876 612 -927 -653 234 -60 964 -620 -512 -292 -163 139 -276 -707 894 120 277 -808 878 -927 538 -926 -693 985 -256 19 -989 -210 88 692 247 -66 100 -492 -158 -976 -853 32 -898 -506 969 -422 -334 -112 -514 -572 942 -752 -146 934 -412 -540 75 -672 874 -686 -251 15 -454 320 820 44 -436 784 -291 237 533 700 449 978 134 241 -309 -447 -290 352 -732 -289 583 862 -635 -752 54 528 -603 -348 -867 -3 -885 -254 -681 570 457 -255 -52 -84 -827 162 951 400 -713 -67 -471 -8 977 -544 -768 -261 -2 675 90 343 282 -598 -454 -956 -873 279 443 384 -845 -892
911 -780 948 754 -235 107 400 -550 694 -113 -754 -688 281 906 -266 -657 959 155 601 -206 -800 -985 561 -61 171 775 494 -544 573 -391 -63 230 858 592 -589 -527 -731 -129 896 -360 -122 -875 -667 831 -295 -151 -167 -125 -563 -939 992 306 705 808 -688 530 962 -564 172 926 -675 70 681 150 854 -80 925 786 -315 39 -767 -659 807 767 -79 -897 427 400 -570 -560 -581 321 -817 -109 -113 496 -730 -538 41 -364 -433 -237 -479 500 89 -746 -739 -375 834 -254 736 435 -752 786 372 -473 -200 -858 -160 420 -895 -90 921 912 579 -210 -627 937 142 -189 -540 107 -178 -954 586 -986 -26 -247 29 445 524 -291 987 878 -878 637 -969 -812 180 947 -897 999 473 837 -921 -412 -603 -937 -738 250 916 -179 727 440 -128 975 -764 212 -894 -535 237 729 -47 -876 612 -949 871 486 740 -249 348 -682 -24 -338 -343 32 -597 -88 20 -144 -374 -56 -324 779 -359 -909 625 360 -785 828 -821 -998 112 702 -732 -894 -552 60 -8 -304
149 -658 -917 -581 12 613 -642 -930 873 -755 -588 -234 245 -953 485 -973 -223 748 -280 878 -683 -160 559 835 -647 662 481 402 -579 -482 -868 -46 222 -730 188 -690 657 -378 -988 -541 246 610 -698 839 934 -351 954 234 101 -649 164 -94 -740 251 -357 -899 358 663 -182 -620 -138 849 -284 390 -204 521 -178 -890 -890 994 -753 605 554 -44 -42 -935 -713 -519 -35 660 -508 -884 188 -770 -241 -607 -470 606 -56 961 836 -116 -376 782 481 616 -60 -410 -239 -790 -328 -413 859 311 -784 70 686 432 224 -855 821 202 32 340 -697 -965 -180 271 -948 -853 -104 -168 -166 905 198 988 -766 -681 -60 -4 823 -499 454 -351 -615 609 -521 883 115 -452 628 722 10 -567 214 870 -495 700 -170 906 -618 -795 -750 470 2 169 -700 736 -728 687 -636 477 657 775 282 299 -452 -146 603 -870 -376 112 -20 -448 71 -439 -451 791 633 190 -844 -808 576 200 -897 945 803 690 -222 287 -575 267 369 631 -567 -876 765 -45 216 124
-981 -224 -580 -419 -610 768 -292 556 -607 859 522 534 -848 154 -483 756 593 110 -239 -883 388 -457 420 -269 320 990 -59 -49 144 291 332 789 781 983 -915 -259 -978 -790 -511 -732 614 147 524 805 -795 277 -642 459 -705 920 136 -130 106 -57 -129 -921 -193 443 147 -879 633 -753 -615 -473 39 911 -930 -833 -123 203 -513 872 336 -333 -650 914 8 821 830 335 -97 -425 -669 -718 -321 264 -384 -536 30 -990 -390 89 675 -386 433 -114 56 68 -668 187 112 997 -619 605 812 -980 -67 217 968 -677 -857 809 -624 453 -489 -805 632 -548 257 -202 882 968 -377 505 199 945 -632 114 -484 410 298 -646 354 279 -728 -179 839 181 -293 -219 -962 910 -27 621 124 -543 489 776 610 143 -279 -347 -310 728 58 699 -939 336 658 886 -973 558 -589 581 917 -379 306 465 325 449 -113 857 178 874 538 -2 921 -364 -935 -605 982 277 -447 -950 -726 -225 -309 219 -670 346 862 -595 913 955 911 93 268 -743 -567 -663
176 -13 849 -574 269 75 -232 -110 -662 858 -376 434 339 -59 -284 -804 -830 -747 -225 -597 -546 -685 -465 770 53 -896 340 540 -458 953 -650 -849 -439 -989 888 23 677 -772 614 -708 -620 -76 305 -459 -280 775 694 392 -692 -837 170 -37 683 149 -601 -438 -188 -299 -956 281 -56 268 -254 717 -888 -222 -612 -389 227 -488 763 -535 -760 795 858 385 415 -453 29 288 586 368 17 -239 819 -663 -223 197 -324 -452 -434 -231 306 -41 441 356 694 -190 -503 692 448 -102 -610 -713 -581 417 860 296 755 41 -715 235 -742 962 -608 -729 -933 458 -318 603 -873 -667 285 127 992 789 -233 71 322 901 778 190 238 476 -310 559 190 -917 -478 -356 517 -300 -629 -545 -820 -856 876 -890 693 855 -62 -296 -4 770 820 265 50 -512 167 -919 -510 -847 233 -937 173 27 -598 -792 -245 -20 668 -944 -685 470 265 -890 -447 800 -524 396 280 711 317 619 -526 506 -52 286 -739 584 -750 -747 970 516 -451 942 454 394 -521 820
14 518 555 -130 -713 -357 970 -331 -688 -878 89 -154 -634 543 991 -2 -444 708 -730 -305 74 -606 982 -980 -857 -54 -681 275 25 669 -857 441 986 -571 417 -455 346 -655 -832 449 -354 473 -53 691 -372 881 81 943 272 -458 527 409 -885 31 -916 -515 -461 916 -645 -700 30 585 924 814 75 -468 -421 461 7 905 -13 -607 660 -786 705 366 641 899 931 -363 -536 -680 -470 -306 -847 410 126 280 -486 -451 -20 -206 111 -370 657 957 848 -662 -557 712 -65 -476 506 -182 -737 852 711 -70 -543 -376 717 -668 122 330 250 -160 190 169 -188 640 334 -766 -528 990 285 524 -812 -439 341 676 731 589 -884 -321 576 -572 -93 314 -608 927 176 797 77 959 132 -629 411 -238 -353 775 -330 -166 805 -444 330 408 -280 479 203 -224 -176 443 -252 -380 -18 504 -437 -282 -591 481 -697 749 -62 928 698 -184 -815 -228 951 -843 -489 214 -785 266 766 -907 519 -751 795 -798 -825 -987 212 -413 439 -852 -956 -715 470 -867
478 998 778 133 322 715 -817 778 971 366 935 312 -470 94 530 -445 -940 -42 -988 -785 -181 738 247 -254 -510 942 918 -41 322 -560 949 -155 -870 -244 -866 -459 7 -988 291 -847 -880 -375 -577 -26 754 -512 -742 -68 862 -486 -528 360 551 -940 -574 714 -881 996 -228 842 287 403 261 -298 799 76 -763 839 115 -488 441 819 -486 518 -433 202 -64 600 419 -943 68 999 -18 -216 830 780 401 584 148 -883 -904 -23 -632 166 857 -201 270 716 536 -211 215 -12 -352 -187 971 -529 250 293 -266 941 174 -407 331 816 -484 -305 -978 -72 -135 669 -246 -976 891 -281 -727 152 451 248 -709 -606 163 -45 -287 -15 -619 -342 822 867 214 -765 -383 -665 -201 -51 707 222 135 421 -149 -726 -204 679 696 -339 879 -394 -824 336 -54 -464 -264 -70 29 -611 394 -727 -554 -593 -63 931 -884 -101 -821 -596 -622 -716 316 489 771 990 248 -189 15 -326 -201 -405 -274 677 -563 74 818 -261 1 399 565 752 -658 -182 -869 925
449 787 -470 958 -682 196 -53 -44 770 -353 792 927 -596 804 541 985 106 -517 -138 -400 -114 -575 -591 290 -571 -768 -655 -696 93 955 373 666 -630 966 502 -819 249 -15 -860 776 -941 -230 304 629 -549 -367 542 -171 105 -635 73 832 -598 -863 -669 -167 109 -890 64 -120 -965 -67 80 854 -268 -148 -213 359 -52 -804 126 142 -66 102 313 -378 598 -621 198 198 302 -904 -784 -431 -51 -333 565 852 955 91 355 -495 697 -124 -700 -507 702 -723 -713 776 295 445 959 -367 917 -454 116 512 919 288 -128 -789 -401 -820 -443 -240 327 -69 -523 -349 972 -363 758 4 -623 -608 -516 364 -933 -127 229 -766 -892 517 -583 373 604 -926 -261 892 -446 -440 625 892 536 668 -402 -973 191 907 -222 900 -451 925 -199 587 127 746 -208 649 553 897 487 -224 -646 -198 -270 -503 -22 140 -40 959 -577 -891 -863 866 -520 -263 -482 -421 116 -619 -763 971 -1000 -171 -557 -396 756 -465 414 -337 -578 397 -207 435 -509 -853 20 -134
-213 -481 439 745 -356 820 -33 557 -420 -833 48 -855 22 -858 -868 -207 933 929 -911 -452 874 521 -101 696 506 869 -161 -987 584 -267 -850 183 -101 791 951 25 933 401 -186 -195 697 983 963 73 797 342 -971 502 -338 -895 -764 -663 -252 -709 -463 -195 976 -794 -587 -463 483 -972 822 -190 -869 -42 677 -721 -68 -149 -279 -186 482 430 -953 85 -440 793 -11 995 362 -294 -625 194 433 -783 -444 -536 -617 -546 684 103 940 -880 630 -181 -898 -913 266 -852 -960 -402 868 -673 128 -750 127 -967 -170 800 -981 -520 -974 -406 -113 726 669 893 796 -62 733 860 352 -625 -740 432 727 -958 785 489 -522 -552 -660 254 -404 333 -769 -442 -605 -394 154 -118 702 -75 768 180 132 -527 751 648 498 710 926 -603 -35 225 -157 -195 -837 382 289 -205 796 54 434 -756 -194 605 -320 -374 -984 80 -915 758 -462 -255 920 480 953 -526 -846 33 -793 817 172 -405 -237 -506 -68 662 332 489 -596 20 337 -483 319 152 -253 -982
755 -810 296 -939 8 628 -300 758 -371 -522 -190 633 813 187 -956 387 885 795 840 557 -635 329 -992 -990 144 540 -735 -884 597 -753 -859 -282 -200 87 192 -669 -663 -299 161 -551 357 -513 649 974 -260 -10 407 -992 169 -456 -610 -566 511 563 -782 740 -879 -878 -299 -863 109 72 263 -731 -809 -426 85 766 -249 -842 -517 -663 -404 -639 34 596 135 499 643 749 -994 187 -901 563 -597 -203 65 -990 457 -468 -753 -942 -88 -905 -177 830 -734 -834 816 16 -561 714 -988 443 545 201 154 388 -727 528 412 436 244 -571 480 981 -406 -542 -535 112 794 -550 -62 36 -108 -242 418 767 159 501 428 -611 796 258 676 -282 -686 -557 737 -18 -649 -305 505 814 721 388 31 -194 -651 -592 -204 -307 -333 326 -127 -949 823 855 856 855 -703 311 192 -138 116 287 188 336 -971 -62 640 873 136 -132 878 110 620 -440 597 908 589 -624 330 -253 331 -268 -228 852 -455 -619 -26 373 740 -237 173 -558 221 -744 313 34
-119 -253 787 -901 582 -427 697 383 847 -809 -463 -140 -10 660 715 187 -321 632 -32 -730 981 557 479 596 -772 -287 -138 362 851 -711 692 -539 68 -217 -14 -972 -286 216 190 314 -877 643 412 -897 -573 -669 277 876 529 -243 -691 976 634 804 623 135 -825 393 18 149 -755 821 537 -428 680 6 -809 281 -130 100 127 -327 369 -335 -497 -877 -247 -114 970 70 -703 631 -623 481 -249 285 -167 -201 -19 -571 796 -69 -920 -432 -872 -385 949 454 291 -401 616 -756 36 396 -490 -106 704 -64 -609 109 94 176 491 697 -589 -423 394 -299 -253 -245 84 352 668 459 -306 139 705 -720 -368 920 -231 348 407 -162 -712 510 737 269 -780 -405 -484 -257 -433 -750 -374 -197 586 577 755 -131 601 -812 -453 -53 -834 330 -889 -311 582 -530 -911 176 -899 862 361 510 -943 100 259 12 -434 773 450 765 -980 288 -543 197 -158 389 438 -404 346 -964 653 -488 454 -829 -259 837 354 621 157 -751 -145 691 -470 152 -846 23
-490 97 784 -317 626 -274 -859 -906 509 172 314 -80 952 316 923 -450 535 701 -962 -917 -669 -640 517 -606 -767 -468 696 -891 336 -524 835 138 -157 -404 -601 -157 926 -214 -599 -787 116 -551 20 434 140 907 36 -860 -129 568 -852 320 -796 -654 -408 277 379 -1000 482 -250 -442 -428 769 796 -520 732 860 -333 -229 -525 19 -467 -140 -209 222 -835 109 -294 -860 770 838 -898 647 892 769 616 -133 226 -341 -692 286 67 -783 793 337 506 509 274 312 931 589 -416 -361 -771 715 -176 44 110 493 -360 743 514 -766 -949 -717 236 -3 446 926 180 -393 -534 301 500 -580 -912 635 740 -685 781 -46 79 921 -599 12 836 835 -381 890 572 -801 791 893 -829 760 -942 578 -232 -850 -580 41 993 6 -875 605 969 229 404 656 -201 -777 379 290 168 971 726 764 -441 176 -250 -104 -822 -467 -538 892 -298 959 -370 -228 -845 239 597 531 141 507 194 -564 -479 691 -771 -258 -733 85 -753 -131 -965 300 430 61 -801
394 -584 560 -335 -739 244 -537 -462 252 -894 -758 -548 -891 -987 300 168 -800 -380 686 490 770 -460 -829 -666 140 812 345 710 358 737 -516 -5 657 -816 8 -624 168 -74 -956 -622 -236 121 893 980 411 618 604 483 783 56 901 -288 818 -534 -953 -422 -942 960 856 -40 -836 736 250 -911 -531 -319 66 140 -107 230 -643 493 -156 -740 870 -549 -319 831 759 -828 573 -521 518 -57 -678 -809 -660 341 456 968 494 101 -35 271 -749 -849 -936 -882 902 972 -990 78 372 -819 623 220 354 968 -406 121 -616 794 72 -850 -293 275 -898 408 -600 -213 902 -665 -975 545 -961 -637 -26 588 -435 487 -716 567 851 239 792 616 -477 -286 555 856 294 -752 -823 994 869 -164 -44 578 805 -378 -79 -723 554 -808 497 59 -875 978 347 -685 340 -111 627 997 -38 56 652 153 -95 -36 917 -692 251 -150 669 -73 416 -540 334 590 -597 487 673 -327 802 12 -888 -660 323 -202 474 552 340 -725 697 158 -93 -917 -847 406
642 768 700 413 536 436 -773 -760 -856 383 110 -261 97 930 -60 500 100 -980 -131 -702 334 116 -1 -541 -523 -153 -159 -773 144 -857 818 -84 -619 817 118 5 -756 -515 -446 408 -551 529 238 949 -237 887 942 -19 663 439 721 389 731 851 -360 34 816 2 525 -656 91 -39 130 175 124 -64 678 595 -909 -709 -358 -612 45 -480 -487 584 -886 -722 -904 -544 -808 167 677 267 516 906 942 45 129 -487 733 -999 -5 58 391 -575 -41 28 633 492 631 -554 938 514 379 412 -907 -54 -53 -675 717 928 -285 389 -153 -938 409 -670 674 -148 862 52 -737 -366 -457 745 947 -185 368 -730 -592 858 79 879 -519 716 555 691 -369 745 -451 -152 376 -531 535 -871 710 -264 157 885 -449 -55 -126 -952 980 -89 -600 460 -215 -451 743 898 -229 -934 106 332 -957 -16 -452 252 854 186 910 817 -766 -812 333 448 -683 550 567 787 689 -38 -304 879 835 -520 -629 828 787 -199 -224 -684 -98 689 -738 -777 -35 982
-460 857 -930 20 974 111 950 587 -594 -889 696 523 -988 560 -448 -930 -644 845 -302 -49 104 71 -612 818 -455 932 -747 513 -676 -986 878 -346 -2 682 -355 844 -823 699 525 867 -541 266 -919 -612 586 -569 -558 633 207 918 261 851 97 884 -436 -83 547 -725 -528 753 605 373 188 -301 976 818 806 -179 25 361 -187 -404 809 826 -316 687 737 -462 -926 766 612 435 -717 668 722 405 102 -307 -310 -93 858 3 -986 -446 -828 -887 932 -850 -908 210 42 -36 -380 270 -66 960 -480 -746 -778 946 889 -875 -370 -322 -906 -115 -459 -841 225 215 -52 -580 -755 76 -750 -949 195 -709 735 233 219 -133 604 961 252 -433 -711 801 450 846 515 -328 900 804 668 -913 450 351 -725 -959 -804 -269 -319 -135 80 -292 605 -129 434 -712 -173 -920 117 -11 616 738 525 -678 916 -693 -261 611 482 -777 488 -261 -345 576 -346 642 -271 518 632 792 385 -827 177 827 86 314 -711 -757 388 -341 -635 -42 -483 411 -900 -439
461 -477 -153 480 -950 964 -726 -968 -228 886 211 510 49 687 704 409 -593 -513 499 -416 -609 343 138 -638 -426 -188 651 -6 -678 -203 -861 -745 -256 764 -522 -614 865 151 684 -854 -408 191 -712 -745 869 -981 -642 -275 -983 -107 365 364 -338 984 -746 -304 523 -621 -325 610 -90 687 -988 -753 -53 272 -554 567 -629 864 -604 701 -25 -604 549 920 899 -444 47 886 -13 -800 -715 -575 410 538 -995 -923 982 -141 795 761 81 -138 -487 291 669 553 542 559 663 -607 -34 -754 -360 701 -133 -161 -27 410 583 468 884 -600 -912 -957 523 415 -327 586 -890 -132 -191 611 209 -294 706 108 -824 706 -49 -1 171 -126 255 642 795 47 696 -112 752 -941 237 -975 135 694 -687 -436 -125 240 457 -527 -508 -467 197 556 315 146 137 -596 203 901 750 -423 419 -225 -528 10 -915 275 88 118 -224 -742 -192 -570 -621 186 -312 -673 768 -621 -902 -450 -306 664 971 665 -562 159 273 720 -910 -568 626 269 -533 208 -414 -237
-596 989 -320 -73 -421 -214 -502 -47 -89 302 723 -726 -508 -981 218 986 841 622 689 37 947 -303 432 46 895 -539 960 270 557 12 160 768 -706 632 -371 635 -640 -783 962 -732 -358 2 777 -124 -444 298 -97 835 570 283 -342 -639 16 958 750 652 89 779 494 -523 153 603 -400 510 -402 321 -571 -659 -756 99 299 51 397 -772 252 -68 288 387 -862 977 -686 649 -897 -62 948 275 822 -334 214 178 -133 751 -855 875 -318 791 201 361 -148 -414 -226 -606 313 8 -73 795 -747 -411 -43 930 900 -706 -204 -759 -655 -514 -920 -320 -240 140 -279 644 393 -540 312 -57 425 -194 919 -762 202 -903 -557 -439 -953 -263 -196 -157 71 -398 -711 -886 83 746 335 951 338 -552 664 683 -199 -251 428 634 520 497 231 991 -345 -365 -701 919 553 -98 990 -84 903 -541 922 -187 -619 595 953 773 -214 411 -515 54 857 163 558 571 -867 -365 -151 -502 -200 692 195 712 -252 923 394 -839 -734 -565 -199 -412 157 407
748 -335 347 -511 -508 732 -175 852 -945 208 -969 -727 744 671 974 5 260 -976 307 129 803 -15 120 -527 -349 632 294 901 302 -780 475 -658 -489 -597 774 164 -773 359 94 -712 630 -161 41 -782 625 -711 961 396 132 -44 400 595 -699 619 -902 884 -379 83 311 834 954 90 905 -642 -848 -536 -530 252 -437 568 -303 -514 -453 856 491 -513 144 -196 310 291 14 -793 -575 380 699 -583 102 835 -576 478 -880 860 250 982 34 867 549 177 731 550 -378 -262 38 -210 857 531 132 -223 875 -444 687 -813 865 519 -366 -323 -996 -346 623 441 508 930 -394 646 -560 300 -833 -159 -760 540 -550 941 -866 435 523 -672 260 -726 222 556 131 771 216 827 370 101 -653 390 -211 -111 744 277 687 -430 -259 474 -930 870 -939 -808 -185 -238 53 918 -169 575 -404 -215 754 -946 963 -73 1 -703 -949 544 840 286 -499 -133 -138 -951 432 -987 -147 -524 704 -432 589 -36 -48 737 592 118 330 -654 -941 388 -676 697
218 130 54 206 356 563 347 389 -639 819 26 462 -161 -754 520 -912 302 -46 990 -527 886 918 112 697 637 468 287 707 601 78 670 -92 -656 819 812 85 168 434 932 -477 -569 -478 -518 -879 99 643 -388 983 825 -313 143 -334 -275 -13 592 398 406 174 742 -481 788 -923 255 95 471 952 -100 -523 -761 -586 553 -796 -225 565 -155 804 -127 -359 -354 -998 -927 369 472 -331 635 224 328 -580 -77 65 916 -17 -382 -366 506 -930 -495 -867 169 327 710 542 403 -913 -659 216 754 -162 -919 -111 711 581 -268 659 55 -855 573 308 -899 235 -411 140 -98 -140 -272 880 262 -644 -356 597 -151 -881 44 53 -23 845 103 -479 439 566 -849 491 -682 -253 317 220 -630 -531 -487 621 13 605 -772 92 -189 615 84 193 12 -299 -82 540 -659 -628 571 -662 -906 25 -8 604 -275 -552 422 596 653 542 850 770 -141 97 70 71 374 375 506 982 493 -62 -302 -841 758 678 245 -396 748 -518 711 235 -201 -924
284 -229 -828 -932 20 -427 525 -308 461 -337 230 530 -290 138 455 519 981 37 761 586 -322 892 798 523 158 -188 651 -213 -920 367 -614 -151 -34 585 283 -425 -98 -673 -818 -721 13 -269 963 356 41 54 128 -124 508 -554 637 878 -156 50 663 -4 -676 940 874 683 -744 880 -790 -930 -147 172 -884 -399 828 -214 -136 781 984 -53 293 969 145 -508 293 850 114 511 639 297 821 -485 861 905 663 -335 251 -859 809 -236 610 9 -167 176 26 -366 -655 -758 -153 -176 968 -567 779 -717 -459 723 849 698 370 -448 -951 582 910 -795 702 -767 368 -423 685 -613 362 -345 -185 265 -768 977 32 -726 618 -356 -595 247 800 28 683 240 -682 443 -976 -729 687 -213 -383 616 830 570 747 -743 -291 -349 91 -877 -316 -582 485 946 -702 693 -579 -609 16 -713 -653 11 914 -55 728 947 656 -691 156 -114 -349 163 -213 978 621 264 28 334 -356 694 -364 -964 451 126 -101 -402 563 894 464 -334 -70 -63 897 -228
683 -554 873 153 -679 -574 815 886 553 528 612 794 978 -157 -856 610 473 671 856 915 -385 -596 -158 -519 334 195 94 -962 788 -567 -738 -228 295 715 -323 75 -819 355 -77 947 -87 167 269 317 700 -710 125 -303 851 990 -656 -602 -721 237 -371 -262 -281 -267 -553 219 -737 176 463 200 977 -276 605 -908 -913 659 -238 818 -640 -97 -979 728 215 -559 -739 223 -964 83 -876 907 -407 -841 -577 -567 -97 569 508 -109 42 360 -88 605 362 -632 705 270 333 -306 -169 -1 346 -571 738 54 841 -345 491 989 -703 -892 -434 794 906 324 -175 -57 -936 541 229 727 -217 528 326 -722 -567 285 459 -676 458 675 633 375 150 -17 37 -265 -837 21 296 49 -562 719 212 559 -997 -554 -419 -909 -328 127 -797 15 -931 -36 275 -278 727 981 697 966 -244 282 202 -612 294 -240 144 -364 620 -105 552 -969 601 -58 -512 699 935 479 -815 -360 906 -177 -223 -502 -801 171 869 69 745 -979 -759 535 521 875 220 694
-998 -934 286 -701 -875 541 -532 -79 -886 655 474 727 -645 -401 180 -326 700 889 -410 563 535 972 -224 -447 335 -43 421 199 -514 384 -479 643 181 -514 -902 -29 120 622 517 172 257 544 -81 -503 -464 779 534 -568 -398 736 930 -63 907 -495 856 957 293 -549 314 -580 900 -648 521 -890 -324 809 -13 -277 730 66 819 -273 756 -221 188 288 -238 -101 -121 46 -224 147 792 969 -921 -126 -412 826 -334 199 -127 -370 509 -757 88 -335 471 592 13 355 -346 -119 -461 323 -888 -206 232 -828 -24 748 -156 -209 505 568 -698 38 837 995 -213 -758 -519 600 -279 814 171 191 -476 514 -323 -647 -132 191 375 673 -292 159 -59 -539 139 367 828 95 -106 -919 741 -488 208 861 -377 -899 -482 -481 -73 -648 896 472 594 938 493 -354 906 -321 470 -31 641 268 -853 963 -567 652 196 740 459 935 638 978 654 731 -864 191 761 834 -334 -990 -469 -366 -158 928 739 -249 555 -928 737 -897 5 -537 -697 -203 950 13
-290 -995 -739 234 -600 -287 -797 605 24 433 799 526 302 -773 22 -631 -174 -708 914 708 991 271 646 135 707 554 894 542 856 899 -440 -647 11 378 534 534 -783 701 900 585 732 -304 704 -774 -616 266 41 130 435 -915 288 876 -776 637 -654 905 383 647 -193 320 754 612 578 909 -884 758 828 598 266 -539 -482 544 629 -420 -888 410 429 -389 -507 720 -312 -10 -10 782 971 935 254 -811 -421 450 -264 896 -293 -763 936 317 225 -304 636 977 291 603 -651 425 349 35 -977 -109 201 -877 -823 498 343 650 -788 -287 -346 -745 965 -441 34 506 -4 -764 709 948 834 397 800 949 -501 -987 -903 -359 517 960 -723 750 -569 -242 -712 475 -91 -649 -666 672 146 -1 -3 719 823 -757 149 517 923 918 -721 709 865 53 -452 -720 -266 21 292 645 979 876 -311 -81 -218 -729 -949 -557 511 -566 -848 562 3 -565 434 -607 -411 41 484 567 293 -697 28 -34 390 177 810 -768 -318 -904 238 203 221 -354
-625 -642 -535 -173 -728 -676 428 -96 -215 855 929 478 -32 -717 -568 -140 -919 920 598 425 -124 955 -516 338 -684 221 346 823 -706 -468 605 749 591 -965 -22 -758 -567 -142 -32 525 -679 208 960 434 700 -247 265 191 -745 483 -226 -191 -983 98 -366 467 155 -629 811 276 932 -398 173 -40 -803 351 -567 282 -238 -213 189 -204 -2 322 177 -740 -72 622 414 623 838 709 -405 -217 -666 -810 761 -213 515 461 -333 -67 649 -289 -474 -899 -148 689 -976 998 -258 -215 497 -918 -606 -598 404 -949 77 -569 -558 801 218 -577 -838 -615 -451 -521 -280 -612 -123 33 -80 427 784 -191 390 -937 201 -598 136 821 858 902 742 271 814 470 -914 -429 840 646 -425 -788 -792 911 -512 803 172 39 -455 598 931 -253 -310 -646 -73 279 95 -203 -102 991 354 69 -408 534 941 383 -426 931 281 -469 360 -362 -748 -564 -236 -850 -924 -267 710 -794 -297 475 -231 293 -739 619 335 701 954 -419 842 306 507 616 836 158 913 187
93 -751 563 -278 891 -164 177 146 826 242 -156 908 690 -608 -76 -727 747 705 46 285 -687 206 -781 -168 338 539 328 493 -245 667 981 176 307 519 -382 -159 271 -305 -957 -426 -589 -914 -544 -793 -918 550 -905 -58 515 -215 816 519 33 250 -406 924 854 -73 621 -535 -383 18 -936 329 480 305 116 -973 13 617 758 66 457 -236 710 -794 694 220 -99 807 -389 491 -696 -631 -615 -230 -116 -706 -918 614 751 43 -840 530 142 -664 333 413 -142 -154 -41 756 370 -885 231 840 -863 434 -882 247 184 653 446 -904 -385 501 -914 -102 504 644 697 325 -839 -590 142 63 307 58 677 -955 261 446 964 -458 981 -448 921 839 853 103 -259 -912 671 348 -46 24 205 504 -513 611 -184 -710 -267 328 -585 555 890 627 -559 999 849 936 493 -365 970 936 -836 -287 658 967 965 -771 226 -366 -212 -514 972 478 116 938 -834 668 -853 320 -350 873 -484 314 741 -460 758 87 -185 -135 -135 308 -85 -923 558 -759
312 -946 -250 725 -324 -904 -317 -915 480 -525 -345 -357 173 297 -411 -7 -560 -498 278 779 -312 588 381 -447 41 578 809 -197 663 944 -714 928 -122 114 -215 380 -704 44 953 -288 604 -110 -48 -50 598 420 391 -105 -701 -952 852 -753 287 -965 -423 -945 933 -799 230 141 807 82 462 213 -762 -57 -631 126 377 -939 122 -151 -136 985 728 352 490 406 -565 360 475 -982 285 -719 179 -6 -83 370 -172 -392 -611 -338 478 573 770 184 -823 -547 837 -362 25 778 -681 -152 228 12 842 285 996 -237 353 -279 226 -152 -273 -935 986 -697 740 168 -189 254 -518 -385 462 -200 -727 -414 820 -598 -908 -744 101 -932 67 -172 -958 -366 58 504 -965 123 -498 -650 -131 206 497 828 -255 992 90 -795 -238 296 95 -189 45 775 -453 211 -42 -143 441 -156 357 762 93 208 795 -251 -841 693 990 -182 -40 -703 220 418 -958 -16 737 -319 405 -714 -791 239 -885 -977 -836 -146 529 -110 -961 -92 998 510 -26 -930 -257 -102
-675 683 91 -37 -628 -898 79 784 -825 -552 -376 -1000 720 -982 -965 797 -820 518 -923 -258 619 952 772 -204 614 816 256 656 362 470 840 397 502 363 309 608 -531 338 567 697 -173 374 46 852 -383 -848 -370 -912 350 632 -824 -876 944 94 -247 -164 536 -165 745 444 -771 -923 265 -891 -451 -404 139 547 -117 -584 -262 -990 -751 -773 -73 423 330 -139 543 68 840 -899 -432 343 -525 -549 533 252 -777 187 498 -438 745 -809 731 -507 -904 150 255 369 -102 237 814 810 -428 78 159 -508 -194 -750 961 301 -123 681 -919 458 -783 -352 431 -382 -65 -156 368 145 531 578 -787 94 -8 -75 36 907 808 7 97 32 758 974 -762 932 -727 164 -305 158 669 -420 -12 -263 -80 -479 516 67 -113 922 -707 -208 889 -838 258 -503 428 -175 -293 -565 -494 427 -657 700 -855 -562 -537 -989 529 -904 162 -353 315 440 570 -63 -712 725 139 104 -111 170 -471 244 -368 -602 513 820 -454 -937 492 -873 853 194 700 200
-353 844 -153 256 -555 199 250 -912 893 -989 540 -426 666 134 -859 415 543 472 -965 -822 65 -855 -231 186 -136 469 328 109 195 320 494 585 805 -573 253 -616 -461 -714 888 -414 12 959 266 738 -620 736 -912 -946 -592 830 904 845 517 -492 -775 79 -489 824 -220 668 501 -978 613 -23 -84 -860 -662 -952 176 138 -684 -237 -199 985 264 -756 964 -102 902 -15 465 950 -159 -776 -665 258 -998 -238 -302 -271 519 995 -828 -876 252 -306 -122 35 -624 467 -665 -657 -333 -154 -98 418 343 996 -968 -801 -639 577 761 934 -79 -729 -337 113 684 810 886 -629 311 -391 -928 -883 480 454 805 -270 -997 -426 -97 985 529 -635 -186 -25 -160 331 735 -348 -255 -519 -195 -871 34 595 -173 -378 751 416 -339 -514 856 -890 -759 41 280 -314 -535 895 582 51 -619 -171 224 -932 237 697 -569 153 790 563 142 381 234 373 -224 541 933 -75 -954 992 -787 -834 -663 565 -964 841 225 -181 -769 -579 -899 48 -393 715 -639 -861
474 -350 -433 -134 -705 559 -193 -520 -376 751 529 53 293 -326 197 766 448 926 -275 44 -270 539 672 366 81 -686 -275 -575 91 664 -880 597 -690 442 -918 -283 -67 -579 136 32 -713 318 -35 486 539 -250 -744 570 -700 -536 770 792 -269 -643 463 -491 637 690 220 -130 608 801 861 795 423 -919 -321 167 -775 592 239 -796 -391 442 -148 656 497 742 -825 58 352 392 -952 -622 68 420 -543 137 374 618 745 560 749 602 676 215 -628 745 -882 829 237 -757 -290 50 944 704 -24 -674 716 931 -576 477 -118 -492 -59 57 -745 -908 -370 777 24 -642 523 -325 406 -923 -25 186 812 371 -873 851 511 183 68 250 -713 -104 359 -10 308 -652 -981 -805 792 -542 148 -4 749 52 194 -477 -590 -13 394 592 448 -748 -158 33 -629 -928 -199 733 683 507 301 856 -245 425 431 910 721 -795 509 -791 602 -3 -440 -143 691 110 -148 -69 -66 690 -39 -13 498 5 -84 784 -32 -752 -531 -315 543 -659 -816 757
-771 490 -876 779 178 -395 701 74 504 388 -100 875 519 802 -709 -451 16 -37 648 771 -293 50 -75 -497 -210 109 -261 941 -863 48 -92 279 -122 103 -274 -927 -486 548 -722 -148 311 -943 -698 -790 -228 926 285 -442 -988 692 824 675 655 -500 -673 -835 -66 341 -281 648 507 -785 737 370 -683 -739 456 -694 985 -596 -29 -854 -431 653 982 853 -494 -752 109 -967 -152 -72 -883 311 81 -282 -375 -605 773 195 4 845 -812 -733 -706 399 170 -346 -856 -882 -618 351 443 779 545 -825 -751 563 -634 932 -973 -481 -409 -549 -969 532 831 -166 340 -989 105 -98 -406 -298 -982 863 939 37 -984 -410 -371 474 -680 725 -325 -186 -873 -11 -583 -560 -11 539 857 -650 -175 422 195 -218 486 385 -958 -14 8 -402 63 -598 690 876 399 208 -894 -497 796 -848 883 616 692 559 -767 -450 -507 104 -871 874 645 -418 -916 -461 0 -406 555 -502 -971 -474 499 300 -34 923 -579 903 -659 -304 -589 482 614 712 903 799 116 -970
-897 -938 -624 911 571 96 431 -518 852 36 -492 205 148 772 -211 624 -971 684 -174 769 914 -807 -493 106 413 -327 -340 -596 501 560 -699 653 261 297 -669 -819 -707 250 381 519 726 -132 -844 -644 897 -444 -568 920 -309 -600 388 -606 -368 636 -327 131 -174 349 -878 658 73 -427 -754 849 706 572 -599 316 -254 118 -268 -529 -579 -380 147 32 872 866 -500 -228 -423 -5 88 -402 991 -689 -934 791 187 -584 325 -421 979 -416 -720 -791 -9 839 426 199 -166 -806 160 946 -558 -521 251 336 446 327 -382 -910 759 769 251 599 -818 -887 -803 -804 552 -388 1 683 -400 9 564 -507 132 -860 811 894 -955 -861 548 -100 988 678 -965 208 331 -422 -827 -192 -588 434 -434 163 212 -120 -267 -203 -854 -379 431 -57 766 227 228 -543 68 -952 -921 -879 297 -702 -840 586 608 -512 -589 850 516 316 776 998 654 859 -573 118 -466 184 545 -124 -332 54 927 822 -359 -565 -452 222 -945 -86 487 970 771 900 790 776
835 -733 680 156 293 204 526 971 -425 104 -592 -946 -651 -233 -72 -171 -467 -18 222 -877 112 900 -683 104 213 536 -52 -902 25 712 716 330 614 -478 320 -304 -631 886 410 50 798 773 -613 276 -40 -614 -629 564 177 92 -397 -967 -812 -968 -962 895 9 -57 -842 324 -317 -92 17 558 341 -172 885 731 -201 67 23 950 65 834 -557 -843 -57 828 -160 3 -373 905 859 818 435 -357 94 -678 -566 -40 530 -697 -991 -96 930 861 798 -941 405 -178 883 658 -259 726 507 -687 -918 461 917 50 144 -266 -814 -974 573 -491 226 374 -645 607 -438 188 -264 184 802 840 47 423 628 -360 -439 -499 -697 -403 664 414 -531 915 -522 779 112 150 -715 796 -894 205 -494 489 -367 749 -893 973 -285 -701 87 342 325 173 -138 697 -280 -812 -469 790 659 595 528 -734 187 -504 -90 115 348 267 -365 -705 9 -842 -323 -881 508 -988 -694 -23 787 -107 -551 433 286 -800 830 -612 647 596 823 -390 -559 -263 -148 311
-207 -535 -580 -237 879 -347 557 865 960 14 208 451 898 566 441 603 -294 -944 567 72 389 -347 469 -876 -475 310 -655 -156 852 876 -707 64 173 -460 21 -705 530 -456 -254 -978 -639 214 538 -155 -513 933 -716 -547 476 434 -604 -15 -773 -50 -152 -366 198 -568 -597 61 -845 754 197 151 880 -301 -217 824 755 33 -787 -649 -839 -861 476 733 -278 -933 33 -193 397 736 268 952 -237 321 -814 -865 537 93 -979 743 -376 -761 305 545 850 -37 944 -29 -759 116 -311 -161 -334 243 -208 350 856 -523 -243 -32 -440 293 556 -698 44 644 -849 934 19 573 736 911 868 173 7 -213 -788 236 785 -705 -110 806 552 586 676 864 -16 16 -835 -503 -937 -913 240 -205 -580 718 -44 747 -310 -341 -330 80 -808 -993 -421 822 -665 57 -264 -418 -427 -786 -581 -622 -163 923 -926 659 -410 -734 416 315 -608 -204 433 351 130 -721 880 606 107 -478 449 17 -289 -773 342 850 980 -299 338 899 -681 698 358 929 -133 -958
762 543 -30 599 -203 -837 -225 1 466 283 -932 -107 -676 -307 -886 -17 57 428 103 -186 -641 72 -734 117 -337 -85 247 -45 942 -679 286 365 30 365 -435 88 -205 -737 582 -9 -497 864 917 695 514 246 -885 -996 -175 -573 690 -539 628 -221 391 953 -880 997 212 -1000 539 954 -390 488 -360 33 74 -345 -885 775 35 698 452 289 -741 -334 101 -398 -345 -351 -214 246 988 870 669 -661 -476 780 590 7 -488 453 -484 475 646 68 434 986 -274 -411 67 875 36 582 -524 -559 236 -799 898 347 739 -502 537 817 855 -377 842 415 -621 -429 -4 -902 276 655 -899 16 -455 -202 -498 -223 -330 -348 163 164 -876 834 789 -594 -610 -160 193 519 514 -871 710 344 144 800 171 -785 -920 647 237 -600 560 32 610 4 490 208 214 928 -245 857 605 -596 -16 -401 -172 819 36 540 -20 -294 -365 -391 -410 944 742 936 -633 -31 -77 -209 223 551 189 633 264 746 -609 902 -293 -930 -23 509 607 -8 -592 29
-820 503 38 -924 -307 -973 918 -862 604 -641 291 91 -27 -810 -390 513 -122 289 -158 -777 413 989 -87 -324 118 -63 282 108 -813 323 427 -978 -400 -627 944 -72 -273 -440 -346 599 225 772 -156 -625 -144 775 -263 983 959 501 -794 -504 -171 -743 367 122 408 575 138 -821 -808 606 49 261 685 -880 894 743 494 10 368 512 118 64 -148 -876 -522 -717 391 -239 -357 872 526 810 -666 635 -293 -132 -121 -225 249 951 -126 -903 603 -603 -526 403 543 293 -655 -764 -144 -437 391 499 -763 -162 -312 -607 188 -712 305 305 600 687 299 112 730 -450 -127 927 105 -520 -91 -261 360 821 -25 704 201 84 -389 -207 -643 -727 -145 929 -586 -724 105 -480 33 703 691 36 97 -209 -736 -278 907 218 448 825 -925 -807 243 -910 631 798 968 498 250 364 861 -429 -407 -492 596 965 -135 797 689 -859 70 678 368 207 -219 313 570 -399 774 -806 -111 373 244 143 -553 -614 929 -883 405 820 -371 -1 896 -939 601 -507
832 60 455 -686 -638 -615 -522 -403 266 978 -583 -515 405 77 -851 994 289 462 220 568 907 -644 573 650 474 -996 -858 776 -750 362 689 -374 709 -585 -331 159 443 581 439 876 572 -793 -91 -62 892 734 153 398 273 -761 -799 -424 -198 5 692 581 -955 662 765 986 322 -76 73 472 497 825 118 -739 -906 -38 786 -504 531 932 808 119 190 -50 415 139 -161 243 66 -441 847 711 588 -724 -397 41 94 528 -411 223 -757 397 -83 -418 658 -25 739 -399 -563 -671 723 595 11 -794 -809 -368 262 -221 -614 696 824 -603 202 547 338 -277 215 -182 -390 800 -679 20 653 456 276 127 -71 639 -113 912 -517 68 -797 133 418 468 -522 -307 -698 440 -433 -426 -521 76 -491 -408 -782 800 227 -599 198 -295 -750 688 683 -607 -377 177 -709 699 806 294 -626 -263 -554 499 -972 41 -827 -901 85 -117 244 590 -19 -813 272 388 -76 -579 722 -251 -238 -823 722 454 626 -926 -891 -440 -489 -526 101 943 953 371
361 675 148 332 -389 544 492 430 126 682 -975 609 -342 -43 235 825 464 -580 -290 -868 -139 -126 -692 626 37 8 662 355 199 944 684 172 266 63 181 -27 -653 -947 -495 -559 -840 229 972 -985 -731 758 -933 387 499 -424 608 605 440 -943 366 -142 541 -896 -286 54 1 546 930 790 455 971 918 -235 -196 504 -759 -617 257 -384 -915 -450 742 -739 -877 -14 985 167 547 -483 -549 -175 -243 143 710 653 796 367 -899 798 134 -778 -355 -676 -417 -499 54 -462 449 -945 -472 374 543 451 -81 -706 -689 191 203 988 213 -629 551 -207 512 125 424 -911 -501 -859 586 -255 951 856 70 -758 914 588 -221 -841 -988 734 -611 -944 837 284 763 -559 -218 -963 190 -527 -590 -887 -933 131 201 134 907 671 -40 -747 689 -501 471 135 346 710 28 -472 389 379 -543 83 -455 -983 390 -983 839 -360 334 754 304 -106 86 -207 -512 321 -355 572 322 379 -365 -775 161 -222 -381 614 7 -588 -75 269 -432 78 899 398
401 -72 79 298 -962 438 507 113 -267 296 -612 -280 -769 629 -387 498 561 -450 -565 -908 -23 -881 471 796 -18 -75 -118 -812 57 -754 752 99 821 -879 737 108 922 -647 -202 87 -580 53 -644 263 -897 418 418 -45 190 -466 -149 463 385 307 -903 446 -665 -633 58 -655 733 -888 620 -403 -499 369 648 -151 -938 -245 -746 -29 240 127 989 -732 329 -417 -684 310 891 192 -556 536 -471 45 -23 -430 778 -367 587 -748 -368 -194 840 297 -481 -941 689 710 889 -172 412 783 768 514 873 -861 317 711 152 592 974 617 -773 496 -79 54 405 -636 682 512 325 -562 -723 267 -252 697 -81 708 -538 -95 479 879 887 -266 785 -344 -749 311 831 -344 -57 -605 -783 241 -103 954 -932 474 -474 571 -681 -395 887 -753 311 -815 887 150 425 -324 -888 996 105 -529 737 -377 -653 -141 -105 -189 366 -75 -45 730 192 -375 -776 633 -948 -937 292 -150 474 -412 -373 -34 -44 695 494 124 -211 -551 501 12 -184 -6 -72 173
233 -572 -349 -129 133 648 -40 -549 -837 -829 -249 -241 -202 367 -763 490 919 656 741 -504 648 -727 887 -712 -894 146 180 348 -120 -188 -93 121 944 -392 391 -966 288 30 225 -445 -3 -313 221 -475 812 -698 -156 617 846 478 151 97 -668 -862 911 -439 206 856 -448 -528 867 -895 -660 860 734 444 -81 785 105 879 -669 -727 -840 833 733 476 -837 -558 -776 15 825 -882 847 -247 915 627 721 -593 791 -130 318 -907 -6 627 34 270 600 -357 894 8 -109 229 582 -374 323 388 -58 338 869 960 868 -182 5 777 208 652 64 -654 -63 423 558 -418 -348 917 3 856 -292 722 661 -220 -975 -698 -370 951 655 608 -292 -486 766 635 593 392 625 876 -728 142 925 -487 -408 72 -798 534 -983 155 223 55 -829 433 -549 488 331 906 540 -311 -454 -669 204 901 -342 274 571 736 530 725 319 906 -90 -350 460 -728 722 -864 -793 944 143 114 -582 -831 18 389 -431 -823 821 495 -783 197 350 -550 465 685
-377 -829 224 -40 -472 106 -390 864 -555 -300 -247 -140 -542 662 648 -874 -614 504 761 722 569 666 318 444 -967 -93 -827 -210 443 76 195 -46 853 -990 -496 -49 186 -989 892 400 -493 751 -35 764 801 -215 824 -39 252 -996 448 46 -786 805 -664 -50 -197 671 194 622 445 939 -898 -61 131 376 430 661 294 900 -122 -228 194 416 -906 -316 406 462 -278 306 -486 -514 885 155 -857 837 165 -161 -746 863 -114 -737 -706 704 756 -376 255 -435 599 -126 830 -185 -751 119 542 468 780 -337 292 662 -16 -188 -717 87 -311 208 -799 -191 -112 -91 -531 401 -986 827 -504 -925 -811 469 742 119 954 703 121 314 -499 95 544 956 -609 -313 -664 523 -250 193 -160 617 -20 27 -58 348 -731 -438 757 547 309 484 -255 595 -150 -150 195 -378 372 693 -947 995 173 440 -619 366 519 260 -766 353 -748 -476 5 500 902 857 -798 317 -725 45 -898 -612 963 635 -529 920 -650 273 -680 124 102 107 -31 -427 99 138
-178 -446 501 805 -199 -950 -867 -174 -654 887 -162 -486 857 -561 704 -550 803 411 540 -884 -757 297 -404 970 -607 -680 76 227 -227 872 320 -424 -738 707 247 -90 772 -354 227 940 -38 991 790 451 599 718 -617 390 -424 -146 379 229 -813 -980 579 -808 65 -976 196 581 541 -505 43 -422 366 -315 35 709 -423 113 -439 -240 291 196 65 -889 -942 -77 -846 -966 -644 9 -698 -970 523 -508 -493 -479 883 195 457 -299 573 -742 31 -849 131 308 946 599 84 300 -283 1 -717 -871 -316 764 402 673 -754 410 907 -68 1 -167 -435 -432 828 205 577 -857 986 -661 328 -897 -662 -784 -783 282 405 100 -838 552 -510 -234 844 -931 259 259 254 -93 -408 637 828 732 -83 539 -18 732 801 469 -779 -229 113 -635 915 519 930 -720 919 -381 693 -48 235 -342 563 -650 99 721 -453 512 654 53 820 -687 267 -328 159 56 697 747 -30 895 53 812 -348 -237 -237 -817 724 -385 299 -564 -214 754 729 86 212 -824
877 345 -400 388 -18 179 185 -558 -311 534 620 643 -427 292 -634 41 906 -531 86 -77 -892 641 -202 -912 30 -484 151 -999 -205 -404 -351 415 -956 575 419 226 477 -772 954 -625 220 -518 -100 -367 -843 544 -484 -931 897 440 268 323 -303 915 551 -944 -90 967 566 -863 548 653 -109 -900 -760 542 373 369 -221 -203 922 947 -610 404 -929 -382 153 211 -309 231 -606 594 -552 -226 890 294 -395 -758 337 -876 18 -922 -824 732 656 830 -791 496 53 -35 598 -136 -102 -956 -446 584 -900 339 -81 407 -413 -898 606 -70 81 978 -425 3 21 403 845 984 473 -612 -565 -589 -904 -349 645 -422 -595 -218 -716 -436 -946 -477 118 -946 -655 -6 475 -647 399 -669 185 -831 558 -592 -782 451 -68 -826 -617 257 936 154 -810 113 751 560 983 888 691 -631 739 729 -354 758 963 796 -878 911 -629 133 -651 599 870 -746 -893 677 -456 -597 669 -574 847 295 -59 780 781 -282 -164 127 -734 -453 659 -995 137 324 -907 -28
-29 -927 -594 -651 957 78 -208 630 -864 439 660 -602 707 -820 412 -234 -921 463 260 946 217 -679 844 -796 372 -878 42 688 -910 -878 115 921 110 664 -411 -918 -77 66 -123 533 -96 277 105 91 -832 680 -197 248 670 946 617 -755 534 822 805 -420 -866 521 -965 -333 -924 -724 128 509 641 135 -171 -635 586 931 59 340 -281 -778 -190 945 -957 -394 -700 70 -382 964 -441 -198 16 -416 587 677 -448 -893 702 -706 -936 844 675 709 848 -630 370 17 646 516 -513 817 152 -235 -830 -94 -676 787 756 152 788 -970 957 619 -497 76 586 560 367 823 189 -112 -861 487 155 -556 569 849 53 -628 12 314 618 456 13 907 712 400 179 252 -316 551 -305 -954 -154 942 402 510 570 420 632 -435 120 826 -180 153 -591 -885 10 -464 46 -869 -15 -859 97 -544 985 147 -349 750 -571 -36 279 153 -396 195 -833 416 802 -426 60 -60 -63 -682 -893 10 -135 -673 -227 409 -849 -412 -136 -406 764 360 -127 963
-346 -153 -503 845 -370 408 797 257 -394 731 -483 -882 -205 -835 52 -613 -663 -187 698 -435 -755 59 228 -887 -966 871 348 585 -886 -923 -7 200 775 594 -978 69 -918 208 818 771 385 508 -427 290 924 713 89 623 -96 -411 -449 -31 -798 992 -340 -673 -207 -427 -138 887 133 -992 712 -865 50 -977 158 498 -299 581 662 -189 54 546 811 271 -996 -449 845 852 206 -749 -670 812 265 301 -736 826 216 553 535 293 324 -533 -245 839 -516 946 256 713 -254 -354 -455 -354 781 388 140 524 485 178 -60 -877 359 -303 713 -532 661 772 251 -864 -853 -161 -394 -829 -573 -475 947 480 54 -367 -431 740 -348 -21 378 937 -46 -321 -825 -743 576 747 -669 -471 -456 373 -61 -810 -155 -937 463 201 727 -523 584 -848 -345 -362 913 448 190 -988 591 -762 188 947 561 -264 572 -722 -250 -195 -32 138 36 -511 594 -763 -38 702 432 608 -246 261 534 -951 768 267 -688 -613 -1 -437 -306 346 -859 417 319 -701 -332 224
1 365 -704 551 644 809 233 -431 157 -819 337 710 730 -391 -290 -4 523 290 -451 -646 850 -234 469 -138 109 186 -38 -491 -685 -366 601 -134 823 758 149 -149 145 588 313 -919 -262 -171 -549 -27 395 763 312 -873 -483 452 -795 -921 -466 983 -318 -585 -666 -540 -498 923 -192 -880 -553 525 607 285 559 -113 250 452 -218 302 -565 355 887 167 596 -526 -267 -435 340 -794 -217 603 330 313 -70 -851 -257 -736 -227 -850 -909 327 195 -408 -373 141 -212 -634 869 405 622 -836 -227 656 -365 89 -738 -150 -613 76 -371 -52 -811 -858 -102 -347 864 367 -730 851 537 -298 -677 -167 130 -504 805 431 582 207 -317 -157 385 955 -851 580 931 -1 -195 841 559 -295 598 -800 679 702 678 -925 931 -465 -827 -150 -757 -204 -942 -901 -606 -506 688 -600 -981 467 -497 -762 704 -412 -670 362 225 -91 -584 -154 -51 314 873 -895 -798 927 663 -954 -228 -971 -752 -307 969 188 969 437 936 -226 129 376 -35 672 -777 -122 -188 28
24 -751 633 -808 -165 793 971 985 437 -674 861 -18 -422 -567 -94 872 -884 -9 -712 774 -910 38 832 365 -806 107 -206 -650 -291 442 -141 -376 -674 -834 -459 -914 -830 -675 -594 869 -86 835 -978 -104 91 617 698 -906 799 382 -345 593 -389 903 505 -55 117 195 -255 -462 255 153 127 -863 -755 -894 -113 503 875 131 835 122 -543 989 110 -817 417 541 -922 -461 419 526 -419 -23 -483 838 860 248 -407 -905 -283 641 -806 298 444 554 -533 -594 831 -356 253 -38 -899 -615 95 614 873 648 -782 -586 -946 388 686 106 848 924 900 -18 791 499 -4 648 132 -320 -924 -716 814 400 677 -23 -946 350 912 -647 253 122 687 -46 -861 997 -708 -425 -32 -952 488 -29 -938 499 353 -359 -761 -230 506 406 746 -917 41 754 -606 -163 -447 -620 -209 677 475 -74 598 449 -889 -317 224 555 -812 914 946 239 536 -104 592 791 -911 -397 711 894 -415 84 -195 675 -47 707 669 -349 -790 -358 326 -473 674 -66 -789 -781
503 -275 646 -883 -469 -425 -114 -989 -472 574 436 77 273 -589 -887 -120 97 294 117 559 471 -26 669 387 478 280 -448 -852 926 271 907 -643 324 -25 346 264 313 183 89 275 -251 -970 364 476 161 -945 141 -164 -507 -211 -542 -110 352 66 940 -355 -414 -730 485 684 446 -696 -698 792 -23 693 -144 606 -870 41 120 -243 -981 928 -345 -647 592 -740 833 251 359 -904 69 -40 -976 386 190 401 305 428 870 253 -644 767 -376 43 -106 257 269 -51 -492 -351 -909 152 -921 56 892 345 -967 -157 -199 -869 -578 -721 -942 -178 147 -87 -20 -995 16 390 -861 -279 -670 301 -65 -461 -101 -774 -755 124 -320 -129 -449 771 532 153 -466 471 507 -157 -742 312 -207 -766 -805 -60 -818 -794 485 -249 -199 465 132 865 -81 -645 -146 210 313 -561 -221 924 -793 560 94 231 -411 -495 155 -244 -482 -405 -453 -110 626 737 186 371 198 558 696 260 364 -186 -3 175 -422 -531 -632 601 71 105 -592 -486 269 746 -641 53
635 -389 -565 -334 521 -687 936 669 -449 -878 640 -100 -854 -601 918 846 620 188 -283 908 -383 -333 925 40 45 890 173 -456 -122 79 -722 820 -475 745 -64 -214 -54 419 -250 -666 274 -6 -657 -820 -992 35 126 -548 -733 -381 642 -438 -69 378 876 950 -56 -951 477 -643 405 674 928 927 -136 188 -926 593 144 -205 -240 -744 -859 624 -961 152 -552 8 976 -514 -321 -190 -608 -64 -571 610 512 10 -121 -824 120 469 -997 -507 935 -214 -921 -488 -354 -121 117 403 -146 389 339 400 454 -6 53 -455 -645 -240 515 -747 869 -791 362 158 -714 571 111 111 679 -516 758 -816 338 966 -994 -681 -229 -638 -382 299 -151 -257 -862 90 219 -469 -737 977 405 -405 254 -427 -658 -123 -405 589 -585 -108 -336 339 255 222 764 -700 212 -132 771 -519 -406 949 382 -55 -40 417 221 620 517 581 -566 -964 -953 824 -503 -357 88 195 110 397 651 -784 200 658 -963 -532 -344 482 37 248 487 -640 575 899 746 316 -469 514
-225 115 339 528 -334 -497 983 -254 768 260 -583 945 544 186 -829 -170 -119 -824 861 935 333 -154 -600 -829 746 705 534 -593 594 -284 -476 -697 294 -130 -177 -541 -878 438 -216 -310 641 820 -336 923 -268 31 -954 391 854 784 731 -410 899 323 503 833 373 -449 245 62 -751 -407 486 528 -27 -203 -5 507 353 -610 173 -914 -23 600 320 -434 978 -846 -601 194 828 477 478 55 -335 -956 719 -715 931 159 -722 -289 -40 291 -35 -572 -373 442 -884 717 -752 335 537 -3 -461 -3 -236 850 -399 -631 -288 696 -920 766 259 997 -609 -959 89 651 -538 -713 875 -371 -130 372 96 539 -682 523 -143 477 525 263 -369 130 810 -652 458 925 422 -499 984 -639 630 595 699 -629 141 455 253 368 -247 782 844 134 236 -358 310 237 -480 940 784 95 -169 318 -788 287 509 809 -877 488 -138 -391 -313 628 -457 -640 109 725 77 80 -915 -253 930 -468 -970 -593 -893 759 -320 154 223 -608 -138 93 283 399 -319 -968
-877 -10 76 487 -514 -44 11 336 59 -862 -470 -321 141 9 85 908 -842 396 -960 755 551 -874 -398 759 376 356 -348 -352 -665 469 -811 792 -200 942 -330 -993 642 -135 441 -514 395 803 -589 660 -852 653 241 -667 -68 -471 460 -893 406 742 251 469 -174 951 -102 331 -388 -830 -389 -550 289 -705 -389 -187 38 -449 348 -449 -228 199 -976 -249 -350 -658 -802 -890 22 -988 -8 -772 735 -360 204 -738 147 483 671 -941 -60 -412 719 -907 -887 -131 921 -802 219 -242 -772 580 259 80 -955 342 -731 -503 744 411 -234 926 275 697 -917 445 -160 228 758 448 580 -289 576 -966 117 140 -632 -859 -484 794 981 -20 413 -289 946 -296 -414 790 -641 -529 752 19 623 -511 709 911 530 -1000 40 233 -39 -80 -503 -463 392 -812 -73 -484 -27 -840 -77 193 -646 742 281 -168 619 195 695 334 -363 -557 -406 -809 729 -896 742 -673 795 -368 -708 792 -466 -497 905 867 -223 -587 757 -196 362 304 -441 -364 715 881 135 -521
-297 -104 225 -383 15 551 -626 -623 -787 290 -213 -103 -325 523 -96 813 -382 296 -179 -128 122 125 -198 -62 -482 -883 305 730 -339 -234 -510 518 -192 148 -41 -405 369 314 -220 39 -53 -249 643 -608 345 966 -376 526 641 821 -802 -991 518 -872 -765 -458 -750 117 467 -214 -155 191 -246 -209 688 -11 -438 -204 -330 -638 485 348 548 314 68 556 413 -524 -861 -210 -233 467 -128 -80 363 471 526 -421 -122 -796 56 501 -247 123 168 43 699 -414 -755 818 -758 908 13 -678 -653 695 -69 211 125 937 -95 -620 -818 -646 477 350 46 214 678 -390 -151 709 -495 -410 -708 47 211 -550 -69 -121 -972 -482 201 -633 -287 340 244 -993 -898 784 940 287 -119 308 -178 74 -860 862 545 184 -950 352 507 -56 118 -817 -179 -158 622 -369 -771 162 163 262 -501 665 533 911 956 703 52 801 332 692 490 943 -73 -2 -557 -685 416 -182 753 930 -956 509 -651 192 68 -373 537 -992 -558 14 864 669 -402 -237 -208 -395
-132 837 -190 -194 289 -206 225 502 104 -796 334 602 423 187 599 222 20 331 980 -12 26 228 792 556 936 -51 -369 -693 146 -845 770 -504 -278 909 285 732 649 2 984 544 593 870 -658 323 -168 161 361 -86 524 -615 -831 -420 -510 178 375 -332 -610 96 -785 -88 364 -869 -94 -6 -610 199 76 -176 85 -363 922 497 -579 -934 -35 451 -776 182 -486 -83 -45 628 -354 -454 389 -163 -879 -112 252 -86 906 -326 630 -588 216 775 -523 -317 -847 -214 -239 -776 -21 -122 -138 438 -854 -561 -716 -233 -903 -552 119 -911 836 -404 393 15 955 332 321 -461 -104 816 79 -258 -269 -688 88 102 536 449 514 93 -752 -330 990 519 -213 308 383 -400 -16 -22 177 89 395 -620 -954 981 246 -141 445 -800 -785 877 484 547 695 -319 841 -756 524 701 -550 167 -358 -127 -819 728 605 -528 -47 -977 -607 908 -137 -573 585 -995 -523 -610 -283 601 660 -110 -658 -143 -691 218 -526 -742 -608 -162 71 -814 -809 -662 -334 -881
-430 362 -313 -550 703 -934 472 -731 -299 795 -944 -615 -933 403 -686 955 402 276 374 -835 -290 -940 -132 254 -916 67 309 602 596 830 876 488 36 709 -297 -992 447 706 324 -656 20 486 626 56 -426 26 878 496 -841 -888 665 -974 -341 -789 713 635 962 648 949 -996 -100 -849 712 647 -901 811 603 119 751 947 932 653 -624 952 66 483 -342 434 698 -979 486 403 810 386 -613 440 -730 -569 862 737 953 -717 -910 350 311 181 912 -242 -161 493 -733 2 204 -812 -339 42 467 964 102 186 -347 293 613 -289 -177 -676 537 -525 537 335 978 -471 -765 -199 390 94 -983 -852 -163 -29 66 -633 -143 742 487 -719 709 -204 111 -272 184 -683 644 63 132 -204 -618 26 -441 -517 44 299 198 -281 -835 153 -58 -833 267 -216 641 277 -958 -120 980 -648 -768 -541 639 -330 318 982 506 200 812 -921 -42 -388 530 144 999 -831 -203 188 825 200 716 -120 -466 -388 806 -722 -982 619 447 455 -756 955 -221 332
-500 -624 -863 -137 -658 -888 -362 920 632 -938 -173 -825 -912 611 692 -472 177 -336 -869 -779 -476 -838 668 -789 -541 -334 581 -657 285 399 -46 -92 -220 -450 326 -443 225 557 877 -467 764 -576 -690 -462 -817 647 143 -220 622 -35 -83 -747 197 -588 -266 -498 761 262 -558 219 54 -488 -847 -213 -856 110 122 474 340 822 647 602 -160 -37 -110 768 45 286 -411 -956 483 228 -445 -11 -188 -875 -550 -259 324 255 -928 -981 911 -497 -65 502 880 -727 77 -788 588 -632 -514 158 -666 157 454 -157 -45 19 -328 758 -387 -734 -542 -445 535 -540 895 -93 -896 -145 720 -888 149 372 781 688 -258 -765 -552 -868 806 -543 9 855 -806 102 396 276 492 475 87 716 952 -115 259 86 198 958 -627 541 454 172 -710 790 -202 761 -552 298 620 462 -752 -857 -292 964 -634 -577 -273 647 -587 -167 -115 -582 797 200 232 -640 -213 225 -950 743 484 -466 -62 215 -139 624 -319 565 -195 -153 -199 98 668 545 -612 -599 998 701
144 -185 -776 377 203 -647 236 967 531 102 -983 722 321 -146 -681 -13 -693 310 -655 -484 696 920 368 554 -364 74 944 513 729 -945 437 -314 -755 -473 -125 624 289 957 298 151 202 76 484 -39 -421 358 717 -304 -456 29 -95 -419 695 978 -744 160 -591 115 210 -949 -853 987 379 -938 -46 30 507 -939 -704 -464 -318 865 -656 720 810 139 203 572 -484 -355 -833 953 -136 121 919 724 667 834 -464 868 -951 42 -159 564 323 -857 -153 490 -808 -431 -117 122 863 484 -540 -394 -942 -708 172 -416 -807 556 -414 511 662 644 102 140 -194 -45 -928 -511 877 928 159 470 651 236 -940 771 -444 873 -27 825 -124 -18 -522 -676 237 487 -322 -973 362 852 10 -184 925 748 663 332 -715 677 -706 797 702 823 782 -967 335 647 -585 -160 412 -986 58 379 543 443 -113 652 176 383 -965 -150 -301 -215 235 314 966 212 -711 607 -164 440 157 82 806 -889 605 479 -654 -651 378 -633 19 -88 986 -490 188 -657
-504 220 913 250 910 94 -965 -222 756 -870 -906 -417 -654 -968 -275 677 -751 -490 -653 -623 -422 317 147 349 -163 293 -995 -986 144 798 -474 -586 -329 -99 787 -820 -660 -651 515 -304 -749 112 -74 -854 -817 502 982 -877 64 919 687 497 711 -915 -73 -291 480 550 89 808 -947 536 892 920 389 211 -407 781 -737 955 -997 427 -357 617 714 340 -142 719 -581 -852 24 -649 -745 -945 233 -649 -499 274 -813 272 -839 320 480 863 -950 736 -310 -916 498 -900 -342 924 -493 742 -706 -261 969 234 -792 781 -10 -521 279 151 -300 -422 -413 -739 -197 434 18 -270 658 702 149 -184 -9 -633 964 -935 -83 321 -239 -348 -943 -946 413 -557 959 -865 -124 397 607 -740 53 -670 146 942 652 -657 551 -209 -978 -32 -956 -205 804 -793 39 436 -772 532 194 620 -625 330 853 38 -848 167 -13 -788 428 832 -755 789 894 173 705 165 893 -424 15 339 106 -804 617 -141 -171 506 -470 290 510 140 521 -605 483 846 -849 206
696 150 726 7 -158 634 875 932 -895 836 766 949 52 -505 183 -183 -622 436 -471 518 286 783 206 -238 35 -56 937 -143 -719 -30 -41 847 -102 220 -830 754 542 -206 105 627 -811 -889 216 -849 718 -401 -520 -890 987 227 207 443 645 403 237 170 956 137 177 -496 -309 -200 495 -333 -872 -70 -754 -476 -943 911 115 -570 -303 -654 500 -560 724 -500 132 334 672 -304 860 -449 575 -910 -680 204 90 845 -82 180 -412 668 -403 -619 -417 -743 -933 360 950 918 -401 -929 -561 652 -216 224 -772 -980 -20 327 636 261 209 -43 773 122 -247 -923 -256 -819 333 -501 890 -716 706 -508 374 159 -130 -949 -705 -405 351 787 -539 642 217 451 909 -201 -912 -930 117 842 -799 70 779 402 97 414 872 -904 -923 125 -791 -225 167 439 391 169 469 -256 153 920 809 -313 -496 256 -97 193 -991 -824 842 -848 -960 593 -691 -626 -159 606 817 85 -35 225 -986 -224 -127 -557 602 -767 -852 -908 -454 -175 804 193 499 -174
478 144 562 -299 -295 763 -80 426 869 -201 446 522 204 -629 959 211 -392 -468 -408 -758 -345 397 448 746 545 699 -948 -59 -262 -905 214 796 -928 -718 -279 -58 365 -624 -781 910 -900 -139 -259 -437 -560 -552 141 209 -189 141 -206 32 518 -743 420 -152 211 444 547 -985 991 -50 618 303 712 124 -500 631 -959 -704 -594 -334 -827 233 -287 864 567 -148 688 -513 303 -293 -275 292 522 895 967 514 -29 -363 295 648 -486 912 -632 389 316 -48 -921 107 219 -792 30 48 -545 -830 223 -950 -146 503 -789 -193 -983 -454 -739 219 -892 -760 957 -724 983 -101 -808 -505 932 482 -822 -500 -686 895 45 -713 -946 -265 854 430 817 -665 809 316 -220 -918 -537 51 -564 -312 -134 465 -736 185 -420 286 132 -190 -856 535 16 284 -860 -152 -221 -492 693 872 -718 596 -142 491 -842 461 613 -962 149 262 -660 230 825 668 -943 -194 690 688 3 991 999 -394 -612 -380 -962 -918 863 -332 864 80 -142 524 960 74 -713 -951
270 -20 -237 -886 -283 -544 -458 -990 485 -849 -7 -286 161 -383 885 868 -715 -732 110 332 550 -852 -713 489 162 -437 122 113 -958 478 297 -544 -754 -478 -931 -394 235 3 984 940 62 701 -237 518 667 -822 -844 -486 -726 -623 -666 -378 315 -243 478 -1 895 736 -842 -570 663 -689 -423 -123 590 349 -308 -544 69 -555 942 106 260 15 -454 921 -367 775 573 247 -928 -615 -344 455 323 -726 723 677 -851 201 20 -766 -979 643 732 696 796 742 86 974 937 -659 317 -293 -234 -212 -380 461 565 -555 58 299 64 -592 995 -849 888 -832 -647 77 -912 -955 -506 -109 910 792 708 -416 626 2 341 -39 -829 650 -898 464 -360 870 33 665 729 208 823 364 648 670 -395 501 92 -617 427 -957 788 -638 215 371 338 -7 -574 690 476 873 952 238 49 733 250 912 299 -496 497 982 -304 -233 -875 903 -861 341 -118 -108 -597 962 -942 187 -478 -125 430 292 866 706 44 -630 939 325 -194 -57 810 608 722 85
777 618 166 -677 -665 80 -460 954 409 -827 -283 150 374 297 -103 547 -266 -769 -608 360 -53 -885 429 331 -738 69 -425 -881 -170 909 -521 -412 198 324 -604 782 -230 882 791 352 -497 213 448 -102 -961 372 -924 -559 293 -193 -833 -394 -743 389 -168 444 753 31 0 -73 849 581 304 -596 -471 783 -310 88 -975 451 -375 -637 937 -740 247 -33 -79 364 -816 -728 -946 575 314 -492 171 -879 -983 222 21 -23 -777 -427 -314 773 -117 -402 -955 -220 -522 -209 -117 851 -875 179 947 122 44 467 692 -593 -320 -547 462 226 264 -534 -818 759 124 699 -562 842 -241 38 -920 -516 -31 -187 -912 -568 619 45 -915 666 635 -643 470 -706 -364 -941 910 705 577 34 961 138 696 684 -853 331 197 377 844 308 113 830 -149 -127 905 663 -685 -330 20 11 530 911 -515 -228 -182 -188 386 131 554 562 912 477 947 908 551 731 406 -754 921 -143 -659 798 -864 15 498 361 -727 -474 -576 -152 -208 -32 663 -397 813 -50
281 -769 -671 -111 -434 220 -418 951 -209 877 -517 857 918 787 535 -247 -55 533 -185 166 -334 -107 -433 -960 -220 350 851 -807 36 843 -178 599 -894 914 589 958 -324 487 -742 -42 -811 400 560 -148 -857 -265 -56 409 469 573 -115 271 -507 857 656 -685 -472 343 -163 -614 191 117 791 -630 -525 251 -484 742 913 802 8 172 678 -161 149 826 856 -838 10 -697 974 -548 -200 -897 -323 -833 -660 218 115 -696 551 -493 -199 199 967 -47 -749 124 902 -574 -179 469 -591 -928 -954 -845 -573 -869 -658 663 -258 -286 -834 -832 694 -659 -582 -455 -426 -642 -173 -341 -130 -458 424 -831 888 -853 -88 298 -463 397 531 -381 865 -207 625 523 -171 875 -706 -236 47 617 -388 -333 -113 -307 309 233 127 0 -700 863 -346 -447 -824 429 563 -277 742 379 423 330 256 910 -847 -206 876 -764 -107 -650 711 -96 869 741 411 67 -172 -379 384 552 723 -516 413 878 -288 -524 672 248 -887 148 -100 -494 502 -483 978 62 -353 811
-345 -896 110 977 -361 -864 -857 -894 735 -887 -163 -976 -565 -28 -620 313 971 601 505 930 -187 -240 -368 36 585 -292 -587 476 -97 -780 176 -349 -301 471 368 23 28 486 -970 -678 -256 -136 635 -191 373 660 886 -330 897 -759 413 -347 -432 179 -465 -867 980 -391 544 222 -835 -775 926 -23 662 -430 -968 228 738 908 -444 -186 819 223 922 -734 294 -213 -885 -930 398 -887 -577 -396 -64 729 38 -433 -954 688 -44 768 454 956 721 -424 230 601 577 -28 231 -973 743 -584 7 835 55 255 -24 -629 -672 -156 236 29 181 689 -14 320 963 359 -984 696 912 -679 -621 608 -975 985 -458 403 873 989 -190 -758 362 9 292 833 247 -910 661 -670 -307 610 83 -876 -594 -298 449 578 521 128 -196 577 382 563 110 485 590 388 -510 -354 -309 -376 -297 -574 -728 -770 609 -442 99 121 243 557 -196 501 319 125 -447 -144 73 -638 895 -65 -371 -9 408 -423 -517 315 -186 6 253 29 983 -334 848 -388 -927 -816
705 -959 481 288 -795 -559 460 623 -919 -296 283 -109 216 879 -342 -122 -400 465 590 -766 -413 307 915 402 481 809 -954 935 -372 -556 -368 983 361 -575 646 315 -736 920 878 491 92 -519 580 715 -455 -980 -975 -900 680 567 -720 -132 -123 496 -209 679 69 665 -101 -863 972 -584 187 -862 762 23 -32 -409 580 973 -314 -722 689 -249 495 939 -548 731 891 566 -723 -568 929 -539 395 602 -84 -800 -977 98 88 -239 169 167 -232 364 -218 -544 -572 -892 -472 802 196 -601 182 102 370 117 -892 -996 124 -735 -390 -907 -602 -152 -353 -122 581 869 879 203 -463 223 179 34 706 -227 -103 731 377 -521 -882 -501 270 -660 352 239 -431 646 763 519 248 -997 -650 749 168 -791 -832 479 850 -2 843 581 -336 66 -710 -413 -990 719 142 826 -976 -940 -632 -719 430 -562 -129 -13 795 -769 -720 138 997 -461 406 4 -158 -849 744 720 -535 77 739 -899 -649 233 -364 -601 812 834 -673 101 -243 261 -113 241 -759 -627
812 -4 839 -569 95 -760 723 8 185 -82 831 -79 485 737 -172 -980 -88 -457 -142 -296 -675 436 -637 615 305 295 12 -597 -93 -440 -614 -111 507 -972 878 397 -77 595 -667 -706 -703 -52 759 -291 -255 141 -217 453 436 -958 146 347 -972 617 613 263 -48 -902 237 241 96 301 -684 -309 -517 754 582 661 15 -63 184 -209 -664 -191 340 -530 576 289 -104 -714 731 -477 743 454 -372 191 295 -921 -356 959 -701 375 -951 191 423 -47 -553 -837 532 -612 192 -837 739 -369 164 216 569 196 -249 5 -546 -146 93 84 618 -655 -634 -58 806 710 849 20 -383 304 -581 769 -900 207 76 756 986 941 948 282 -93 -809 80 -996 725 -644 -596 -64 -304 -172 533 -618 84 -883 517 121 290 464 -302 -944 -691 891 167 282 384 877 886 679 441 -498 -476 -96 299 982 -575 -645 -186 -698 -14 998 -943 -560 -524 332 -145 721 295 291 -793 -497 209 295 -183 464 402 -949 1 401 944 872 -267 74 678 -583 510 831
120 375 -276 678 -223 242 646 557 251 -286 -937 539 -899 -390 -567 -430 836 773 -624 -388 -157 -114 614 409 97 924 528 873 -495 -39 887 -314 -115 -792 295 -633 322 104 12 -208 -124 -382 -698 -885 858 -612 -834 -439 -887 -853 -65 -276 -770 -669 -791 370 -753 -566 341 -74 586 841 218 879 -156 -436 21 -107 -195 994 381 965 58 -639 24 -613 -668 240 216 585 882 763 -794 64 328 711 413 560 509 -475 -790 13 -990 927 785 -387 605 297 -209 978 -542 -695 543 23 -674 102 513 403 -88 -464 -455 -192 -837 221 335 -364 -126 914 563 712 -627 51 -382 -392 -310 651 -962 470 341 77 -286 579 954 173 831 -595 675 930 538 584 736 -466 925 -584 582 500 463 118 182 857 -405 780 933 707 118 -575 -648 219 594 658 -145 -392 963 -111 88 169 517 -151 290 255 316 583 -57 826 -660 289 586 -669 602 265 627 769 42 -431 396 312 530 -376 -942 185 131 221 -232 -425 -567 9 -249 319 -217 -775
-418 -594 -527 -745 121 378 -803 671 781 623 803 -667 -490 279 751 -539 -11 -846 72 -893 -293 282 227 -145 -985 797 614 -573 790 -353 970 -110 971 -298 -685 813 -972 525 628 -646 610 986 899 -850 535 156 246 730 260 -901 -986 133 -163 902 -710 -819 736 -732 536 575 778 169 -686 755 698 -915 333 -347 24 247 -881 392 -376 188 -534 848 -456 -497 767 532 770 426 711 -543 -786 804 341 -936 -838 -169 310 -780 -563 -143 -330 -995 -553 647 743 758 999 -784 -933 -650 -707 121 -489 823 58 381 -946 636 -985 257 -489 954 -624 -277 214 -948 -397 -430 789 -688 262 817 982 -585 576 396 -574 -551 660 92 -408 440 562 590 -291 518 946 654 -358 -307 -890 -659 -608 508 -270 693 -46 662 -669 787 56 -735 901 -368 762 -776 170 -626 -561 363 138 -99 386 527 -918 834 -755 306 -169 -200 372 941 -760 759 336 -958 -890 -750 833 224 -823 191 836 -932 -547 322 -189 -896 14 -396 -634 -376 578 -494 475 920
-920 -127 800 -453 596 184 -112 -570 -539 -393 104 61 111 -866 800 769 114 -737 -277 -504 427 963 -911 -178 -170 901 503 604 405 -278 -398 163 -475 276 -647 -134 -848 -990 466 -544 -960 157 644 -649 -873 592 434 487 552 486 857 -295 -200 910 -554 -450 -649 -885 -576 -614 88 -236 -567 -784 418 -725 501 -576 275 334 -984 -450 -573 -576 328 -539 139 -181 843 651 662 -281 268 242 -789 171 257 990 -48 547 752 -529 -304 994 -617 -784 -803 231 -266 -456 945 -757 -984 904 530 102 648 -9 -91 917 881 -839 -604 -391 411 -259 95 -663 -881 656 -168 -783 -212 -415 789 92 -793 -827 -619 665 465 823 318 285 -699 -141 -669 46 398 967 -650 -355 -276 -392 561 389 -233 666 -47 -179 896 246 -940 -984 -994 965 943 -77 -639 154 -739 268 831 -458 407 -843 121 864 -311 -881 -336 -986 -501 666 -9 846 -101 951 -170 -357 -947 -988 808 1 704 522 642 29 459 649 334 -20 16 -815 51 399 -50 736 -808 816
-309 -89 -791 -372 -660 989 704 477 35 -551 -668 584 369 166 844 862 667 788 344 626 354 244 144 -697 212 -953 259 -781 -761 217 -246 814 -270 385 444 -15 766 613 902 -251 -826 -930 -722 -857 253 105 -272 8 695 -301 -620 126 991 -305 411 -616 881 -227 7 -457 236 999 558 -440 342 664 -74 244 -442 7 637 831 333 879 -825 954 -927 19 -189 651 425 94 884 93 191 -771 -349 678 63 -720 581 -528 395 39 -760 -559 564 -197 -976 949 591 161 -726 432 92 -285 548 -414 -94 106 64 687 4 -505 -204 143 223 543 28 852 -272 261 725 -555 -461 -882 672 -724 19 -554 -668 -441 -501 844 -315 188 -682 97 472 510 -297 -931 98 857 -408 -944 -633 13 -809 892 -137 867 152 596 660 -492 394 -242 335 -588 693 -519 -674 985 261 356 685 -877 354 663 -439 377 918 -526 520 280 23 938 -534 906 -669 541 767 128 -186 -223 211 738 663 -256 -337 892 -643 -469 747 -928 -587 456 238 -46
483 -192 413 -936 -647 472 -882 484 110 -807 -778 554 55 -420 -130 692 -847 -594 -890 643 -542 -100 521 -681 -51 775 927 -349 -100 774 6 -563 156 3 -920 -979 -877 -684 212 -536 609 889 724 -417 101 -579 -145 542 -20 269 293 836 -275 611 -637 -809 -865 44 -229 -989 -586 754 -612 -912 -658 -220 -183 634 72 -445 -675 42 94 -309 -995 -975 -890 626 453 497 969 798 425 -302 -857 -827 975 -590 -284 955 626 68 513 580 117 105 -155 -454 902 121 937 52 -503 -74 -925 531 -102 494 -61 69 906 -806 -641 -416 698 301 145 61 -509 223 206 -8 319 251 -199 -834 972 887 -836 206 -127 -120 683 -195 797 -923 176 -114 115 -241 -888 408 335 363 962 -753 101 315 987 167 -479 -504 840 -989 430 797 124 689 -763 905 825 -735 440 821 568 -11 763 -994 452 -966 458 728 -470 260 735 -158 369 538 -610 55 -762 -219 306 920 58 244 -562 968 -697 817 5 -262 495 -555 809 -378 -61 -4 -977 -887
585 -922 393 121 863 406 -996 838 -859 303 294 310 850 -107 731 -288 659 -590 176 -591 -756 -779 131 -519 -288 309 -490 -479 -409 529 -726 142 -660 -22 456 245 -348 902 497 -619 577 391 -805 822 -666 22 -569 -744 -622 -544 147 841 -900 -502 -545 -301 912 505 -776 2 -841 -301 654 409 695 135 689 -582 438 -359 434 806 -392 -42 955 101 115 109 -785 -409 -517 508 -718 313 583 -703 122 977 466 727 427 -758 -122 -32 -703 226 -57 -595 -27 831 29 107 -374 -456 73 -546 695 -381 -236 760 792 281 -858 -641 -21 944 -639 -94 393 -544 671 -710 789 -219 -391 -883 -872 913 -777 700 611 -841 -237 291 -599 215 -825 356 -211 -276 342 -830 445 -651 283 659 -937 416 -459 -941 -311 -203 -421 -18 38 -682 -356 550 -45 -638 59 317 -278 748 810 -253 -891 617 -772 933 42 350 -542 507 -22 -238 -73 -202 582 -143 -739 214 -394 -276 944 976 -632 -249 -804 -805 246 -267 804 -532 -576 -472 934 -671 784 245
45 -562 -803 -537 394 -674 44 701 281 -740 397 -414 551 -651 781 440 -392 -900 193 675 -230 -954 -783 -89 569 919 -41 -115 600 671 -532 921 -47 -312 -853 802 764 -395 -726 98 800 551 -225 -206 456 -970 901 462 220 269 -607 -154 236 -322 -582 -100 -977 854 -721 -438 662 -468 678 831 659 -869 71 -835 66 -710 948 478 353 -488 -450 -652 953 922 -90 817 -929 887 36 -70 928 612 -913 -992 -424 279 -660 516 48 -324 558 -305 -353 60 890 697 -334 72 522 422 364 -743 -339 534 144 -714 275 549 308 -46 116 -940 187 -850 -935 548 386 -89 -693 878 431 -161 214 679 -407 723 754 -471 226 542 -337 -883 186 -585 -678 448 280 915 402 244 484 -193 20 851 -709 -212 -895 -448 721 -836 222 -192 958 962 -837 297 -372 -952 -635 -303 905 532 59 85 875 -93 658 267 -178 272 -566 182 -12 -108 679 113 792 -848 203 996 -850 -164 136 -329 522 867 717 -937 573 328 783 762 162 -490 -849 384
-324 792 430 258 -80 -635 748 -302 -220 590 818 -27 -397 -26 385 -113 769 -721 -255 -844 -641 931 564 222 -868 343 697 -564 677 244 -256 -151 648 562 9 754 20 -252 396 -344 -400 650 -876 -139 91 -428 -394 341 273 307 -650 -265 -615 963 -756 686 320 -522 752 -502 547 799 0 -269 -431 -654 19 271 343 151 526 -158 484 805 -656 -62 834 -964 856 758 806 -968 853 -681 -959 147 -221 754 -788 380 917 -685 55 335 -54 912 -98 237 718 -471 -434 312 -479 -774 -576 473 473 36 772 345 483 -606 -165 606 929 -355 773 88 30 -139 138 317 -333 749 387 -862 -812 909 -316 97 267 176 652 327 -94 -460 -458 491 731 816 473 -526 666 -534 405 -665 -363 -805 173 -139 600 -200 -165 -412 -262 911 313 -348 -454 -494 -361 -720 -352 -575 -552 -440 -335 723 -858 -725 -749 277 -214 -965 973 446 88 -719 -260 777 -842 674 -479 851 571 -773 931 -778 608 938 792 24 -254 -553 363 -126 692 154 -40 854
412 -87 708 150 19 -486 864 -891 -933 265 726 234 -687 -493 88 -798 -398 -608 -570 129 116 -704 -736 -779 -125 337 -150 -264 -717 -387 118 -71 331 -41 308 629 118 418 146 187 -518 296 962 373 -724 560 159 599 338 -121 -576 357 228 -530 430 139 -384 102 156 792 239 745 0 -439 -921 -695 299 -11 926 153 130 29 -198 -690 -35 -702 173 -114 686 822 -563 105 -235 951 238 399 -526 154 260 400 193 -597 -210 -620 -464 916 877 -574 -270 -286 -880 566 943 967 -656 -387 923 -612 897 -976 630 435 395 -751 -21 99 878 -388 -599 834 -991 889 -794 -623 354 -670 -507 -889 382 364 -335 118 140 -186 -302 -67 -55 -17 293 901 -97 -894 367 587 -130 37 -508 148 -584 -11 -446 -345 410 814 -878 -405 -543 794 -230 54 884 433 -923 947 -384 -607 -934 -452 -917 570 369 -474 -688 -104 -894 -726 -590 -890 118 -599 40 -167 401 -706 807 376 -956 643 -664 606 -710 740 -529 866 852 552 908 349 -811 -711
-164 -57 -91 -459 705 321 994 395 215 -332 -785 363 -409 -599 614 767 577 -468 -741 761 524 -182 951 -197 881 757 3 390 -192 0 -404 -723 957 -13 282 -464 938 -361 -38 586 -169 832 931 536 -330 -550 120 203 -300 975 -652 -171 -114 544 -539 -886 -114 -862 -466 -552 -122 -297 -693 379 -301 -838 402 828 408 668 -87 257 966 -433 -286 -744 -436 -361 -921 -381 -342 -979 709 695 970 -496 -35 292 682 -958 911 -123 -560 678 -128 439 192 377 91 -180 864 197 -255 939 204 -16 -600 -413 363 686 812 -748 9 157 191 -873 -289 201 -818 779 -657 -309 719 -310 747 53 334 974 924 -80 -763 -150 -652 -988 -986 783 69 91 -759 729 827 -964 757 -331 3 -286 -999 803 377 -911 -544 -565 -445 465 915 -849 993 542 -695 -580 -146 463 -873 -827 -1000 532 551 587 596 -589 939 161 527 407 -343 663 471 438 -857 813 140 962 -721 928 -632 -359 366 8 451 170 971 473 133 -625 485 -791 530 -114 664 335
-876 -144 -936 -434 -365 -792 -399 -639 -181 -267 712 190 -622 -407 -975 859 -450 -381 -72 400 784 -281 -65 -145 -979 179 936 -338 -617 -838 -344 155 -167 -574 952 481 81 265 879 -258 -364 -400 -52 378 779 -948 -194 978 14 -363 -284 -600 -394 664 695 -883 -212 -818 -989 -226 914 -788 819 701 -921 472 -528 33 -914 -90 -214 -756 -848 952 971 173 -108 -139 441 -503 -425 290 -321 -905 -701 237 -542 239 -102 334 -447 241 586 -237 -965 846 -667 431 801 -291 139 -791 -10 -68 758 -926 33 -646 790 521 199 -583 -988 673 961 615 -984 -101 328 -495 -880 985 -174 -181 -673 -303 -294 979 -326 687 -586 244 268 169 -387 -238 340 -16 -686 813 545 826 815 -92 194 -200 -884 -701 -44 -648 -293 -90 297 525 55 927 -296 -131 751 -934 -261 -587 905 588 -579 -284 387 443 -457 718 -637 -754 721 -180 616 48 203 464 924 -434 704 -201 -100 913 -860 363 613 -929 910 691 632 -899 839 -795 775 -123 295 -407 -80 769
591 299 823 750 58 -376 -162 -203 -118 -102 -414 -627 -137 -78 923 -260 794 -885 -302 804 -447 -233 313 57 -608 -371 -289 -895 -133 -681 -796 267 -583 -139 789 572 980 -127 43 -975 625 141 -184 115 -661 183 159 635 404 -159 -930 972 607 -190 443 -544 -355 -611 -353 492 738 375 -260 635 957 -834 615 -357 -923 -202 670 -298 -848 -908 -744 -326 322 619 -406 -429 202 444 -910 786 -240 107 -833 604 952 459 -987 -745 -953 644 97 277 643 969 152 -961 -537 179 -821 91 875 534 -882 737 603 -844 -172 -653 720 -33 -548 180 789 949 570 -802 -27 245 -137 302 -942 602 126 286 -583 -799 326 347 -264 -193 -167 815 232 359 621 -350 -793 -428 873 -735 -531 -353 858 -139 776 -120 -81 969 601 -35 352 878 229 -943 207 901 552 607 -828 983 104 549 -203 -994 -974 -245 803 -120 -347 741 785 -929 985 520 157 -797 721 862 -227 550 -242 844 495 46 47 -929 396 -171 256 -291 -224 -263 165 -410 -939 -868
326 -774 -332 -797 692 247 -965 -631 -668 -638 337 233 772 -883 -6 486 -290 664 641 103 979 -608 985 50 -348 134 394 -829 -280 688 -623 973 -52 939 -922 936 946 365 -956 -145 -958 646 748 -475 417 461 493 478 700 101 -597 -253 -2 226 -772 -908 187 -672 -124 791 130 -655 902 451 599 -725 958 -117 465 -464 462 435 16 156 107 -853 -789 303 -356 -789 779 740 655 135 79 -412 154 147 905 45 439 -496 -704 725 -802 -608 1 -717 14 -577 -501 756 781 -77 159 -694 -492 -447 590 8 4 854 -906 -571 -979 252 -913 -797 171 -29 455 830 -788 829 -554 367 -793 78 773 648 255 -800 -203 350 871 104 394 -331 -890 -128 -865 865 -605 135 392 -666 -769 -920 -620 548 -795 75 -131 -54 622 -613 337 -798 -904 -673 -673 701 -736 835 472 552 686 221 846 328 180 749 -471 -824 -595 -837 -87 336 677 738 272 969 -53 717 -14 445 -44 958 -367 780 709 391 -910 248 52 169 -684 -484 984 944
-731 -97 -898 -628 -153 -685 -592 423 -110 0 800 -266 -617 977 -425 674 55 -452 -773 -230 -102 261 256 -651 477 387 -551 -254 -498 -518 -482 80 -373 88 -890 487 861 848 852 49 851 -728 500 -622 444 936 -59 -689 -918 199 403 405 656 -324 -262 809 810 346 -974 1 -597 887 -745 221 -965 -556 943 -344 -405 -308 794 478 565 772 517 996 8 -835 -907 -139 -696 -55 -167 -260 544 538 -63 810 640 474 861 560 -861 489 42 -11 -339 998 772 664 829 -364 -33 -693 -514 407 -654 340 -281 -240 962 -136 12 960 637 -437 222 531 -387 310 664 198 729 816 -914 161 286 944 712 -809 -930 303 -739 -382 347 -80 -14 -84 -17 -563 -823 -461 -180 237 217 256 -606 -854 144 430 -30 515 -869 -358 424 534 -100 262 993 -650 480 607 398 -318 504 -251 -356 -838 -204 -797 -926 -815 -539 669 671 764 131 833 -556 968 711 552 399 -673 247 -256 842 220 -632 -291 -306 -100 664 78 -978 442 995 -159 936 -992
822 -846 -10 167 285 -951 -871 238 425 -57 77 -348 -333 98 817 258 356 -40 875 -431 167 -331 443 -628 -403 503 -308 -824 -466 40 -172 378 316 -245 732 117 -686 731 471 -880 108 -363 740 130 -601 -667 -223 595 -86 -127 516 -634 -59 -572 628 473 109 -931 -213 -596 -127 -414 889 340 -948 433 738 -638 454 -163 773 766 433 233 -278 446 -502 338 -975 -147 -607 -13 -556 -214 -449 668 -1000 120 -45 490 921 522 -893 338 -94 410 -223 -625 802 351 -826 -373 -118 829 -741 -493 -360 407 -644 -429 598 -581 -732 407 -388 -202 -991 -266 352 677 -563 522 -399 343 53 -965 320 -2 -430 -668 455 19 -657 -986 -835 -597 -352 150 -36 -602 786 409 365 -321 459 949 360 938 18 -947 764 -652 930 -625 805 466 401 397 -746 464 -67 420 372 711 277 124 -168 330 777 -402 730 -170 946 588 147 757 -186 -545 915 -176 8 -450 -243 -820 -841 -321 -410 -454 835 42 46 31 -661 404 -475 -610 665 -573 233 797
-191 -334 -627 781 -140 -732 875 534 718 -597 191 -742 -782 558 743 -544 -123 540 739 -422 169 383 -166 541 594 -45 -787 -421 451 -334 -751 -778 860 774 844 933 27 352 182 -251 564 -86 -126 -781 -741 -454 986 355 760 -140 -434 -778 -131 543 -260 -988 -815 -268 29 74 -738 -418 407 -401 60 301 243 851 -724 510 -777 -251 -483 398 -158 -979 745 -806 -742 174 -826 -980 -374 857 197 684 249 -597 -822 796 -729 370 -185 455 -606 -433 -865 -317 -904 395 -473 612 414 -60 124 928 -822 272 709 470 -749 -73 285 406 -665 -149 560 558 -623 715 829 -428 -776 -582 833 855 -261 754 -685 -212 -705 -885 -841 915 -7 759 116 358 302 362 -769 -668 772 -966 -819 -299 -514 109 816 607 632 833 552 21 621 -756 -632 -616 -303 -690 254 987 -210 -469 -162 -226 -580 439 -757 -340 723 660 -946 708 -101 -599 888 543 -885 169 -113 -426 380 145 28 495 -905 -528 99 515 -863 508 -263 -493 781 -971 537 228 417 -333
53 566 236 694 886 -109 462 958 -597 29 645 -837 826 416 288 606 256 -993 -879 -474 -874 52 667 817 -136 -783 818 -915 864 656 -120 692 -738 626 353 807 -307 -24 425 -300 196 177 913 458 981 277 615 -740 102 690 -213 -72 -168 -263 179 -512 304 -661 -463 979 296 -598 243 982 -482 -281 -103 661 -194 109 427 -628 -894 -103 -916 -451 510 -788 -524 478 -57 337 -386 861 662 942 990 -440 36 274 -874 615 -899 20 -549 -973 802 278 -221 -46 -756 -934 -876 592 764 -205 -456 -268 -956 55 -506 128 378 640 409 -41 204 18 366 -328 -845 345 -649 -962 -315 -662 872 952 732 500 -812 -555 253 -84 -51 -211 -865 -139 428 -70 -480 -329 749 736 20 988 -765 -503 589 287 904 243 803 610 -779 -594 -87 631 -142 -206 -161 -560 529 304 -10 333 695 -939 603 -590 234 -252 543 454 -422 952 -15 301 268 -909 -463 -813 261 322 167 811 -434 -102 3 -69 -120 311 775 939 71 -757 951 -503 512 -182
42 -347 -63 -317 516 -347 664 191 -725 332 636 -536 -542 -690 218 997 586 244 549 605 -91 -633 -654 975 491 30 -512 19 -219 662 -264 -115 59 279 -521 841 -582 -588 -880 -310 -247 -879 808 -900 629 403 897 -232 -47 84 -306 345 938 134 997 96 -109 -255 -293 -962 -762 -93 28 918 361 -473 682 -458 902 637 -826 98 750 774 85 -326 -983 609 -29 -144 493 -158 -826 -793 885 -409 -77 -846 -925 -268 164 -670 -198 319 -319 854 -560 30 722 451 -267 366 -676 -429 -903 -261 283 -126 468 585 726 -936 480 -897 -973 715 -572 -845 -685 -143 277 -305 -775 983 -394 -282 116 -398 364 285 -672 935 -989 -381 889 446 -234 430 402 -238 484 96 -115 -840 -248 -498 -105 590 276 827 766 -867 777 909 461 -87 -79 294 653 -374 883 -135 -221 -96 75 2 -779 -938 768 458 -841 -468 -317 -151 619 -779 -65 -648 -24 398 -494 773 940 282 -802 -776 -3 202 -669 798 175 964 -429 956 -855 -242 758 -465 195 -291
566 112 -429 756 687 -749 222 -838 -936 -332 208 -240 -179 -415 496 625 480 269 281 438 542 -605 964 610 310 -829 -479 -971 -612 353 752 577 -422 -864 -93 -951 -221 -517 -363 649 -837 485 -640 -838 -786 152 -385 253 44 540 -574 -776 -50 553 872 -775 -289 343 -996 212 843 830 -451 624 -662 -333 807 -730 488 -673 260 846 -375 -647 -21 414 436 -395 -901 -681 -981 328 230 914 -451 163 -796 395 -29 -868 -287 303 -27 145 346 -490 -252 721 -7 -28 -155 -724 449 -960 221 702 427 310 -860 125 -78 -862 121 -6 -170 -311 -496 793 598 452 677 954 -761 853 -903 -509 -552 -513 -237 -550 852 -921 -349 141 498 316 194 408 -437 91 -614 -557 707 -996 877 -836 391 -443 638 611 977 846 -289 941 -731 270 -387 -120 -766 -410 881 -875 817 -247 -369 903 -433 420 363 -222 586 113 988 25 624 -846 -137 -443 -702 164 -44 927 -720 115 -813 730 626 851 -187 2 -528 301 -428 342 -99 465 -620 -301 652 -921
992 -556 -274 -900 -192 953 663 -376 879 -979 517 146 95 760 615 -991 487 617 -803 -734 -954 -782 293 -434 -514 20 -981 -487 875 884 -392 898 -830 21 342 121 882 -107 -595 -416 -578 785 -960 -182 -466 613 -312 -47 -836 162 -45 -676 968 -245 865 -685 313 703 -377 -177 27 -55 631 -518 -614 768 -932 -390 -52 653 -339 629 -384 721 -828 -450 -703 464 124 -882 242 629 -512 316 668 437 204 580 -925 -500 -546 473 -419 306 15 -741 916 -315 259 343 -97 -770 351 -920 819 311 798 205 586 -137 370 -997 802 39 -363 218 -764 523 -443 -813 -347 -46 62 918 218 476 -122 73 670 152 986 -950 -349 457 -265 -544 159 874 522 -227 -697 -598 621 -405 206 592 756 -901 -292 73 -18 -432 -556 -238 217 -627 702 -751 -796 -465 -547 991 -716 162 671 -40 510 -794 -549 -910 515 884 8 -863 -528 -395 -43 -41 639 68 32 -542 -449 -789 -514 -105 840 -463 -782 -638 -532 53 931 236 329 199 666 923 -70 581
-90 515 -604 -117 847 548 302 218 817 -787 36 -565 -585 -221 -107 998 176 -321 -432 51 137 144 768 -901 132 -98 508 -964 -445 -963 -266 -106 -742 217 -505 173 307 160 230 -810 -620 -914 888 -221 -952 -185 569 312 -989 118 -708 -74 -385 -179 -402 -579 884 425 -342 -729 756 107 109 -508 234 -26 -403 -931 -553 308 -387 179 -682 392 671 -42 722 151 698 356 686 267 49 681 134 459 -857 -789 230 -695 -846 -583 157 125 488 -704 -920 22 -4 725 -378 290 597 -476 -115 -880 -98 -903 -19 18 -863 206 856 879 32 477 -827 -187 737 670 200 -423 -582 -438 -903 501 255 206 -447 -534 -830 -244 -757 -745 160 718 618 -986 -219 823 -428 -30 291 -187 -229 441 247 570 426 -697 608 55 519 874 -644 666 279 -677 446 -758 -921 -268 90 -137 -716 -356 -813 537 587 122 196 48 567 493 -75 -178 -958 -480 -898 -833 -997 -851 -388 -51 -438 -651 688 594 -353 649 -378 -745 519 976 919 -343 -238 -248 -964 778
-588 -648 -711 637 -203 41 381 -995 -391 268 -557 153 577 897 -688 205 -514 -209 726 68 326 -804 354 -38 -141 663 -604 797 479 519 488 -615 -51 816 -990 -284 10 -911 34 824 -852 -985 -399 443 906 819 -744 -214 167 780 -830 679 -396 836 933 -520 -630 -176 -589 -275 124 965 302 -332 58 155 -561 -330 319 -367 -735 -878 272 -551 76 411 419 476 -138 -461 -830 751 565 -68 -803 -969 -650 -170 327 -582 -978 -936 -556 812 173 285 -316 -956 -767 -635 -385 450 -299 -656 104 -762 -525 311 947 -311 -701 480 358 -136 340 -583 612 431 -459 244 -313 457 -242 720 233 -95 -466 -599 455 -929 -287 680 -626 101 -744 -539 941 785 61 161 438 -891 126 901 113 303 98 346 -375 450 258 -627 554 566 986 627 160 827 -235 -854 -604 990 -687 -80 -492 556 608 793 734 585 842 -381 -53 -148 -595 -450 367 -398 374 -967 -423 -613 -712 -99 -649 -7 507 857 35 -629 185 499 -878 799 917 -123 -788 705 121 -714
951 -959 314 67 -271 -546 -608 187 726 362 -32 558 -721 -228 -957 -390 -290 -922 882 -524 487 7 291 182 743 -140 -336 -987 77 -100 -217 -486 -5 -814 326 -712 605 -452 9 6 50 -593 12 -347 -786 -200 254 30 126 373 59 -132 12 -377 -432 -170 -316 41 -777 911 -81 -381 -451 103 -510 831 -740 156 -829 978 -458 -529 -7 -836 -99 239 -672 291 -311 -447 152 518 871 273 657 -749 441 743 341 354 124 -421 -187 -706 48 -758 816 -989 585 -53 660 -306 117 -370 288 -830 885 -876 -468 595 -272 -575 705 712 -723 400 948 -514 -861 -690 -218 -326 -503 194 841 428 -177 -140 406 -956 495 -493 -618 -679 -337 34 -972 -733 -531 -634 -546 177 453 -873 -60 775 150 520 96 -807 87 142 -394 -181 493 86 637 667 -653 535 96 -364 16 -231 823 246 -886 -101 32 -383 -793 540 -18 351 -114 515 -97 20 106 29 932 -509 471 141 -498 -211 -425 541 281 -524 771 -287 631 -759 -720 -461 -741 617 -202 -929
-177 2 -300 -886 435 82 -794 -583 963 -231 886 235 467 -142 -818 757 -285 364 803 -381 -622 -953 -16 -992 -142 -365 317 94 573 -52 -731 781 155 -413 -964 -249 657 -904 264 346 -196 -508 -838 -649 -153 -531 -488 438 -562 689 -726 -241 -56 -252 -472 402 334 596 -286 -915 -273 -921 -85 650 734 -983 -107 -685 -1000 681 755 113 -921 -968 694 186 -414 -51 -146 -973 -838 -301 -498 224 394 919 -175 782 731 901 -67 151 929 -329 -283 -185 882 -365 799 -354 641 908 646 -458 70 926 357 34 -788 -595 -828 346 117 480 14 17 299 971 762 -989 724 -274 285 270 570 -658 -598 -989 461 -306 -548 788 -948 -97 -488 303 -685 849 -455 780 -609 -391 340 947 -921 -535 -709 -541 137 -272 -62 567 -984 -991 321 -302 800 -99 199 521 -776 600 45 -975 579 -806 -542 39 -450 241 -778 -507 48 -278 360 408 -501 306 937 215 268 936 -124 -692 -348 686 343 -5 524 -89 824 824 -753 668 -951 -577 -79 428 -678 -397
582 350 629 784 -691 -101 274 972 -21 551 245 255 976 449 144 -167 -234 -447 -417 -797 227 -161 212 -81 -785 825 -609 -430 -65 -665 -464 -860 833 242 -860 283 -322 -566 -575 329 -614 786 -215 737 -483 582 236 3 -607 -78 -852 276 266 -952 -877 614 642 17 955 333 -733 87 31 859 549 -750 455 -390 -366 376 400 414 -952 192 355 652 964 526 485 887 488 -961 -47 475 -183 470 -257 -951 771 -324 478 -294 277 -863 -402 166 625 -644 -238 205 -778 -50 105 -330 -332 -557 59 478 -679 957 364 -279 -215 -619 985 -876 388 510 418 -181 -125 992 118 802 -194 -195 871 440 -13 -735 264 184 -889 -845 -88 339 -164 -357 -196 -730 -506 823 794 128 388 25 -194 -257 -460 -457 -724 -316 -848 -770 -231 -361 -668 969 -732 786 413 194 597 790 -398 -411 -599 -932 315 917 197 -163 940 -456 376 -404 199 457 138 176 295 -711 -73 54 -530 509 560 521 612 739 -43 -179 448 -283 495 72 432 184 -379 762
-968 -34 673 -747 865 -236 -986 -30 -945 998 827 -940 -374 542 316 -245 960 334 -985 -615 928 906 -145 -15 -506 -511 559 515 562 -540 -504 305 172 -445 -502 -322 -52 659 -188 983 321 -409 -306 -450 -625 -523 460 -923 335 632 260 -678 490 134 489 815 472 -767 2 588 -45 948 -18 -15 -838 25 808 -901 375 822 -560 -838 -600 514 34 328 547 815 -306 54 -573 -944 2 716 -767 -290 670 -365 660 -119 331 -289 -742 300 -524 -953 454 175 -110 560 -742 739 364 868 310 -49 -715 -217 -487 -764 804 -738 -708 -592 -59 -702 359 697 -244 -660 595 940 92 689 466 -538 265 352 -204 -16 -377 -185 -945 602 819 -310 706 204 -296 -932 657 368 -778 629 -378 382 -192 -346 -358 -830 742 156 499 987 -851 -66 -173 80 -568 202 650 954 406 695 783 -333 -447 -745 -144 -692 871 -776 -896 323 575 -421 -445 562 541 -880 358 451 -196 -297 175 -841 -425 -129 399 -753 935 415 -883 135 -261 -916 -498 -516 -44 207
-399 710 -778 706 507 777 59 -725 378 463 -460 -498 498 -138 593 -544 -635 430 801 985 -45 850 556 260 -913 -357 74 -159 625 -693 -993 -534 956 -212 -893 593 -136 10 -894 -799 64 -735 -116 -242 687 -240 820 952 -535 391 915 328 -223 -995 -683 -201 -253 -395 192 248 907 -574 -820 957 -495 -762 -792 910 -993 -778 657 -983 -970 338 -924 951 781 -371 -631 -578 39 563 250 561 48 795 -992 191 662 -985 456 239 -335 -746 836 -720 378 424 27 228 -112 -209 502 -693 18 -912 -62 -438 811 -775 44 602 -512 -18 -694 -433 409 570 -886 -512 -521 -634 385 -719 -369 567 16 780 332 431 287 518 -447 -819 -809 441 558 552 -198 -796 -361 -387 -5 -877 -304 -747 447 240 -156 -343 -696 -566 -261 -866 549 110 812 -989 297 -275 -748 -83 965 -174 184 -24 783 -852 946 525 998 699 194 -568 267 -421 -833 249 -953 -279 667 152 94 58 47 85 -774 -901 -785 259 976 810 736 994 281 -783 7 -234 396 772
230 -106 -57 653 -310 -441 -644 746 -13 -763 552 52 815 466 570 999 787 -335 868 -820 926 -510 215 -961 568 -246 -352 130 -119 303 244 -245 117 -224 -135 -656 -56 -573 -406 -828 774 286 222 211 618 819 218 -403 -720 654 -782 -86 244 156 446 -720 -928 683 -356 -584 -5 -294 654 6 -685 -635 829 -938 -655 841 294 636 415 -290 542 -372 -127 628 -879 530 -613 416 310 494 -352 -478 -272 530 161 -16 -928 641 -768 -663 -204 946 -91 -423 96 276 989 -323 901 -155 -486 90 -759 443 -533 707 449 677 490 -17 13 191 -127 927 -154 945 780 705 920 339 -822 -671 736 324 -484 533 -603 428 564 -841 -462 -732 409 -904 819 -541 653 600 31 -79 360 -314 -285 -390 646 -281 -708 -365 284 218 -805 9 719 -112 -415 -366 -364 -390 -572 873 -26 -212 -998 608 -612 -632 -791 -386 272 381 -848 620 -539 926 -273 282 764 -520 -195 -161 -90 -39 185 -813 977 -337 471 222 -742 -137 -815 -175 184 -15 148 -813
-6 375 -647 711 622 461 -404 -68 -915 510 666 475 -424 -814 -307 936 -734 101 878 118 -948 -31 876 -323 -343 166 -529 142 273 -363 -786 877 -872 -853 -395 -584 -224 -7 -856 318 541 -539 125 -957 -953 -665 -281 -224 526 52 794 2 428 -289 909 367 40 -306 452 -17 -600 -105 -999 57 427 57 -552 370 656 -683 937 -880 335 460 237 266 -394 -934 -476 -287 291 846 -886 -927 -622 95 651 -21 -201 990 281 -263 -953 705 -620 398 -293 -515 446 309 -840 -393 69 994 -68 -352 -119 337 -64 635 -890 -73 990 824 901 684 849 -587 -928 836 643 431 75 -174 -144 977 -144 101 560 -488 -757 -155 584 529 402 -301 679 612 549 -342 2 -35 -132 369 -114 -842 -179 -128 28 -666 493 876 -616 -722 -518 -175 -187 265 -808 745 33 -270 -798 546 -967 147 -723 -247 -80 -780 -428 855 753 289 469 465 -174 -779 647 22 799 208 -96 532 -819 -730 328 -998 -763 -694 -144 250 427 -113 -35 30 -400 121 -282 702
-873 -690 -34 195 -929 194 -735 -918 -9 38 967 389 45 -884 -240 486 223 590 68 -703 -507 -713 -289 -164 552 434 590 -774 163 237 -15 -280 -813 755 658 715 -443 -550 -403 -809 832 -354 841 -432 411 -585 -425 369 -102 -507 892 488 -144 357 973 -792 -552 665 146 34 -148 -231 586 -126 -187 170 598 796 -743 506 940 -162 -583 -952 499 622 -539 398 182 -963 -664 270 -179 894 -979 -99 767 -632 -625 -316 606 -188 -221 -689 1 -246 25 27 -662 974 683 -926 190 -953 -519 -173 175 490 257 -645 22 702 -223 -613 -818 549 -295 -950 -829 -544 825 593 -667 -429 968 656 156 810 519 -400 -293 780 -740 971 423 -656 531 368 892 -529 106 771 129 644 810 -413 119 -494 -16 109 -327 -921 782 -429 717 613 821 -357 -197 -219 -623 -921 706 -707 139 -116 -894 324 527 957 -204 -359 799 139 -435 608 -694 -455 -272 814 -407 -232 -633 -667 -855 -41 -812 117 858 -554 154 557 -807 848 238 -678 845 869 -470 -768
-28 -458 -41 430 -951 95 -584 859 -318 608 -888 -562 -244 -324 -970 -886 -653 -730 724 -619 -424 -730 574 719 608 -245 -804 625 352 427 138 965 -655 996 -831 -706 -737 626 -769 898 149 -313 307 19 -988 833 754 -993 -101 450 248 661 -299 605 306 -772 -779 -594 -504 -296 644 -410 433 -942 -642 545 -977 -166 451 -491 -221 -752 756 775 -257 875 -130 -494 132 74 -490 -808 184 148 49 876 -393 -336 -985 637 -918 573 610 -582 -940 -77 162 247 -437 -741 -568 617 519 -202 906 202 -747 329 -914 216 592 202 -1 -940 884 -550 78 -423 -883 602 -553 -742 -825 323 -169 666 309 -44 -305 -926 635 -245 -529 425 -417 633 169 -705 150 -845 861 138 -148 971 532 -985 846 -875 413 -417 310 767 811 -690 384 305 -902 -910 995 797 -22 -468 -98 82 -212 445 88 -788 445 934 -542 -670 -854 -264 564 -186 -255 -645 -616 821 975 -931 702 631 16 546 98 708 -201 879 882 -822 -890 -945 577 -772 998 687 -261 -677
-522 154 -993 -801 649 -694 13 583 -295 -587 -33 531 407 114 -90 681 -445 6 804 -550 -440 219 60 622 -420 283 606 -985 231 -96 256 -125 909 973 -123 275 -747 836 -493 486 591 837 304 -542 704 -209 -606 -319 314 822 503 66 457 26 675 633 -400 -450 -837 -262 929 -101 -135 788 -851 -859 -257 300 -726 -114 -338 -229 855 621 666 -151 -424 748 -939 449 -75 -873 -958 742 26 182 -638 222 -148 31 636 314 450 -847 212 265 -451 -782 -416 -762 140 -918 -172 -805 191 827 -3 983 650 -616 -478 572 -402 -898 -592 -349 226 665 526 179 -937 -345 212 359 -966 -154 982 -677 242 -558 953 124 719 -68 166 -92 354 286 408 960 -965 -259 96 26 -993 -369 144 -234 960 207 97 -741 980 -884 416 -628 425 845 -646 744 -648 -264 -143 636 651 -789 -938 611 -737 266 -720 -979 557 994 747 -301 415 131 428 -935 464 825 -847 -311 -263 11 -185 -942 317 -707 310 -334 -66 525 -48 138 -453 -618 -22 878
288 -344 265 -600 -525 925 770 332 311 172 838 107 387 -485 -230 144 -3 -287 -42 689 375 -221 143 -274 804 690 183 556 -300 -119 -271 -74 453 -37 -372 429 -292 -368 313 865 -923 944 -15 363 -8 -35 644 -41 -706 -975 -389 -251 -216 559 204 -792 986 874 -235 -266 -91 39 672 148 -443 -366 -418 846 519 -824 -116 553 -656 820 813 -148 -636 373 -785 -403 524 -49 811 -684 -549 326 6 775 247 791 -23 -602 -892 837 -220 607 345 -196 -659 605 109 -117 -75 -784 379 -151 -977 -14 -447 -394 -550 626 -678 -641 -275 607 -212 -1000 982 -999 -869 -885 232 -713 -696 -318 336 -512 395 15 406 -526 -600 -459 -896 -715 929 262 -524 831 -847 784 468 -682 -886 824 -128 -759 241 -688 -936 278 -215 -883 870 -894 179 -559 -269 -397 -782 -971 -471 236 76 -66 -100 230 -367 484 -964 -368 -697 66 -228 -709 940 397 -632 327 675 -895 -619 -456 -536 -527 606 -249 531 525 846 868 -864 -225 -743 145 -452 -910 154 175
73 -519 913 656 -919 198 -893 -666 633 524 958 490 -278 616 -751 958 375 519 526 -449 1 -835 196 -768 207 -436 878 191 428 616 -644 263 -491 845 774 786 -341 -736 381 419 111 -81 -60 -453 -895 -894 673 972 60 -121 908 -17 -459 -612 -227 -295 800 -852 -911 -252 -40 -752 251 -762 328 397 417 -126 -615 453 -785 142 884 507 850 186 -481 725 962 480 -194 -378 -686 695 16 -833 -118 148 -404 -6 -762 523 669 719 39 395 58 -482 -808 584 -571 110 424 182 820 -303 482 407 -747 -493 903 -782 -678 -940 865 474 -286 847 465 -760 -549 -851 -894 926 -24 500 920 -40 -565 669 -286 807 206 -800 151 -747 -372 -915 -284 151 755 -730 -485 936 -763 25 5 973 386 593 -746 624 -637 -580 851 569 539 797 -200 118 -802 -204 404 533 469 991 876 -946 -356 181 528 11 -53 -62 -908 756 -38 872 820 721 -479 -261 -832 -832 918 490 169 -805 -155 -769 -834 -367 -284 578 -831 -588 -476 -190 33 678
192 -661 -474 -134 -97 345 889 -708 -166 198 -491 -95 791 800 892 -927 -862 -740 -173 287 840 -908 495 716 -542 -365 -538 -174 -232 -614 -155 -315 -592 313 -455 210 -546 -648 -979 380 -377 -633 200 -858 394 -658 269 504 825 96 -529 -249 -86 41 -213 913 -987 45 -15 483 -509 829 905 -7 231 -967 -88 -717 -297 602 760 -775 61 610 -662 233 541 93 876 28 -220 135 171 -687 -422 616 148 332 -78 396 395 184 -378 -901 -489 536 385 -929 -130 457 -719 54 532 -611 478 87 477 855 887 309 278 703 -363 -907 404 204 -395 -205 -389 -976 292 -633 -789 274 595 -852 -686 691 873 -409 389 -523 -158 -322 781 -738 101 954 511 -575 -997 863 -44 761 -313 173 -27 -764 385 577 811 -699 -889 411 74 262 63 -615 375 -228 716 155 891 -347 -703 -303 -702 -296 -916 -813 764 -794 432 290 -493 -919 -916 90 -84 328 739 691 734 -416 145 -507 898 -712 -621 107 -566 892 505 -36 -95 541 96 962 -807 -319
469 969 -184 -358 817 636 -749 794 63 -980 562 -388 -380 -907 -775 451 558 -287 -327 -344 -815 93 697 365 671 277 321 896 198 769 -762 -441 98 738 -575 879 359 -43 -153 -168 -227 -537 426 -577 -361 186 229 269 -194 649 -295 -146 639 387 88 -580 -203 -503 -56 163 281 -254 -804 724 289 749 333 473 585 -712 776 -919 10 -970 -788 726 965 415 -741 -388 -217 -616 842 977 726 -558 -27 -926 -119 570 -508 790 399 220 633 975 -709 -155 627 -838 -298 683 437 -178 535 -788 -383 449 -119 -779 -265 -505 -69 944 507 -601 -148 -467 654 -854 910 -67 -601 -112 -60 627 848 -642 334 -964 349 -350 846 -291 743 -745 517 -37 -142 536 -996 714 -560 366 853 -986 197 -60 595 581 607 667 618 -720 -923 943 -849 -880 -49 -782 -882 461 292 550 -70 -949 -92 -846 276 414 -515 -789 276 -401 -349 -896 -812 532 308 -383 -810 832 -209 668 -200 -896 -383 -660 329 957 -509 -929 897 7 -742 -11 -110 -902 -136 711
990 334 327 -728 -393 -329 848 -791 -523 -171 -777 -170 935 -740 473 -878 -427 -992 -754 -848 -297 -166 -968 -53 -20 -365 620 -727 -338 -428 -614 883 957 -57 721 -896 -146 -401 797 -52 986 -973 603 331 -219 322 -649 -391 -317 -176 182 -455 -866 153 856 -191 -243 968 442 41 -867 -102 973 -579 928 -780 -404 -187 -584 -203 -17 833 816 71 -784 -255 40 -401 -226 -196 305 378 -187 -297 -128 392 532 87 33 131 308 -76 -482 -210 128 -763 -868 850 -133 -504 902 245 -892 785 -786 -742 -871 24 -240 -721 694 -556 -665 -146 694 -941 -51 407 201 -781 645 -630 -618 96 -598 236 639 -697 -613 121 836 -734 929 986 -3 -219 482 193 481 218 -305 -681 -44 778 193 50 -166 997 617 -10 598 649 46 815 77 143 430 -741 -379 60 -978 775 179 850 523 -982 326 7 475 773 -405 -149 -957 -407 -307 -918 -668 980 337 -844 12 -455 -488 -625 581 -890 887 489 -9 696 185 480 -583 6 -935 -435 -846 600 -948 1
927 945 -198 321 697 371 -469 -318 198 218 921 449 -358 -336 -32 -605 -315 823 242 -603 -488 229 496 -793 -433 -319 776 247 194 -699 79 59 384 696 -920 62 562 -976 -484 860 -12 229 -405 -126 187 388 -442 -455 -533 -255 437 506 296 106 768 741 662 533 -414 10 235 323 30 6 -555 -358 -212 -525 480 -112 -521 -228 -978 560 -447 482 918 -818 -606 187 -463 325 26 -691 -220 621 -580 50 -188 -309 -168 -355 693 -143 -693 251 543 -105 925 346 -396 61 541 -66 -529 340 942 969 787 854 492 -72 -396 -122 -780 319 -577 -563 -163 992 774 -352 577 -176 367 -840 193 -452 897 888 -965 297 -917 -211 -24 -490 -616 926 511 -489 679 -411 301 -677 38 14 889 -971 451 406 -261 -644 868 715 -148 -20 -160 257 -457 -960 -382 -772 -984 -653 -495 -605 -937 -103 -136 911 -241 918 878 -538 907 471 425 -763 200 104 -147 -628 587 562 874 896 -485 139 26 930 -35 -111 -523 416 -361 -640 380 -168 146 846
823 -848 422 -201 -830 -874 -94 17 194 -116 -814 143 191 -317 349 -347 -809 185 -65 -868 -78 999 -26 -81 -891 365 -922 -782 120 799 17 -440 -218 868 -406 -188 -144 667 136 851 -775 10 -894 713 903 -819 -828 981 228 740 375 627 -295 278 -459 76 746 -550 -158 933 -694 294 129 99 932 -787 -166 54 -92 -732 -261 -440 182 867 717 -767 830 -783 -11 553 344 -209 206 -415 294 -532 654 662 -425 -131 513 736 541 639 423 459 -101 769 90 -212 148 -215 -829 616 731 357 623 731 24 -942 -476 570 -102 -706 625 -903 -452 16 834 -607 191 -63 218 16 -804 344 209 414 953 -84 241 -695 -615 -882 -593 963 916 144 -133 -579 -837 379 139 -73 -685 810 444 -191 -640 -586 -340 -556 50 -465 -171 -216 -864 -469 597 83 -129 -126 792 -74 -527 -559 -263 -80 -31 -812 576 -933 -221 -810 -845 532 883 -329 889 325 -185 -481 401 686 -898 -554 461 -848 932 -726 -56 74 309 272 941 237 820 122 773 -530
607 -454 426 -882 -271 681 537 -234 124 90 -612 57 11 -492 385 790 -133 156 -312 -779 184 -706 -829 -844 543 -396 956 661 -551 -630 -319 -453 403 -994 -359 -22 -643 762 655 -256 776 126 -252 -56 849 -549 738 271 -89 282 285 -790 -273 172 -984 -14 -347 -349 86 907 440 808 686 154 -653 898 587 -110 -591 -191 -48 344 -788 -398 150 -875 227 292 675 703 638 865 582 121 -543 430 -854 -361 793 476 -411 -549 -517 -294 -108 -404 987 85 611 242 -426 123 152 -118 -429 989 996 -698 -566 -918 894 421 872 156 53 -730 -754 234 462 468 846 869 -844 -643 -419 993 680 -466 -675 -963 861 62 -632 -182 683 96 75 219 177 -740 -708 811 158 274 203 529 824 -964 990 -33 -412 -421 987 -290 700 861 -996 764 458 329 -576 -626 -268 990 -296 -404 -850 640 -60 786 786 -591 105 999 529 -417 251 -25 -94 -717 -467 -293 -797 -439 -315 771 -277 508 44 33 -370 -405 718 606 -618 -436 68 215 921 98